object_type,object_id,result_id,algorithm_id,run_id,dataset_id,phase_key,status,experiment_domain,actual_execution_class,graph_policy,graph_fingerprint,benchmark_contract_id,benchmark_mask_bank_id,current_experiment_id,suggested_experiment_id,user_approved_experiment_id,reason
result,ae35f14b-8c5c-439d-93a7-91b5facdd1d6,ae35f14b-8c5c-439d-93a7-91b5facdd1d6,stgcn,97611198-e44f-4f53-b1bb-205b804cb406,fa9c7108-176e-4c68-840d-6acf3a3e59e4,test,COMPLETED,spatiotemporal,spatiotemporal,grid_4n_v1,sha256:ff68c2f545d16f90d1e3b4a9b00305d1b291b92f29d9cd1557f2a1e30e9bd432,b7071efa-15b0-4e8e-a7f8-9a33705587bf,92206edb-a799-436d-8f63-8c08fe715753,,exp_st,exp_st,st_predicate_match:algorithm+graph_or_domain
result,f7deb245-48e2-4f26-a0d1-bb517cbf8550,f7deb245-48e2-4f26-a0d1-bb517cbf8550,stgcn,97611198-e44f-4f53-b1bb-205b804cb406,fa9c7108-176e-4c68-840d-6acf3a3e59e4,test,COMPLETED,spatiotemporal,spatiotemporal,grid_4n_v1,sha256:ff68c2f545d16f90d1e3b4a9b00305d1b291b92f29d9cd1557f2a1e30e9bd432,b7071efa-15b0-4e8e-a7f8-9a33705587bf,92206edb-a799-436d-8f63-8c08fe715753,,exp_st,exp_st,st_predicate_match:algorithm+graph_or_domain
result,a65b8c8c-4cce-4f1e-9b2d-714b8b7318d4,a65b8c8c-4cce-4f1e-9b2d-714b8b7318d4,stgcn,97611198-e44f-4f53-b1bb-205b804cb406,fa9c7108-176e-4c68-840d-6acf3a3e59e4,test,COMPLETED,spatiotemporal,spatiotemporal,grid_4n_v1,sha256:ff68c2f545d16f90d1e3b4a9b00305d1b291b92f29d9cd1557f2a1e30e9bd432,b7071efa-15b0-4e8e-a7f8-9a33705587bf,92206edb-a799-436d-8f63-8c08fe715753,,exp_st,exp_st,st_predicate_match:algorithm+graph_or_domain
result,b488fd54-0fb6-4908-9eea-11450b4ab04d,b488fd54-0fb6-4908-9eea-11450b4ab04d,stgcn,97611198-e44f-4f53-b1bb-205b804cb406,fa9c7108-176e-4c68-840d-6acf3a3e59e4,test,COMPLETED,spatiotemporal,spatiotemporal,grid_4n_v1,sha256:ff68c2f545d16f90d1e3b4a9b00305d1b291b92f29d9cd1557f2a1e30e9bd432,b7071efa-15b0-4e8e-a7f8-9a33705587bf,92206edb-a799-436d-8f63-8c08fe715753,,exp_st,exp_st,st_predicate_match:algorithm+graph_or_domain
result,bc2997a3-1266-4952-8179-73d33c0bfdbe,bc2997a3-1266-4952-8179-73d33c0bfdbe,stgcn,97611198-e44f-4f53-b1bb-205b804cb406,fa9c7108-176e-4c68-840d-6acf3a3e59e4,test,COMPLETED,spatiotemporal,spatiotemporal,grid_4n_v1,sha256:ff68c2f545d16f90d1e3b4a9b00305d1b291b92f29d9cd1557f2a1e30e9bd432,b7071efa-15b0-4e8e-a7f8-9a33705587bf,92206edb-a799-436d-8f63-8c08fe715753,,exp_st,exp_st,st_predicate_match:algorithm+graph_or_domain
result,36dfa7be-a215-401d-a623-a0ccc246926c,36dfa7be-a215-401d-a623-a0ccc246926c,stgcn,0a925817-a424-497f-ba1c-76f40e3542bc,fa9c7108-176e-4c68-840d-6acf3a3e59e4,test,COMPLETED,spatiotemporal,spatiotemporal,grid_4n_v1,sha256:ff68c2f545d16f90d1e3b4a9b00305d1b291b92f29d9cd1557f2a1e30e9bd432,48cd32ea-da71-4ce0-8433-51c01ee1f4fb,187f5c93-de6b-4c10-b9d1-21aa2dacebd1,,exp_st,exp_st,st_predicate_match:algorithm+graph_or_domain
result,250ba375-3547-4f9f-8efa-dc62a163dd2e,250ba375-3547-4f9f-8efa-dc62a163dd2e,stgcn,0a925817-a424-497f-ba1c-76f40e3542bc,fa9c7108-176e-4c68-840d-6acf3a3e59e4,test,COMPLETED,spatiotemporal,spatiotemporal,grid_4n_v1,sha256:ff68c2f545d16f90d1e3b4a9b00305d1b291b92f29d9cd1557f2a1e30e9bd432,48cd32ea-da71-4ce0-8433-51c01ee1f4fb,187f5c93-de6b-4c10-b9d1-21aa2dacebd1,,exp_st,exp_st,st_predicate_match:algorithm+graph_or_domain
result,cb2eb311-d6e7-414f-981e-737f396579c5,cb2eb311-d6e7-414f-981e-737f396579c5,stgcn,0a925817-a424-497f-ba1c-76f40e3542bc,fa9c7108-176e-4c68-840d-6acf3a3e59e4,test,COMPLETED,spatiotemporal,spatiotemporal,grid_4n_v1,sha256:ff68c2f545d16f90d1e3b4a9b00305d1b291b92f29d9cd1557f2a1e30e9bd432,48cd32ea-da71-4ce0-8433-51c01ee1f4fb,187f5c93-de6b-4c10-b9d1-21aa2dacebd1,,exp_st,exp_st,st_predicate_match:algorithm+graph_or_domain
result,212bb572-8c39-471b-a4db-e1c07e4242bf,212bb572-8c39-471b-a4db-e1c07e4242bf,stgcn,0a925817-a424-497f-ba1c-76f40e3542bc,fa9c7108-176e-4c68-840d-6acf3a3e59e4,test,COMPLETED,spatiotemporal,spatiotemporal,grid_4n_v1,sha256:ff68c2f545d16f90d1e3b4a9b00305d1b291b92f29d9cd1557f2a1e30e9bd432,48cd32ea-da71-4ce0-8433-51c01ee1f4fb,187f5c93-de6b-4c10-b9d1-21aa2dacebd1,,exp_st,exp_st,st_predicate_match:algorithm+graph_or_domain
result,9d4117a3-3f51-47b0-8c48-7ac6c58ff5de,9d4117a3-3f51-47b0-8c48-7ac6c58ff5de,stgcn,0a925817-a424-497f-ba1c-76f40e3542bc,fa9c7108-176e-4c68-840d-6acf3a3e59e4,test,COMPLETED,spatiotemporal,spatiotemporal,grid_4n_v1,sha256:ff68c2f545d16f90d1e3b4a9b00305d1b291b92f29d9cd1557f2a1e30e9bd432,48cd32ea-da71-4ce0-8433-51c01ee1f4fb,187f5c93-de6b-4c10-b9d1-21aa2dacebd1,,exp_st,exp_st,st_predicate_match:algorithm+graph_or_domain
result,fadad062-6c98-4629-92c1-a39ca6ed9302,fadad062-6c98-4629-92c1-a39ca6ed9302,stgcn,c4a2ea41-6e16-492b-9091-8f45a9575bd4,fa9c7108-176e-4c68-840d-6acf3a3e59e4,test,COMPLETED,spatiotemporal,spatiotemporal,grid_4n_v1,sha256:ff68c2f545d16f90d1e3b4a9b00305d1b291b92f29d9cd1557f2a1e30e9bd432,5a345f47-e01d-4f0a-a9a1-bf051f02c659,ab272862-a6c1-4906-86f6-94c150844aee,,exp_st,exp_st,st_predicate_match:algorithm+graph_or_domain
result,f8756d5d-c728-44ab-bf9e-c553882f68de,f8756d5d-c728-44ab-bf9e-c553882f68de,stgcn,c4a2ea41-6e16-492b-9091-8f45a9575bd4,fa9c7108-176e-4c68-840d-6acf3a3e59e4,test,COMPLETED,spatiotemporal,spatiotemporal,grid_4n_v1,sha256:ff68c2f545d16f90d1e3b4a9b00305d1b291b92f29d9cd1557f2a1e30e9bd432,5a345f47-e01d-4f0a-a9a1-bf051f02c659,ab272862-a6c1-4906-86f6-94c150844aee,,exp_st,exp_st,st_predicate_match:algorithm+graph_or_domain
result,006624e3-fa0d-4637-a2eb-b6cf3e03bc1d,006624e3-fa0d-4637-a2eb-b6cf3e03bc1d,stgcn,c4a2ea41-6e16-492b-9091-8f45a9575bd4,fa9c7108-176e-4c68-840d-6acf3a3e59e4,test,COMPLETED,spatiotemporal,spatiotemporal,grid_4n_v1,sha256:ff68c2f545d16f90d1e3b4a9b00305d1b291b92f29d9cd1557f2a1e30e9bd432,5a345f47-e01d-4f0a-a9a1-bf051f02c659,ab272862-a6c1-4906-86f6-94c150844aee,,exp_st,exp_st,st_predicate_match:algorithm+graph_or_domain
result,faee1a4f-bea6-4cc2-a1f8-eb86fd88a9fd,faee1a4f-bea6-4cc2-a1f8-eb86fd88a9fd,stgcn,c4a2ea41-6e16-492b-9091-8f45a9575bd4,fa9c7108-176e-4c68-840d-6acf3a3e59e4,test,COMPLETED,spatiotemporal,spatiotemporal,grid_4n_v1,sha256:ff68c2f545d16f90d1e3b4a9b00305d1b291b92f29d9cd1557f2a1e30e9bd432,5a345f47-e01d-4f0a-a9a1-bf051f02c659,ab272862-a6c1-4906-86f6-94c150844aee,,exp_st,exp_st,st_predicate_match:algorithm+graph_or_domain
result,a05bc9fa-315c-4b8d-bcf7-01918c95f3d7,a05bc9fa-315c-4b8d-bcf7-01918c95f3d7,stgcn,c4a2ea41-6e16-492b-9091-8f45a9575bd4,fa9c7108-176e-4c68-840d-6acf3a3e59e4,test,COMPLETED,spatiotemporal,spatiotemporal,grid_4n_v1,sha256:ff68c2f545d16f90d1e3b4a9b00305d1b291b92f29d9cd1557f2a1e30e9bd432,5a345f47-e01d-4f0a-a9a1-bf051f02c659,ab272862-a6c1-4906-86f6-94c150844aee,,exp_st,exp_st,st_predicate_match:algorithm+graph_or_domain
result,4d0770d8-11e8-4ff3-88f1-c6bdfad243ec,4d0770d8-11e8-4ff3-88f1-c6bdfad243ec,stgcn,8bcb7a3d-4208-40bc-8ca7-a5badf4f3fac,fa9c7108-176e-4c68-840d-6acf3a3e59e4,test,COMPLETED,spatiotemporal,spatiotemporal,grid_4n_v1,sha256:ff68c2f545d16f90d1e3b4a9b00305d1b291b92f29d9cd1557f2a1e30e9bd432,a07fc937-415a-4734-abb6-dae4b50cab68,c94df2be-b327-4cd2-bd90-7a5b00610aad,,exp_st,exp_st,st_predicate_match:algorithm+graph_or_domain
result,3755b64e-a4dd-4888-88f4-3f54be4d7b1d,3755b64e-a4dd-4888-88f4-3f54be4d7b1d,stgcn,8bcb7a3d-4208-40bc-8ca7-a5badf4f3fac,fa9c7108-176e-4c68-840d-6acf3a3e59e4,test,COMPLETED,spatiotemporal,spatiotemporal,grid_4n_v1,sha256:ff68c2f545d16f90d1e3b4a9b00305d1b291b92f29d9cd1557f2a1e30e9bd432,a07fc937-415a-4734-abb6-dae4b50cab68,c94df2be-b327-4cd2-bd90-7a5b00610aad,,exp_st,exp_st,st_predicate_match:algorithm+graph_or_domain
result,abb2df46-3186-4708-adf1-86653dea18d5,abb2df46-3186-4708-adf1-86653dea18d5,stgcn,8bcb7a3d-4208-40bc-8ca7-a5badf4f3fac,fa9c7108-176e-4c68-840d-6acf3a3e59e4,test,COMPLETED,spatiotemporal,spatiotemporal,grid_4n_v1,sha256:ff68c2f545d16f90d1e3b4a9b00305d1b291b92f29d9cd1557f2a1e30e9bd432,a07fc937-415a-4734-abb6-dae4b50cab68,c94df2be-b327-4cd2-bd90-7a5b00610aad,,exp_st,exp_st,st_predicate_match:algorithm+graph_or_domain
result,8ed14e72-40bb-412c-8912-b9b101ea7cdb,8ed14e72-40bb-412c-8912-b9b101ea7cdb,stgcn,8bcb7a3d-4208-40bc-8ca7-a5badf4f3fac,fa9c7108-176e-4c68-840d-6acf3a3e59e4,test,COMPLETED,spatiotemporal,spatiotemporal,grid_4n_v1,sha256:ff68c2f545d16f90d1e3b4a9b00305d1b291b92f29d9cd1557f2a1e30e9bd432,a07fc937-415a-4734-abb6-dae4b50cab68,c94df2be-b327-4cd2-bd90-7a5b00610aad,,exp_st,exp_st,st_predicate_match:algorithm+graph_or_domain
result,181c35f0-3036-47ff-80b3-4be2c73dd5e5,181c35f0-3036-47ff-80b3-4be2c73dd5e5,stgcn,8bcb7a3d-4208-40bc-8ca7-a5badf4f3fac,fa9c7108-176e-4c68-840d-6acf3a3e59e4,test,COMPLETED,spatiotemporal,spatiotemporal,grid_4n_v1,sha256:ff68c2f545d16f90d1e3b4a9b00305d1b291b92f29d9cd1557f2a1e30e9bd432,a07fc937-415a-4734-abb6-dae4b50cab68,c94df2be-b327-4cd2-bd90-7a5b00610aad,,exp_st,exp_st,st_predicate_match:algorithm+graph_or_domain
result,53c7be02-eec6-4f22-b082-ed41d21cf932,53c7be02-eec6-4f22-b082-ed41d21cf932,stgcn,3ef2f036-a2c3-427c-ad4d-d5f3d3022aeb,fa9c7108-176e-4c68-840d-6acf3a3e59e4,test,COMPLETED,spatiotemporal,spatiotemporal,grid_4n_v1,sha256:ff68c2f545d16f90d1e3b4a9b00305d1b291b92f29d9cd1557f2a1e30e9bd432,6b11c265-a769-43e0-a7d4-4f3b87505a0d,dfe01aad-97ad-4621-b1f8-adcebd13c6f9,,exp_st,exp_st,st_predicate_match:algorithm+graph_or_domain
result,537de68e-b8ef-4fb4-9382-4f74d83b5c5f,537de68e-b8ef-4fb4-9382-4f74d83b5c5f,stgcn,3ef2f036-a2c3-427c-ad4d-d5f3d3022aeb,fa9c7108-176e-4c68-840d-6acf3a3e59e4,test,COMPLETED,spatiotemporal,spatiotemporal,grid_4n_v1,sha256:ff68c2f545d16f90d1e3b4a9b00305d1b291b92f29d9cd1557f2a1e30e9bd432,6b11c265-a769-43e0-a7d4-4f3b87505a0d,dfe01aad-97ad-4621-b1f8-adcebd13c6f9,,exp_st,exp_st,st_predicate_match:algorithm+graph_or_domain
result,c55ddbd1-71b0-40d4-ae3d-2dc382b280e6,c55ddbd1-71b0-40d4-ae3d-2dc382b280e6,stgcn,3ef2f036-a2c3-427c-ad4d-d5f3d3022aeb,fa9c7108-176e-4c68-840d-6acf3a3e59e4,test,COMPLETED,spatiotemporal,spatiotemporal,grid_4n_v1,sha256:ff68c2f545d16f90d1e3b4a9b00305d1b291b92f29d9cd1557f2a1e30e9bd432,6b11c265-a769-43e0-a7d4-4f3b87505a0d,dfe01aad-97ad-4621-b1f8-adcebd13c6f9,,exp_st,exp_st,st_predicate_match:algorithm+graph_or_domain
result,aa4823bb-0574-482f-b417-b051e77fdf8d,aa4823bb-0574-482f-b417-b051e77fdf8d,stgcn,3ef2f036-a2c3-427c-ad4d-d5f3d3022aeb,fa9c7108-176e-4c68-840d-6acf3a3e59e4,test,COMPLETED,spatiotemporal,spatiotemporal,grid_4n_v1,sha256:ff68c2f545d16f90d1e3b4a9b00305d1b291b92f29d9cd1557f2a1e30e9bd432,6b11c265-a769-43e0-a7d4-4f3b87505a0d,dfe01aad-97ad-4621-b1f8-adcebd13c6f9,,exp_st,exp_st,st_predicate_match:algorithm+graph_or_domain
result,393c461c-0bad-49be-b58f-b5d0c9f8264a,393c461c-0bad-49be-b58f-b5d0c9f8264a,stgcn,3ef2f036-a2c3-427c-ad4d-d5f3d3022aeb,fa9c7108-176e-4c68-840d-6acf3a3e59e4,test,COMPLETED,spatiotemporal,spatiotemporal,grid_4n_v1,sha256:ff68c2f545d16f90d1e3b4a9b00305d1b291b92f29d9cd1557f2a1e30e9bd432,6b11c265-a769-43e0-a7d4-4f3b87505a0d,dfe01aad-97ad-4621-b1f8-adcebd13c6f9,,exp_st,exp_st,st_predicate_match:algorithm+graph_or_domain
result,5a0d79f5-1164-4ccf-b858-9adae87c6119,5a0d79f5-1164-4ccf-b858-9adae87c6119,stgcn,52a8fbd8-e2e8-4cee-afa8-1758ffd7c19f,fa9c7108-176e-4c68-840d-6acf3a3e59e4,test,COMPLETED,spatiotemporal,spatiotemporal,grid_4n_v1,sha256:ff68c2f545d16f90d1e3b4a9b00305d1b291b92f29d9cd1557f2a1e30e9bd432,4e000b92-531f-4ea8-9366-69a915c66c35,21cf7f87-c4d4-4ae4-80f1-07ec03758216,,exp_st,exp_st,st_predicate_match:algorithm+graph_or_domain
result,216722d7-81bd-44e2-bd14-487b6e5a16c5,216722d7-81bd-44e2-bd14-487b6e5a16c5,stgcn,52a8fbd8-e2e8-4cee-afa8-1758ffd7c19f,fa9c7108-176e-4c68-840d-6acf3a3e59e4,test,COMPLETED,spatiotemporal,spatiotemporal,grid_4n_v1,sha256:ff68c2f545d16f90d1e3b4a9b00305d1b291b92f29d9cd1557f2a1e30e9bd432,4e000b92-531f-4ea8-9366-69a915c66c35,21cf7f87-c4d4-4ae4-80f1-07ec03758216,,exp_st,exp_st,st_predicate_match:algorithm+graph_or_domain
result,98e95287-229c-4b28-889a-c57a9f9cab7b,98e95287-229c-4b28-889a-c57a9f9cab7b,stgcn,52a8fbd8-e2e8-4cee-afa8-1758ffd7c19f,fa9c7108-176e-4c68-840d-6acf3a3e59e4,test,COMPLETED,spatiotemporal,spatiotemporal,grid_4n_v1,sha256:ff68c2f545d16f90d1e3b4a9b00305d1b291b92f29d9cd1557f2a1e30e9bd432,4e000b92-531f-4ea8-9366-69a915c66c35,21cf7f87-c4d4-4ae4-80f1-07ec03758216,,exp_st,exp_st,st_predicate_match:algorithm+graph_or_domain
result,a49a93bb-9ab9-4bac-a0c7-077d4623ea70,a49a93bb-9ab9-4bac-a0c7-077d4623ea70,stgcn,52a8fbd8-e2e8-4cee-afa8-1758ffd7c19f,fa9c7108-176e-4c68-840d-6acf3a3e59e4,test,COMPLETED,spatiotemporal,spatiotemporal,grid_4n_v1,sha256:ff68c2f545d16f90d1e3b4a9b00305d1b291b92f29d9cd1557f2a1e30e9bd432,4e000b92-531f-4ea8-9366-69a915c66c35,21cf7f87-c4d4-4ae4-80f1-07ec03758216,,exp_st,exp_st,st_predicate_match:algorithm+graph_or_domain
result,3e9e4f5c-872b-42be-ac78-b69ee6dd9ac9,3e9e4f5c-872b-42be-ac78-b69ee6dd9ac9,stgcn,52a8fbd8-e2e8-4cee-afa8-1758ffd7c19f,fa9c7108-176e-4c68-840d-6acf3a3e59e4,test,COMPLETED,spatiotemporal,spatiotemporal,grid_4n_v1,sha256:ff68c2f545d16f90d1e3b4a9b00305d1b291b92f29d9cd1557f2a1e30e9bd432,4e000b92-531f-4ea8-9366-69a915c66c35,21cf7f87-c4d4-4ae4-80f1-07ec03758216,,exp_st,exp_st,st_predicate_match:algorithm+graph_or_domain
result,580f6e1f-1105-4183-9e51-edc2310aa745,580f6e1f-1105-4183-9e51-edc2310aa745,grin,b5c9e02f-81e0-43b9-b3a3-1968dc1f595c,fa9c7108-176e-4c68-840d-6acf3a3e59e4,test,COMPLETED,spatiotemporal,spatiotemporal,grid_4n_v1,sha256:ff68c2f545d16f90d1e3b4a9b00305d1b291b92f29d9cd1557f2a1e30e9bd432,b7071efa-15b0-4e8e-a7f8-9a33705587bf,92206edb-a799-436d-8f63-8c08fe715753,,exp_st,exp_st,st_predicate_match:algorithm+graph_or_domain
result,d50bec30-7bf5-4399-a3cb-49fc1177d5cb,d50bec30-7bf5-4399-a3cb-49fc1177d5cb,grin,b5c9e02f-81e0-43b9-b3a3-1968dc1f595c,fa9c7108-176e-4c68-840d-6acf3a3e59e4,test,COMPLETED,spatiotemporal,spatiotemporal,grid_4n_v1,sha256:ff68c2f545d16f90d1e3b4a9b00305d1b291b92f29d9cd1557f2a1e30e9bd432,b7071efa-15b0-4e8e-a7f8-9a33705587bf,92206edb-a799-436d-8f63-8c08fe715753,,exp_st,exp_st,st_predicate_match:algorithm+graph_or_domain
result,79f269d5-7ae3-4210-8517-6b4332a38458,79f269d5-7ae3-4210-8517-6b4332a38458,grin,b5c9e02f-81e0-43b9-b3a3-1968dc1f595c,fa9c7108-176e-4c68-840d-6acf3a3e59e4,test,COMPLETED,spatiotemporal,spatiotemporal,grid_4n_v1,sha256:ff68c2f545d16f90d1e3b4a9b00305d1b291b92f29d9cd1557f2a1e30e9bd432,b7071efa-15b0-4e8e-a7f8-9a33705587bf,92206edb-a799-436d-8f63-8c08fe715753,,exp_st,exp_st,st_predicate_match:algorithm+graph_or_domain
result,5367830f-7052-495c-a0a7-25a77206a8fd,5367830f-7052-495c-a0a7-25a77206a8fd,grin,b5c9e02f-81e0-43b9-b3a3-1968dc1f595c,fa9c7108-176e-4c68-840d-6acf3a3e59e4,test,COMPLETED,spatiotemporal,spatiotemporal,grid_4n_v1,sha256:ff68c2f545d16f90d1e3b4a9b00305d1b291b92f29d9cd1557f2a1e30e9bd432,b7071efa-15b0-4e8e-a7f8-9a33705587bf,92206edb-a799-436d-8f63-8c08fe715753,,exp_st,exp_st,st_predicate_match:algorithm+graph_or_domain
result,73107f3c-b1aa-43e9-b8c5-86e0919494d7,73107f3c-b1aa-43e9-b8c5-86e0919494d7,grin,b5c9e02f-81e0-43b9-b3a3-1968dc1f595c,fa9c7108-176e-4c68-840d-6acf3a3e59e4,test,COMPLETED,spatiotemporal,spatiotemporal,grid_4n_v1,sha256:ff68c2f545d16f90d1e3b4a9b00305d1b291b92f29d9cd1557f2a1e30e9bd432,b7071efa-15b0-4e8e-a7f8-9a33705587bf,92206edb-a799-436d-8f63-8c08fe715753,,exp_st,exp_st,st_predicate_match:algorithm+graph_or_domain
result,1aa3da0e-f878-4141-a7d1-0b1a0712ce36,1aa3da0e-f878-4141-a7d1-0b1a0712ce36,grin,3ed2c6ff-e508-4093-972a-0315503f577a,fa9c7108-176e-4c68-840d-6acf3a3e59e4,test,COMPLETED,spatiotemporal,spatiotemporal,grid_4n_v1,sha256:ff68c2f545d16f90d1e3b4a9b00305d1b291b92f29d9cd1557f2a1e30e9bd432,48cd32ea-da71-4ce0-8433-51c01ee1f4fb,187f5c93-de6b-4c10-b9d1-21aa2dacebd1,,exp_st,exp_st,st_predicate_match:algorithm+graph_or_domain
result,fa962b61-a9f0-445e-9f22-44439eba0c8e,fa962b61-a9f0-445e-9f22-44439eba0c8e,grin,3ed2c6ff-e508-4093-972a-0315503f577a,fa9c7108-176e-4c68-840d-6acf3a3e59e4,test,COMPLETED,spatiotemporal,spatiotemporal,grid_4n_v1,sha256:ff68c2f545d16f90d1e3b4a9b00305d1b291b92f29d9cd1557f2a1e30e9bd432,48cd32ea-da71-4ce0-8433-51c01ee1f4fb,187f5c93-de6b-4c10-b9d1-21aa2dacebd1,,exp_st,exp_st,st_predicate_match:algorithm+graph_or_domain
result,65b5b484-9ff2-448c-a158-a590cae3f82a,65b5b484-9ff2-448c-a158-a590cae3f82a,grin,3ed2c6ff-e508-4093-972a-0315503f577a,fa9c7108-176e-4c68-840d-6acf3a3e59e4,test,COMPLETED,spatiotemporal,spatiotemporal,grid_4n_v1,sha256:ff68c2f545d16f90d1e3b4a9b00305d1b291b92f29d9cd1557f2a1e30e9bd432,48cd32ea-da71-4ce0-8433-51c01ee1f4fb,187f5c93-de6b-4c10-b9d1-21aa2dacebd1,,exp_st,exp_st,st_predicate_match:algorithm+graph_or_domain
result,dcefa2cd-9366-4c27-bee0-fa4726a1604e,dcefa2cd-9366-4c27-bee0-fa4726a1604e,grin,3ed2c6ff-e508-4093-972a-0315503f577a,fa9c7108-176e-4c68-840d-6acf3a3e59e4,test,COMPLETED,spatiotemporal,spatiotemporal,grid_4n_v1,sha256:ff68c2f545d16f90d1e3b4a9b00305d1b291b92f29d9cd1557f2a1e30e9bd432,48cd32ea-da71-4ce0-8433-51c01ee1f4fb,187f5c93-de6b-4c10-b9d1-21aa2dacebd1,,exp_st,exp_st,st_predicate_match:algorithm+graph_or_domain
result,5d649dbb-b09f-4953-a4c7-0d9439299abd,5d649dbb-b09f-4953-a4c7-0d9439299abd,grin,3ed2c6ff-e508-4093-972a-0315503f577a,fa9c7108-176e-4c68-840d-6acf3a3e59e4,test,COMPLETED,spatiotemporal,spatiotemporal,grid_4n_v1,sha256:ff68c2f545d16f90d1e3b4a9b00305d1b291b92f29d9cd1557f2a1e30e9bd432,48cd32ea-da71-4ce0-8433-51c01ee1f4fb,187f5c93-de6b-4c10-b9d1-21aa2dacebd1,,exp_st,exp_st,st_predicate_match:algorithm+graph_or_domain
result,79020b31-ed5a-4c83-97e5-19d62e73e17b,79020b31-ed5a-4c83-97e5-19d62e73e17b,grin,079662e8-f596-40ee-ad19-d436053c6029,fa9c7108-176e-4c68-840d-6acf3a3e59e4,test,COMPLETED,spatiotemporal,spatiotemporal,grid_4n_v1,sha256:ff68c2f545d16f90d1e3b4a9b00305d1b291b92f29d9cd1557f2a1e30e9bd432,5a345f47-e01d-4f0a-a9a1-bf051f02c659,ab272862-a6c1-4906-86f6-94c150844aee,,exp_st,exp_st,st_predicate_match:algorithm+graph_or_domain
result,b238fc47-8ce8-4490-9b18-f7ba4b3f4f41,b238fc47-8ce8-4490-9b18-f7ba4b3f4f41,grin,079662e8-f596-40ee-ad19-d436053c6029,fa9c7108-176e-4c68-840d-6acf3a3e59e4,test,COMPLETED,spatiotemporal,spatiotemporal,grid_4n_v1,sha256:ff68c2f545d16f90d1e3b4a9b00305d1b291b92f29d9cd1557f2a1e30e9bd432,5a345f47-e01d-4f0a-a9a1-bf051f02c659,ab272862-a6c1-4906-86f6-94c150844aee,,exp_st,exp_st,st_predicate_match:algorithm+graph_or_domain
result,efe51107-012e-4a3a-8ce7-676d7381b994,efe51107-012e-4a3a-8ce7-676d7381b994,grin,079662e8-f596-40ee-ad19-d436053c6029,fa9c7108-176e-4c68-840d-6acf3a3e59e4,test,COMPLETED,spatiotemporal,spatiotemporal,grid_4n_v1,sha256:ff68c2f545d16f90d1e3b4a9b00305d1b291b92f29d9cd1557f2a1e30e9bd432,5a345f47-e01d-4f0a-a9a1-bf051f02c659,ab272862-a6c1-4906-86f6-94c150844aee,,exp_st,exp_st,st_predicate_match:algorithm+graph_or_domain
result,d1ce7cc9-017a-425b-a0ee-edcb4292e397,d1ce7cc9-017a-425b-a0ee-edcb4292e397,grin,079662e8-f596-40ee-ad19-d436053c6029,fa9c7108-176e-4c68-840d-6acf3a3e59e4,test,COMPLETED,spatiotemporal,spatiotemporal,grid_4n_v1,sha256:ff68c2f545d16f90d1e3b4a9b00305d1b291b92f29d9cd1557f2a1e30e9bd432,5a345f47-e01d-4f0a-a9a1-bf051f02c659,ab272862-a6c1-4906-86f6-94c150844aee,,exp_st,exp_st,st_predicate_match:algorithm+graph_or_domain
result,ef0d0eaa-9523-48ad-976b-9d24d8dfd6fd,ef0d0eaa-9523-48ad-976b-9d24d8dfd6fd,grin,079662e8-f596-40ee-ad19-d436053c6029,fa9c7108-176e-4c68-840d-6acf3a3e59e4,test,COMPLETED,spatiotemporal,spatiotemporal,grid_4n_v1,sha256:ff68c2f545d16f90d1e3b4a9b00305d1b291b92f29d9cd1557f2a1e30e9bd432,5a345f47-e01d-4f0a-a9a1-bf051f02c659,ab272862-a6c1-4906-86f6-94c150844aee,,exp_st,exp_st,st_predicate_match:algorithm+graph_or_domain
result,8ae86254-e110-410c-b1a3-8fb7ebe70d8d,8ae86254-e110-410c-b1a3-8fb7ebe70d8d,grin,bf49a05c-c599-47a7-a346-2a06bdb8dc30,fa9c7108-176e-4c68-840d-6acf3a3e59e4,test,COMPLETED,spatiotemporal,spatiotemporal,grid_4n_v1,sha256:ff68c2f545d16f90d1e3b4a9b00305d1b291b92f29d9cd1557f2a1e30e9bd432,a07fc937-415a-4734-abb6-dae4b50cab68,c94df2be-b327-4cd2-bd90-7a5b00610aad,,exp_st,exp_st,st_predicate_match:algorithm+graph_or_domain
result,a154c60e-37a2-4bf8-b6a8-a911b2e0c3c1,a154c60e-37a2-4bf8-b6a8-a911b2e0c3c1,grin,bf49a05c-c599-47a7-a346-2a06bdb8dc30,fa9c7108-176e-4c68-840d-6acf3a3e59e4,test,COMPLETED,spatiotemporal,spatiotemporal,grid_4n_v1,sha256:ff68c2f545d16f90d1e3b4a9b00305d1b291b92f29d9cd1557f2a1e30e9bd432,a07fc937-415a-4734-abb6-dae4b50cab68,c94df2be-b327-4cd2-bd90-7a5b00610aad,,exp_st,exp_st,st_predicate_match:algorithm+graph_or_domain
result,6c949590-f41b-41b6-b786-a6dca5111ea4,6c949590-f41b-41b6-b786-a6dca5111ea4,grin,bf49a05c-c599-47a7-a346-2a06bdb8dc30,fa9c7108-176e-4c68-840d-6acf3a3e59e4,test,COMPLETED,spatiotemporal,spatiotemporal,grid_4n_v1,sha256:ff68c2f545d16f90d1e3b4a9b00305d1b291b92f29d9cd1557f2a1e30e9bd432,a07fc937-415a-4734-abb6-dae4b50cab68,c94df2be-b327-4cd2-bd90-7a5b00610aad,,exp_st,exp_st,st_predicate_match:algorithm+graph_or_domain
result,c235d1fd-970c-4ba4-bb45-cd000f255847,c235d1fd-970c-4ba4-bb45-cd000f255847,grin,bf49a05c-c599-47a7-a346-2a06bdb8dc30,fa9c7108-176e-4c68-840d-6acf3a3e59e4,test,COMPLETED,spatiotemporal,spatiotemporal,grid_4n_v1,sha256:ff68c2f545d16f90d1e3b4a9b00305d1b291b92f29d9cd1557f2a1e30e9bd432,a07fc937-415a-4734-abb6-dae4b50cab68,c94df2be-b327-4cd2-bd90-7a5b00610aad,,exp_st,exp_st,st_predicate_match:algorithm+graph_or_domain
result,4230ad51-92af-4450-aadb-2d7037677ec1,4230ad51-92af-4450-aadb-2d7037677ec1,grin,bf49a05c-c599-47a7-a346-2a06bdb8dc30,fa9c7108-176e-4c68-840d-6acf3a3e59e4,test,COMPLETED,spatiotemporal,spatiotemporal,grid_4n_v1,sha256:ff68c2f545d16f90d1e3b4a9b00305d1b291b92f29d9cd1557f2a1e30e9bd432,a07fc937-415a-4734-abb6-dae4b50cab68,c94df2be-b327-4cd2-bd90-7a5b00610aad,,exp_st,exp_st,st_predicate_match:algorithm+graph_or_domain
result,22cc127e-2e69-403e-bc49-4f8d72cf3765,22cc127e-2e69-403e-bc49-4f8d72cf3765,grin,66da3f3e-9676-49d3-9a3d-e8314d56ac38,fa9c7108-176e-4c68-840d-6acf3a3e59e4,test,COMPLETED,spatiotemporal,spatiotemporal,grid_4n_v1,sha256:ff68c2f545d16f90d1e3b4a9b00305d1b291b92f29d9cd1557f2a1e30e9bd432,6b11c265-a769-43e0-a7d4-4f3b87505a0d,dfe01aad-97ad-4621-b1f8-adcebd13c6f9,,exp_st,exp_st,st_predicate_match:algorithm+graph_or_domain
result,b44234e6-9f3c-4ad9-b8d2-6787172fc062,b44234e6-9f3c-4ad9-b8d2-6787172fc062,grin,66da3f3e-9676-49d3-9a3d-e8314d56ac38,fa9c7108-176e-4c68-840d-6acf3a3e59e4,test,COMPLETED,spatiotemporal,spatiotemporal,grid_4n_v1,sha256:ff68c2f545d16f90d1e3b4a9b00305d1b291b92f29d9cd1557f2a1e30e9bd432,6b11c265-a769-43e0-a7d4-4f3b87505a0d,dfe01aad-97ad-4621-b1f8-adcebd13c6f9,,exp_st,exp_st,st_predicate_match:algorithm+graph_or_domain
result,a3a04df1-4bac-4fb0-b9d8-f21951463994,a3a04df1-4bac-4fb0-b9d8-f21951463994,grin,66da3f3e-9676-49d3-9a3d-e8314d56ac38,fa9c7108-176e-4c68-840d-6acf3a3e59e4,test,COMPLETED,spatiotemporal,spatiotemporal,grid_4n_v1,sha256:ff68c2f545d16f90d1e3b4a9b00305d1b291b92f29d9cd1557f2a1e30e9bd432,6b11c265-a769-43e0-a7d4-4f3b87505a0d,dfe01aad-97ad-4621-b1f8-adcebd13c6f9,,exp_st,exp_st,st_predicate_match:algorithm+graph_or_domain
result,cbb84ed5-497f-4139-aaae-bee9d0fb94ac,cbb84ed5-497f-4139-aaae-bee9d0fb94ac,grin,66da3f3e-9676-49d3-9a3d-e8314d56ac38,fa9c7108-176e-4c68-840d-6acf3a3e59e4,test,COMPLETED,spatiotemporal,spatiotemporal,grid_4n_v1,sha256:ff68c2f545d16f90d1e3b4a9b00305d1b291b92f29d9cd1557f2a1e30e9bd432,6b11c265-a769-43e0-a7d4-4f3b87505a0d,dfe01aad-97ad-4621-b1f8-adcebd13c6f9,,exp_st,exp_st,st_predicate_match:algorithm+graph_or_domain
result,5b363859-a81b-4ec5-be14-d2593475cd16,5b363859-a81b-4ec5-be14-d2593475cd16,grin,66da3f3e-9676-49d3-9a3d-e8314d56ac38,fa9c7108-176e-4c68-840d-6acf3a3e59e4,test,COMPLETED,spatiotemporal,spatiotemporal,grid_4n_v1,sha256:ff68c2f545d16f90d1e3b4a9b00305d1b291b92f29d9cd1557f2a1e30e9bd432,6b11c265-a769-43e0-a7d4-4f3b87505a0d,dfe01aad-97ad-4621-b1f8-adcebd13c6f9,,exp_st,exp_st,st_predicate_match:algorithm+graph_or_domain
result,a4f42fce-6071-44ff-a1ca-e0c611f713a4,a4f42fce-6071-44ff-a1ca-e0c611f713a4,grin,6c023169-5411-40f3-8623-3d9f4f78cc8b,fa9c7108-176e-4c68-840d-6acf3a3e59e4,test,COMPLETED,spatiotemporal,spatiotemporal,grid_4n_v1,sha256:ff68c2f545d16f90d1e3b4a9b00305d1b291b92f29d9cd1557f2a1e30e9bd432,4e000b92-531f-4ea8-9366-69a915c66c35,21cf7f87-c4d4-4ae4-80f1-07ec03758216,,exp_st,exp_st,st_predicate_match:algorithm+graph_or_domain
result,e04c8535-ea0f-472e-9c71-b95231b124d9,e04c8535-ea0f-472e-9c71-b95231b124d9,grin,6c023169-5411-40f3-8623-3d9f4f78cc8b,fa9c7108-176e-4c68-840d-6acf3a3e59e4,test,COMPLETED,spatiotemporal,spatiotemporal,grid_4n_v1,sha256:ff68c2f545d16f90d1e3b4a9b00305d1b291b92f29d9cd1557f2a1e30e9bd432,4e000b92-531f-4ea8-9366-69a915c66c35,21cf7f87-c4d4-4ae4-80f1-07ec03758216,,exp_st,exp_st,st_predicate_match:algorithm+graph_or_domain
result,d4b2787e-888d-4bf1-824e-f93b44e6bc57,d4b2787e-888d-4bf1-824e-f93b44e6bc57,grin,6c023169-5411-40f3-8623-3d9f4f78cc8b,fa9c7108-176e-4c68-840d-6acf3a3e59e4,test,COMPLETED,spatiotemporal,spatiotemporal,grid_4n_v1,sha256:ff68c2f545d16f90d1e3b4a9b00305d1b291b92f29d9cd1557f2a1e30e9bd432,4e000b92-531f-4ea8-9366-69a915c66c35,21cf7f87-c4d4-4ae4-80f1-07ec03758216,,exp_st,exp_st,st_predicate_match:algorithm+graph_or_domain
result,37e73074-f876-4e26-be6d-a8b9e31ac195,37e73074-f876-4e26-be6d-a8b9e31ac195,grin,6c023169-5411-40f3-8623-3d9f4f78cc8b,fa9c7108-176e-4c68-840d-6acf3a3e59e4,test,COMPLETED,spatiotemporal,spatiotemporal,grid_4n_v1,sha256:ff68c2f545d16f90d1e3b4a9b00305d1b291b92f29d9cd1557f2a1e30e9bd432,4e000b92-531f-4ea8-9366-69a915c66c35,21cf7f87-c4d4-4ae4-80f1-07ec03758216,,exp_st,exp_st,st_predicate_match:algorithm+graph_or_domain
result,d08f665b-e29e-498f-aa07-eeb3456514ae,d08f665b-e29e-498f-aa07-eeb3456514ae,grin,6c023169-5411-40f3-8623-3d9f4f78cc8b,fa9c7108-176e-4c68-840d-6acf3a3e59e4,test,COMPLETED,spatiotemporal,spatiotemporal,grid_4n_v1,sha256:ff68c2f545d16f90d1e3b4a9b00305d1b291b92f29d9cd1557f2a1e30e9bd432,4e000b92-531f-4ea8-9366-69a915c66c35,21cf7f87-c4d4-4ae4-80f1-07ec03758216,,exp_st,exp_st,st_predicate_match:algorithm+graph_or_domain
result,6128cec7-80f5-456f-b9ae-90217ac34517,6128cec7-80f5-456f-b9ae-90217ac34517,ignnk,c541c151-4a70-45c3-b4c7-9546b66463a9,fa9c7108-176e-4c68-840d-6acf3a3e59e4,test,COMPLETED,spatiotemporal,spatiotemporal,grid_4n_v1,sha256:ff68c2f545d16f90d1e3b4a9b00305d1b291b92f29d9cd1557f2a1e30e9bd432,b7071efa-15b0-4e8e-a7f8-9a33705587bf,92206edb-a799-436d-8f63-8c08fe715753,,exp_st,exp_st,st_predicate_match:algorithm+graph_or_domain
result,27245970-4b0b-4657-8be1-f43ff1665bb9,27245970-4b0b-4657-8be1-f43ff1665bb9,ignnk,c541c151-4a70-45c3-b4c7-9546b66463a9,fa9c7108-176e-4c68-840d-6acf3a3e59e4,test,COMPLETED,spatiotemporal,spatiotemporal,grid_4n_v1,sha256:ff68c2f545d16f90d1e3b4a9b00305d1b291b92f29d9cd1557f2a1e30e9bd432,b7071efa-15b0-4e8e-a7f8-9a33705587bf,92206edb-a799-436d-8f63-8c08fe715753,,exp_st,exp_st,st_predicate_match:algorithm+graph_or_domain
result,1c5616aa-8366-4f71-9113-d56139ba5702,1c5616aa-8366-4f71-9113-d56139ba5702,ignnk,c541c151-4a70-45c3-b4c7-9546b66463a9,fa9c7108-176e-4c68-840d-6acf3a3e59e4,test,COMPLETED,spatiotemporal,spatiotemporal,grid_4n_v1,sha256:ff68c2f545d16f90d1e3b4a9b00305d1b291b92f29d9cd1557f2a1e30e9bd432,b7071efa-15b0-4e8e-a7f8-9a33705587bf,92206edb-a799-436d-8f63-8c08fe715753,,exp_st,exp_st,st_predicate_match:algorithm+graph_or_domain
result,8fb753da-9732-444d-9d6d-12be5d17a679,8fb753da-9732-444d-9d6d-12be5d17a679,ignnk,c541c151-4a70-45c3-b4c7-9546b66463a9,fa9c7108-176e-4c68-840d-6acf3a3e59e4,test,COMPLETED,spatiotemporal,spatiotemporal,grid_4n_v1,sha256:ff68c2f545d16f90d1e3b4a9b00305d1b291b92f29d9cd1557f2a1e30e9bd432,b7071efa-15b0-4e8e-a7f8-9a33705587bf,92206edb-a799-436d-8f63-8c08fe715753,,exp_st,exp_st,st_predicate_match:algorithm+graph_or_domain
result,efa785e2-b852-4f7c-8737-01b1850b06e1,efa785e2-b852-4f7c-8737-01b1850b06e1,ignnk,c541c151-4a70-45c3-b4c7-9546b66463a9,fa9c7108-176e-4c68-840d-6acf3a3e59e4,test,COMPLETED,spatiotemporal,spatiotemporal,grid_4n_v1,sha256:ff68c2f545d16f90d1e3b4a9b00305d1b291b92f29d9cd1557f2a1e30e9bd432,b7071efa-15b0-4e8e-a7f8-9a33705587bf,92206edb-a799-436d-8f63-8c08fe715753,,exp_st,exp_st,st_predicate_match:algorithm+graph_or_domain
result,c28f650b-2060-4b2e-9f11-300d36d1bbeb,c28f650b-2060-4b2e-9f11-300d36d1bbeb,ignnk,8c3bc26e-7ac7-497e-8256-8a7dc29fc543,fa9c7108-176e-4c68-840d-6acf3a3e59e4,test,COMPLETED,spatiotemporal,spatiotemporal,grid_4n_v1,sha256:ff68c2f545d16f90d1e3b4a9b00305d1b291b92f29d9cd1557f2a1e30e9bd432,48cd32ea-da71-4ce0-8433-51c01ee1f4fb,187f5c93-de6b-4c10-b9d1-21aa2dacebd1,,exp_st,exp_st,st_predicate_match:algorithm+graph_or_domain
result,4e3957ee-aa03-4f9c-9803-30c2c9a2a38b,4e3957ee-aa03-4f9c-9803-30c2c9a2a38b,ignnk,8c3bc26e-7ac7-497e-8256-8a7dc29fc543,fa9c7108-176e-4c68-840d-6acf3a3e59e4,test,COMPLETED,spatiotemporal,spatiotemporal,grid_4n_v1,sha256:ff68c2f545d16f90d1e3b4a9b00305d1b291b92f29d9cd1557f2a1e30e9bd432,48cd32ea-da71-4ce0-8433-51c01ee1f4fb,187f5c93-de6b-4c10-b9d1-21aa2dacebd1,,exp_st,exp_st,st_predicate_match:algorithm+graph_or_domain
result,87311f94-4dc0-4708-af5d-136a4b9e1953,87311f94-4dc0-4708-af5d-136a4b9e1953,ignnk,8c3bc26e-7ac7-497e-8256-8a7dc29fc543,fa9c7108-176e-4c68-840d-6acf3a3e59e4,test,COMPLETED,spatiotemporal,spatiotemporal,grid_4n_v1,sha256:ff68c2f545d16f90d1e3b4a9b00305d1b291b92f29d9cd1557f2a1e30e9bd432,48cd32ea-da71-4ce0-8433-51c01ee1f4fb,187f5c93-de6b-4c10-b9d1-21aa2dacebd1,,exp_st,exp_st,st_predicate_match:algorithm+graph_or_domain
result,3f71ef4d-8bca-4501-9611-8d5f6d8bee2e,3f71ef4d-8bca-4501-9611-8d5f6d8bee2e,ignnk,8c3bc26e-7ac7-497e-8256-8a7dc29fc543,fa9c7108-176e-4c68-840d-6acf3a3e59e4,test,COMPLETED,spatiotemporal,spatiotemporal,grid_4n_v1,sha256:ff68c2f545d16f90d1e3b4a9b00305d1b291b92f29d9cd1557f2a1e30e9bd432,48cd32ea-da71-4ce0-8433-51c01ee1f4fb,187f5c93-de6b-4c10-b9d1-21aa2dacebd1,,exp_st,exp_st,st_predicate_match:algorithm+graph_or_domain
result,d8ba523f-25e8-4b5b-aead-755159d739c7,d8ba523f-25e8-4b5b-aead-755159d739c7,ignnk,8c3bc26e-7ac7-497e-8256-8a7dc29fc543,fa9c7108-176e-4c68-840d-6acf3a3e59e4,test,COMPLETED,spatiotemporal,spatiotemporal,grid_4n_v1,sha256:ff68c2f545d16f90d1e3b4a9b00305d1b291b92f29d9cd1557f2a1e30e9bd432,48cd32ea-da71-4ce0-8433-51c01ee1f4fb,187f5c93-de6b-4c10-b9d1-21aa2dacebd1,,exp_st,exp_st,st_predicate_match:algorithm+graph_or_domain
result,12e6e3e1-6e1c-4450-95d3-c95f22d5dd9a,12e6e3e1-6e1c-4450-95d3-c95f22d5dd9a,ignnk,6ab74044-1c37-4a3f-a3d4-c80fcc34a2ea,fa9c7108-176e-4c68-840d-6acf3a3e59e4,test,COMPLETED,spatiotemporal,spatiotemporal,grid_4n_v1,sha256:ff68c2f545d16f90d1e3b4a9b00305d1b291b92f29d9cd1557f2a1e30e9bd432,5a345f47-e01d-4f0a-a9a1-bf051f02c659,ab272862-a6c1-4906-86f6-94c150844aee,,exp_st,exp_st,st_predicate_match:algorithm+graph_or_domain
result,c84737d2-4a35-42b5-9dc8-a411d8d702fe,c84737d2-4a35-42b5-9dc8-a411d8d702fe,ignnk,6ab74044-1c37-4a3f-a3d4-c80fcc34a2ea,fa9c7108-176e-4c68-840d-6acf3a3e59e4,test,COMPLETED,spatiotemporal,spatiotemporal,grid_4n_v1,sha256:ff68c2f545d16f90d1e3b4a9b00305d1b291b92f29d9cd1557f2a1e30e9bd432,5a345f47-e01d-4f0a-a9a1-bf051f02c659,ab272862-a6c1-4906-86f6-94c150844aee,,exp_st,exp_st,st_predicate_match:algorithm+graph_or_domain
result,c4e048eb-d4c2-47df-a716-63c8c8ad4fd5,c4e048eb-d4c2-47df-a716-63c8c8ad4fd5,ignnk,6ab74044-1c37-4a3f-a3d4-c80fcc34a2ea,fa9c7108-176e-4c68-840d-6acf3a3e59e4,test,COMPLETED,spatiotemporal,spatiotemporal,grid_4n_v1,sha256:ff68c2f545d16f90d1e3b4a9b00305d1b291b92f29d9cd1557f2a1e30e9bd432,5a345f47-e01d-4f0a-a9a1-bf051f02c659,ab272862-a6c1-4906-86f6-94c150844aee,,exp_st,exp_st,st_predicate_match:algorithm+graph_or_domain
result,33686aaa-3e09-4c53-9ad0-ec25a99452b2,33686aaa-3e09-4c53-9ad0-ec25a99452b2,ignnk,6ab74044-1c37-4a3f-a3d4-c80fcc34a2ea,fa9c7108-176e-4c68-840d-6acf3a3e59e4,test,COMPLETED,spatiotemporal,spatiotemporal,grid_4n_v1,sha256:ff68c2f545d16f90d1e3b4a9b00305d1b291b92f29d9cd1557f2a1e30e9bd432,5a345f47-e01d-4f0a-a9a1-bf051f02c659,ab272862-a6c1-4906-86f6-94c150844aee,,exp_st,exp_st,st_predicate_match:algorithm+graph_or_domain
result,2ae29646-7a25-4fb2-a10b-bdeae8031cf9,2ae29646-7a25-4fb2-a10b-bdeae8031cf9,ignnk,6ab74044-1c37-4a3f-a3d4-c80fcc34a2ea,fa9c7108-176e-4c68-840d-6acf3a3e59e4,test,COMPLETED,spatiotemporal,spatiotemporal,grid_4n_v1,sha256:ff68c2f545d16f90d1e3b4a9b00305d1b291b92f29d9cd1557f2a1e30e9bd432,5a345f47-e01d-4f0a-a9a1-bf051f02c659,ab272862-a6c1-4906-86f6-94c150844aee,,exp_st,exp_st,st_predicate_match:algorithm+graph_or_domain
result,7a7bde4c-c20c-4549-b1cd-05a472d7e68c,7a7bde4c-c20c-4549-b1cd-05a472d7e68c,ignnk,3e2043a2-5fd0-439d-9b14-2e39efab3a33,fa9c7108-176e-4c68-840d-6acf3a3e59e4,test,COMPLETED,spatiotemporal,spatiotemporal,grid_4n_v1,sha256:ff68c2f545d16f90d1e3b4a9b00305d1b291b92f29d9cd1557f2a1e30e9bd432,a07fc937-415a-4734-abb6-dae4b50cab68,c94df2be-b327-4cd2-bd90-7a5b00610aad,,exp_st,exp_st,st_predicate_match:algorithm+graph_or_domain
result,4c84e546-cdc5-489a-8b89-250d90fed7cd,4c84e546-cdc5-489a-8b89-250d90fed7cd,ignnk,3e2043a2-5fd0-439d-9b14-2e39efab3a33,fa9c7108-176e-4c68-840d-6acf3a3e59e4,test,COMPLETED,spatiotemporal,spatiotemporal,grid_4n_v1,sha256:ff68c2f545d16f90d1e3b4a9b00305d1b291b92f29d9cd1557f2a1e30e9bd432,a07fc937-415a-4734-abb6-dae4b50cab68,c94df2be-b327-4cd2-bd90-7a5b00610aad,,exp_st,exp_st,st_predicate_match:algorithm+graph_or_domain
result,9c97d2d3-31bd-4c03-88c4-b6e903a30731,9c97d2d3-31bd-4c03-88c4-b6e903a30731,ignnk,3e2043a2-5fd0-439d-9b14-2e39efab3a33,fa9c7108-176e-4c68-840d-6acf3a3e59e4,test,COMPLETED,spatiotemporal,spatiotemporal,grid_4n_v1,sha256:ff68c2f545d16f90d1e3b4a9b00305d1b291b92f29d9cd1557f2a1e30e9bd432,a07fc937-415a-4734-abb6-dae4b50cab68,c94df2be-b327-4cd2-bd90-7a5b00610aad,,exp_st,exp_st,st_predicate_match:algorithm+graph_or_domain
result,481f8480-4200-4eff-9770-de9f4d6fc9d3,481f8480-4200-4eff-9770-de9f4d6fc9d3,ignnk,3e2043a2-5fd0-439d-9b14-2e39efab3a33,fa9c7108-176e-4c68-840d-6acf3a3e59e4,test,COMPLETED,spatiotemporal,spatiotemporal,grid_4n_v1,sha256:ff68c2f545d16f90d1e3b4a9b00305d1b291b92f29d9cd1557f2a1e30e9bd432,a07fc937-415a-4734-abb6-dae4b50cab68,c94df2be-b327-4cd2-bd90-7a5b00610aad,,exp_st,exp_st,st_predicate_match:algorithm+graph_or_domain
result,ff5045d5-5d12-4ea1-8068-18231ddf22d7,ff5045d5-5d12-4ea1-8068-18231ddf22d7,ignnk,3e2043a2-5fd0-439d-9b14-2e39efab3a33,fa9c7108-176e-4c68-840d-6acf3a3e59e4,test,COMPLETED,spatiotemporal,spatiotemporal,grid_4n_v1,sha256:ff68c2f545d16f90d1e3b4a9b00305d1b291b92f29d9cd1557f2a1e30e9bd432,a07fc937-415a-4734-abb6-dae4b50cab68,c94df2be-b327-4cd2-bd90-7a5b00610aad,,exp_st,exp_st,st_predicate_match:algorithm+graph_or_domain
result,6403283a-9c67-44db-a1e9-389204e419a9,6403283a-9c67-44db-a1e9-389204e419a9,ignnk,e0a8050b-eea3-4abd-944c-a5afd9f54638,fa9c7108-176e-4c68-840d-6acf3a3e59e4,test,COMPLETED,spatiotemporal,spatiotemporal,grid_4n_v1,sha256:ff68c2f545d16f90d1e3b4a9b00305d1b291b92f29d9cd1557f2a1e30e9bd432,6b11c265-a769-43e0-a7d4-4f3b87505a0d,dfe01aad-97ad-4621-b1f8-adcebd13c6f9,,exp_st,exp_st,st_predicate_match:algorithm+graph_or_domain
result,c7fd7df9-61a3-4f5c-bff3-efa2a268bfe3,c7fd7df9-61a3-4f5c-bff3-efa2a268bfe3,ignnk,e0a8050b-eea3-4abd-944c-a5afd9f54638,fa9c7108-176e-4c68-840d-6acf3a3e59e4,test,COMPLETED,spatiotemporal,spatiotemporal,grid_4n_v1,sha256:ff68c2f545d16f90d1e3b4a9b00305d1b291b92f29d9cd1557f2a1e30e9bd432,6b11c265-a769-43e0-a7d4-4f3b87505a0d,dfe01aad-97ad-4621-b1f8-adcebd13c6f9,,exp_st,exp_st,st_predicate_match:algorithm+graph_or_domain
result,a676a437-a48d-4433-8c7a-5ee6462fbd89,a676a437-a48d-4433-8c7a-5ee6462fbd89,ignnk,e0a8050b-eea3-4abd-944c-a5afd9f54638,fa9c7108-176e-4c68-840d-6acf3a3e59e4,test,COMPLETED,spatiotemporal,spatiotemporal,grid_4n_v1,sha256:ff68c2f545d16f90d1e3b4a9b00305d1b291b92f29d9cd1557f2a1e30e9bd432,6b11c265-a769-43e0-a7d4-4f3b87505a0d,dfe01aad-97ad-4621-b1f8-adcebd13c6f9,,exp_st,exp_st,st_predicate_match:algorithm+graph_or_domain
result,55f1e99b-6863-43c0-be32-9ec59ede4e20,55f1e99b-6863-43c0-be32-9ec59ede4e20,ignnk,e0a8050b-eea3-4abd-944c-a5afd9f54638,fa9c7108-176e-4c68-840d-6acf3a3e59e4,test,COMPLETED,spatiotemporal,spatiotemporal,grid_4n_v1,sha256:ff68c2f545d16f90d1e3b4a9b00305d1b291b92f29d9cd1557f2a1e30e9bd432,6b11c265-a769-43e0-a7d4-4f3b87505a0d,dfe01aad-97ad-4621-b1f8-adcebd13c6f9,,exp_st,exp_st,st_predicate_match:algorithm+graph_or_domain
result,3af8f618-49ef-4cc9-b49a-27b04c78d353,3af8f618-49ef-4cc9-b49a-27b04c78d353,ignnk,e0a8050b-eea3-4abd-944c-a5afd9f54638,fa9c7108-176e-4c68-840d-6acf3a3e59e4,test,COMPLETED,spatiotemporal,spatiotemporal,grid_4n_v1,sha256:ff68c2f545d16f90d1e3b4a9b00305d1b291b92f29d9cd1557f2a1e30e9bd432,6b11c265-a769-43e0-a7d4-4f3b87505a0d,dfe01aad-97ad-4621-b1f8-adcebd13c6f9,,exp_st,exp_st,st_predicate_match:algorithm+graph_or_domain
result,17fd8c95-baed-414f-98a6-8ce1b01b2a83,17fd8c95-baed-414f-98a6-8ce1b01b2a83,ignnk,10c5a33c-d0ce-48b1-88bc-eb1a9cd323af,fa9c7108-176e-4c68-840d-6acf3a3e59e4,test,COMPLETED,spatiotemporal,spatiotemporal,grid_4n_v1,sha256:ff68c2f545d16f90d1e3b4a9b00305d1b291b92f29d9cd1557f2a1e30e9bd432,4e000b92-531f-4ea8-9366-69a915c66c35,21cf7f87-c4d4-4ae4-80f1-07ec03758216,,exp_st,exp_st,st_predicate_match:algorithm+graph_or_domain
result,765769d9-1d3d-4624-b71f-73876ddc650a,765769d9-1d3d-4624-b71f-73876ddc650a,ignnk,10c5a33c-d0ce-48b1-88bc-eb1a9cd323af,fa9c7108-176e-4c68-840d-6acf3a3e59e4,test,COMPLETED,spatiotemporal,spatiotemporal,grid_4n_v1,sha256:ff68c2f545d16f90d1e3b4a9b00305d1b291b92f29d9cd1557f2a1e30e9bd432,4e000b92-531f-4ea8-9366-69a915c66c35,21cf7f87-c4d4-4ae4-80f1-07ec03758216,,exp_st,exp_st,st_predicate_match:algorithm+graph_or_domain
result,a53dc4df-0878-4380-b783-5b444880b38e,a53dc4df-0878-4380-b783-5b444880b38e,ignnk,10c5a33c-d0ce-48b1-88bc-eb1a9cd323af,fa9c7108-176e-4c68-840d-6acf3a3e59e4,test,COMPLETED,spatiotemporal,spatiotemporal,grid_4n_v1,sha256:ff68c2f545d16f90d1e3b4a9b00305d1b291b92f29d9cd1557f2a1e30e9bd432,4e000b92-531f-4ea8-9366-69a915c66c35,21cf7f87-c4d4-4ae4-80f1-07ec03758216,,exp_st,exp_st,st_predicate_match:algorithm+graph_or_domain
result,2d4d87c9-402f-4fd6-b48b-73f69caeed7f,2d4d87c9-402f-4fd6-b48b-73f69caeed7f,ignnk,10c5a33c-d0ce-48b1-88bc-eb1a9cd323af,fa9c7108-176e-4c68-840d-6acf3a3e59e4,test,COMPLETED,spatiotemporal,spatiotemporal,grid_4n_v1,sha256:ff68c2f545d16f90d1e3b4a9b00305d1b291b92f29d9cd1557f2a1e30e9bd432,4e000b92-531f-4ea8-9366-69a915c66c35,21cf7f87-c4d4-4ae4-80f1-07ec03758216,,exp_st,exp_st,st_predicate_match:algorithm+graph_or_domain
result,b63c899f-989a-4686-9a09-c4b14858f1a5,b63c899f-989a-4686-9a09-c4b14858f1a5,ignnk,10c5a33c-d0ce-48b1-88bc-eb1a9cd323af,fa9c7108-176e-4c68-840d-6acf3a3e59e4,test,COMPLETED,spatiotemporal,spatiotemporal,grid_4n_v1,sha256:ff68c2f545d16f90d1e3b4a9b00305d1b291b92f29d9cd1557f2a1e30e9bd432,4e000b92-531f-4ea8-9366-69a915c66c35,21cf7f87-c4d4-4ae4-80f1-07ec03758216,,exp_st,exp_st,st_predicate_match:algorithm+graph_or_domain
result,aaab23ca-7fe0-459c-b3b7-584ff3179735,aaab23ca-7fe0-459c-b3b7-584ff3179735,dcrnn,d9d12deb-5d1d-45ab-b8e7-dee72eb4ba93,fa9c7108-176e-4c68-840d-6acf3a3e59e4,test,COMPLETED,spatiotemporal,spatiotemporal,grid_4n_v1,sha256:ff68c2f545d16f90d1e3b4a9b00305d1b291b92f29d9cd1557f2a1e30e9bd432,b7071efa-15b0-4e8e-a7f8-9a33705587bf,92206edb-a799-436d-8f63-8c08fe715753,,exp_st,exp_st,st_predicate_match:algorithm+graph_or_domain
result,b6614e15-6e51-475e-adae-7afb6400e49f,b6614e15-6e51-475e-adae-7afb6400e49f,dcrnn,d9d12deb-5d1d-45ab-b8e7-dee72eb4ba93,fa9c7108-176e-4c68-840d-6acf3a3e59e4,test,COMPLETED,spatiotemporal,spatiotemporal,grid_4n_v1,sha256:ff68c2f545d16f90d1e3b4a9b00305d1b291b92f29d9cd1557f2a1e30e9bd432,b7071efa-15b0-4e8e-a7f8-9a33705587bf,92206edb-a799-436d-8f63-8c08fe715753,,exp_st,exp_st,st_predicate_match:algorithm+graph_or_domain
result,ab7ad8bd-279b-457d-a213-0bd8d10a3ae5,ab7ad8bd-279b-457d-a213-0bd8d10a3ae5,dcrnn,d9d12deb-5d1d-45ab-b8e7-dee72eb4ba93,fa9c7108-176e-4c68-840d-6acf3a3e59e4,test,COMPLETED,spatiotemporal,spatiotemporal,grid_4n_v1,sha256:ff68c2f545d16f90d1e3b4a9b00305d1b291b92f29d9cd1557f2a1e30e9bd432,b7071efa-15b0-4e8e-a7f8-9a33705587bf,92206edb-a799-436d-8f63-8c08fe715753,,exp_st,exp_st,st_predicate_match:algorithm+graph_or_domain
result,658b8761-b7cd-42f9-95a3-3e41a4f06491,658b8761-b7cd-42f9-95a3-3e41a4f06491,dcrnn,d9d12deb-5d1d-45ab-b8e7-dee72eb4ba93,fa9c7108-176e-4c68-840d-6acf3a3e59e4,test,COMPLETED,spatiotemporal,spatiotemporal,grid_4n_v1,sha256:ff68c2f545d16f90d1e3b4a9b00305d1b291b92f29d9cd1557f2a1e30e9bd432,b7071efa-15b0-4e8e-a7f8-9a33705587bf,92206edb-a799-436d-8f63-8c08fe715753,,exp_st,exp_st,st_predicate_match:algorithm+graph_or_domain
result,eec5a30b-2490-440e-b8c7-12a3f7855dd7,eec5a30b-2490-440e-b8c7-12a3f7855dd7,dcrnn,d9d12deb-5d1d-45ab-b8e7-dee72eb4ba93,fa9c7108-176e-4c68-840d-6acf3a3e59e4,test,COMPLETED,spatiotemporal,spatiotemporal,grid_4n_v1,sha256:ff68c2f545d16f90d1e3b4a9b00305d1b291b92f29d9cd1557f2a1e30e9bd432,b7071efa-15b0-4e8e-a7f8-9a33705587bf,92206edb-a799-436d-8f63-8c08fe715753,,exp_st,exp_st,st_predicate_match:algorithm+graph_or_domain
result,a8eb2ace-9a56-4ed3-9ebd-6ef029490ca6,a8eb2ace-9a56-4ed3-9ebd-6ef029490ca6,dcrnn,00cb80f0-2397-4cef-b034-69392d02048e,fa9c7108-176e-4c68-840d-6acf3a3e59e4,test,COMPLETED,spatiotemporal,spatiotemporal,grid_4n_v1,sha256:ff68c2f545d16f90d1e3b4a9b00305d1b291b92f29d9cd1557f2a1e30e9bd432,48cd32ea-da71-4ce0-8433-51c01ee1f4fb,187f5c93-de6b-4c10-b9d1-21aa2dacebd1,,exp_st,exp_st,st_predicate_match:algorithm+graph_or_domain
result,1ae96c44-7fb1-49c0-9186-79e2aa61614a,1ae96c44-7fb1-49c0-9186-79e2aa61614a,dcrnn,00cb80f0-2397-4cef-b034-69392d02048e,fa9c7108-176e-4c68-840d-6acf3a3e59e4,test,COMPLETED,spatiotemporal,spatiotemporal,grid_4n_v1,sha256:ff68c2f545d16f90d1e3b4a9b00305d1b291b92f29d9cd1557f2a1e30e9bd432,48cd32ea-da71-4ce0-8433-51c01ee1f4fb,187f5c93-de6b-4c10-b9d1-21aa2dacebd1,,exp_st,exp_st,st_predicate_match:algorithm+graph_or_domain
result,996df883-3c4d-4b8c-a0e8-f3cca8b088f1,996df883-3c4d-4b8c-a0e8-f3cca8b088f1,dcrnn,00cb80f0-2397-4cef-b034-69392d02048e,fa9c7108-176e-4c68-840d-6acf3a3e59e4,test,COMPLETED,spatiotemporal,spatiotemporal,grid_4n_v1,sha256:ff68c2f545d16f90d1e3b4a9b00305d1b291b92f29d9cd1557f2a1e30e9bd432,48cd32ea-da71-4ce0-8433-51c01ee1f4fb,187f5c93-de6b-4c10-b9d1-21aa2dacebd1,,exp_st,exp_st,st_predicate_match:algorithm+graph_or_domain
result,45a032ff-21a9-4444-95d7-e022c306f06f,45a032ff-21a9-4444-95d7-e022c306f06f,dcrnn,00cb80f0-2397-4cef-b034-69392d02048e,fa9c7108-176e-4c68-840d-6acf3a3e59e4,test,COMPLETED,spatiotemporal,spatiotemporal,grid_4n_v1,sha256:ff68c2f545d16f90d1e3b4a9b00305d1b291b92f29d9cd1557f2a1e30e9bd432,48cd32ea-da71-4ce0-8433-51c01ee1f4fb,187f5c93-de6b-4c10-b9d1-21aa2dacebd1,,exp_st,exp_st,st_predicate_match:algorithm+graph_or_domain
result,3840e4b9-98b3-4e48-a966-18b9696f7938,3840e4b9-98b3-4e48-a966-18b9696f7938,dcrnn,00cb80f0-2397-4cef-b034-69392d02048e,fa9c7108-176e-4c68-840d-6acf3a3e59e4,test,COMPLETED,spatiotemporal,spatiotemporal,grid_4n_v1,sha256:ff68c2f545d16f90d1e3b4a9b00305d1b291b92f29d9cd1557f2a1e30e9bd432,48cd32ea-da71-4ce0-8433-51c01ee1f4fb,187f5c93-de6b-4c10-b9d1-21aa2dacebd1,,exp_st,exp_st,st_predicate_match:algorithm+graph_or_domain
result,74f385d2-ab23-4885-9bd2-94b4ac782713,74f385d2-ab23-4885-9bd2-94b4ac782713,dcrnn,2bb30d67-d785-45ab-aa4a-2c4ab8c8f30b,fa9c7108-176e-4c68-840d-6acf3a3e59e4,test,COMPLETED,spatiotemporal,spatiotemporal,grid_4n_v1,sha256:ff68c2f545d16f90d1e3b4a9b00305d1b291b92f29d9cd1557f2a1e30e9bd432,5a345f47-e01d-4f0a-a9a1-bf051f02c659,ab272862-a6c1-4906-86f6-94c150844aee,,exp_st,exp_st,st_predicate_match:algorithm+graph_or_domain
result,d77c418c-4953-4a91-be6a-f3191377c0b3,d77c418c-4953-4a91-be6a-f3191377c0b3,dcrnn,2bb30d67-d785-45ab-aa4a-2c4ab8c8f30b,fa9c7108-176e-4c68-840d-6acf3a3e59e4,test,COMPLETED,spatiotemporal,spatiotemporal,grid_4n_v1,sha256:ff68c2f545d16f90d1e3b4a9b00305d1b291b92f29d9cd1557f2a1e30e9bd432,5a345f47-e01d-4f0a-a9a1-bf051f02c659,ab272862-a6c1-4906-86f6-94c150844aee,,exp_st,exp_st,st_predicate_match:algorithm+graph_or_domain
result,05725669-615f-4aec-9d14-676f3765b07a,05725669-615f-4aec-9d14-676f3765b07a,dcrnn,2bb30d67-d785-45ab-aa4a-2c4ab8c8f30b,fa9c7108-176e-4c68-840d-6acf3a3e59e4,test,COMPLETED,spatiotemporal,spatiotemporal,grid_4n_v1,sha256:ff68c2f545d16f90d1e3b4a9b00305d1b291b92f29d9cd1557f2a1e30e9bd432,5a345f47-e01d-4f0a-a9a1-bf051f02c659,ab272862-a6c1-4906-86f6-94c150844aee,,exp_st,exp_st,st_predicate_match:algorithm+graph_or_domain
result,7e27342f-706b-45d5-9f38-ddaaa3b54408,7e27342f-706b-45d5-9f38-ddaaa3b54408,dcrnn,2bb30d67-d785-45ab-aa4a-2c4ab8c8f30b,fa9c7108-176e-4c68-840d-6acf3a3e59e4,test,COMPLETED,spatiotemporal,spatiotemporal,grid_4n_v1,sha256:ff68c2f545d16f90d1e3b4a9b00305d1b291b92f29d9cd1557f2a1e30e9bd432,5a345f47-e01d-4f0a-a9a1-bf051f02c659,ab272862-a6c1-4906-86f6-94c150844aee,,exp_st,exp_st,st_predicate_match:algorithm+graph_or_domain
result,72b361bf-8b5b-4383-8775-f39727c91c3f,72b361bf-8b5b-4383-8775-f39727c91c3f,dcrnn,2bb30d67-d785-45ab-aa4a-2c4ab8c8f30b,fa9c7108-176e-4c68-840d-6acf3a3e59e4,test,COMPLETED,spatiotemporal,spatiotemporal,grid_4n_v1,sha256:ff68c2f545d16f90d1e3b4a9b00305d1b291b92f29d9cd1557f2a1e30e9bd432,5a345f47-e01d-4f0a-a9a1-bf051f02c659,ab272862-a6c1-4906-86f6-94c150844aee,,exp_st,exp_st,st_predicate_match:algorithm+graph_or_domain
result,2160b6c0-f5ba-41d0-a988-19ce560e5fb3,2160b6c0-f5ba-41d0-a988-19ce560e5fb3,dcrnn,4c629205-425d-4ec1-9e79-5908ca4781f9,fa9c7108-176e-4c68-840d-6acf3a3e59e4,test,COMPLETED,spatiotemporal,spatiotemporal,grid_4n_v1,sha256:ff68c2f545d16f90d1e3b4a9b00305d1b291b92f29d9cd1557f2a1e30e9bd432,a07fc937-415a-4734-abb6-dae4b50cab68,c94df2be-b327-4cd2-bd90-7a5b00610aad,,exp_st,exp_st,st_predicate_match:algorithm+graph_or_domain
result,ceb9ed14-5fc6-4a79-aa16-6409a6a4f2dc,ceb9ed14-5fc6-4a79-aa16-6409a6a4f2dc,dcrnn,4c629205-425d-4ec1-9e79-5908ca4781f9,fa9c7108-176e-4c68-840d-6acf3a3e59e4,test,COMPLETED,spatiotemporal,spatiotemporal,grid_4n_v1,sha256:ff68c2f545d16f90d1e3b4a9b00305d1b291b92f29d9cd1557f2a1e30e9bd432,a07fc937-415a-4734-abb6-dae4b50cab68,c94df2be-b327-4cd2-bd90-7a5b00610aad,,exp_st,exp_st,st_predicate_match:algorithm+graph_or_domain
result,e8b15447-5a56-4dd8-aec8-39d4616d6fb3,e8b15447-5a56-4dd8-aec8-39d4616d6fb3,dcrnn,4c629205-425d-4ec1-9e79-5908ca4781f9,fa9c7108-176e-4c68-840d-6acf3a3e59e4,test,COMPLETED,spatiotemporal,spatiotemporal,grid_4n_v1,sha256:ff68c2f545d16f90d1e3b4a9b00305d1b291b92f29d9cd1557f2a1e30e9bd432,a07fc937-415a-4734-abb6-dae4b50cab68,c94df2be-b327-4cd2-bd90-7a5b00610aad,,exp_st,exp_st,st_predicate_match:algorithm+graph_or_domain
result,9df7782f-8354-4a1c-b693-36e457048bc3,9df7782f-8354-4a1c-b693-36e457048bc3,dcrnn,4c629205-425d-4ec1-9e79-5908ca4781f9,fa9c7108-176e-4c68-840d-6acf3a3e59e4,test,COMPLETED,spatiotemporal,spatiotemporal,grid_4n_v1,sha256:ff68c2f545d16f90d1e3b4a9b00305d1b291b92f29d9cd1557f2a1e30e9bd432,a07fc937-415a-4734-abb6-dae4b50cab68,c94df2be-b327-4cd2-bd90-7a5b00610aad,,exp_st,exp_st,st_predicate_match:algorithm+graph_or_domain
result,17b902c3-3a66-42dd-aae8-fb275fba8438,17b902c3-3a66-42dd-aae8-fb275fba8438,dcrnn,4c629205-425d-4ec1-9e79-5908ca4781f9,fa9c7108-176e-4c68-840d-6acf3a3e59e4,test,COMPLETED,spatiotemporal,spatiotemporal,grid_4n_v1,sha256:ff68c2f545d16f90d1e3b4a9b00305d1b291b92f29d9cd1557f2a1e30e9bd432,a07fc937-415a-4734-abb6-dae4b50cab68,c94df2be-b327-4cd2-bd90-7a5b00610aad,,exp_st,exp_st,st_predicate_match:algorithm+graph_or_domain
result,7731e32c-5068-420a-95f0-80749ea73dd5,7731e32c-5068-420a-95f0-80749ea73dd5,dcrnn,dc6ad933-5b32-45f4-91e6-26567d7b8c14,fa9c7108-176e-4c68-840d-6acf3a3e59e4,test,COMPLETED,spatiotemporal,spatiotemporal,grid_4n_v1,sha256:ff68c2f545d16f90d1e3b4a9b00305d1b291b92f29d9cd1557f2a1e30e9bd432,6b11c265-a769-43e0-a7d4-4f3b87505a0d,dfe01aad-97ad-4621-b1f8-adcebd13c6f9,,exp_st,exp_st,st_predicate_match:algorithm+graph_or_domain
result,a2d4a3c0-88a5-41a6-ba58-3ef3e335f7e8,a2d4a3c0-88a5-41a6-ba58-3ef3e335f7e8,dcrnn,dc6ad933-5b32-45f4-91e6-26567d7b8c14,fa9c7108-176e-4c68-840d-6acf3a3e59e4,test,COMPLETED,spatiotemporal,spatiotemporal,grid_4n_v1,sha256:ff68c2f545d16f90d1e3b4a9b00305d1b291b92f29d9cd1557f2a1e30e9bd432,6b11c265-a769-43e0-a7d4-4f3b87505a0d,dfe01aad-97ad-4621-b1f8-adcebd13c6f9,,exp_st,exp_st,st_predicate_match:algorithm+graph_or_domain
result,6971c82e-ab49-458d-9fd8-c7a7d72b6111,6971c82e-ab49-458d-9fd8-c7a7d72b6111,dcrnn,dc6ad933-5b32-45f4-91e6-26567d7b8c14,fa9c7108-176e-4c68-840d-6acf3a3e59e4,test,COMPLETED,spatiotemporal,spatiotemporal,grid_4n_v1,sha256:ff68c2f545d16f90d1e3b4a9b00305d1b291b92f29d9cd1557f2a1e30e9bd432,6b11c265-a769-43e0-a7d4-4f3b87505a0d,dfe01aad-97ad-4621-b1f8-adcebd13c6f9,,exp_st,exp_st,st_predicate_match:algorithm+graph_or_domain
result,71f3bb8d-ae12-414b-ab09-5d1d3793d6fc,71f3bb8d-ae12-414b-ab09-5d1d3793d6fc,dcrnn,dc6ad933-5b32-45f4-91e6-26567d7b8c14,fa9c7108-176e-4c68-840d-6acf3a3e59e4,test,COMPLETED,spatiotemporal,spatiotemporal,grid_4n_v1,sha256:ff68c2f545d16f90d1e3b4a9b00305d1b291b92f29d9cd1557f2a1e30e9bd432,6b11c265-a769-43e0-a7d4-4f3b87505a0d,dfe01aad-97ad-4621-b1f8-adcebd13c6f9,,exp_st,exp_st,st_predicate_match:algorithm+graph_or_domain
result,3aa84dd6-a147-49d3-8dad-c4145917aed8,3aa84dd6-a147-49d3-8dad-c4145917aed8,dcrnn,dc6ad933-5b32-45f4-91e6-26567d7b8c14,fa9c7108-176e-4c68-840d-6acf3a3e59e4,test,COMPLETED,spatiotemporal,spatiotemporal,grid_4n_v1,sha256:ff68c2f545d16f90d1e3b4a9b00305d1b291b92f29d9cd1557f2a1e30e9bd432,6b11c265-a769-43e0-a7d4-4f3b87505a0d,dfe01aad-97ad-4621-b1f8-adcebd13c6f9,,exp_st,exp_st,st_predicate_match:algorithm+graph_or_domain
result,d2fa3345-6761-4ac1-b2cc-ce17838ff729,d2fa3345-6761-4ac1-b2cc-ce17838ff729,dcrnn,21bb45cd-bd73-48b6-9c8d-d931182cc8be,fa9c7108-176e-4c68-840d-6acf3a3e59e4,test,COMPLETED,spatiotemporal,spatiotemporal,grid_4n_v1,sha256:ff68c2f545d16f90d1e3b4a9b00305d1b291b92f29d9cd1557f2a1e30e9bd432,4e000b92-531f-4ea8-9366-69a915c66c35,21cf7f87-c4d4-4ae4-80f1-07ec03758216,,exp_st,exp_st,st_predicate_match:algorithm+graph_or_domain
result,8112f589-e6d0-46d9-997f-f7c608bc677f,8112f589-e6d0-46d9-997f-f7c608bc677f,dcrnn,21bb45cd-bd73-48b6-9c8d-d931182cc8be,fa9c7108-176e-4c68-840d-6acf3a3e59e4,test,COMPLETED,spatiotemporal,spatiotemporal,grid_4n_v1,sha256:ff68c2f545d16f90d1e3b4a9b00305d1b291b92f29d9cd1557f2a1e30e9bd432,4e000b92-531f-4ea8-9366-69a915c66c35,21cf7f87-c4d4-4ae4-80f1-07ec03758216,,exp_st,exp_st,st_predicate_match:algorithm+graph_or_domain
result,36da5f83-d168-4370-8cde-17cba9b191e6,36da5f83-d168-4370-8cde-17cba9b191e6,dcrnn,21bb45cd-bd73-48b6-9c8d-d931182cc8be,fa9c7108-176e-4c68-840d-6acf3a3e59e4,test,COMPLETED,spatiotemporal,spatiotemporal,grid_4n_v1,sha256:ff68c2f545d16f90d1e3b4a9b00305d1b291b92f29d9cd1557f2a1e30e9bd432,4e000b92-531f-4ea8-9366-69a915c66c35,21cf7f87-c4d4-4ae4-80f1-07ec03758216,,exp_st,exp_st,st_predicate_match:algorithm+graph_or_domain
result,b3b6fc4b-593b-46ff-9f2f-3d0747848f82,b3b6fc4b-593b-46ff-9f2f-3d0747848f82,dcrnn,21bb45cd-bd73-48b6-9c8d-d931182cc8be,fa9c7108-176e-4c68-840d-6acf3a3e59e4,test,COMPLETED,spatiotemporal,spatiotemporal,grid_4n_v1,sha256:ff68c2f545d16f90d1e3b4a9b00305d1b291b92f29d9cd1557f2a1e30e9bd432,4e000b92-531f-4ea8-9366-69a915c66c35,21cf7f87-c4d4-4ae4-80f1-07ec03758216,,exp_st,exp_st,st_predicate_match:algorithm+graph_or_domain
result,84b1bcf5-9f52-4ceb-9b90-6b9eb5cae416,84b1bcf5-9f52-4ceb-9b90-6b9eb5cae416,dcrnn,21bb45cd-bd73-48b6-9c8d-d931182cc8be,fa9c7108-176e-4c68-840d-6acf3a3e59e4,test,COMPLETED,spatiotemporal,spatiotemporal,grid_4n_v1,sha256:ff68c2f545d16f90d1e3b4a9b00305d1b291b92f29d9cd1557f2a1e30e9bd432,4e000b92-531f-4ea8-9366-69a915c66c35,21cf7f87-c4d4-4ae4-80f1-07ec03758216,,exp_st,exp_st,st_predicate_match:algorithm+graph_or_domain
result,24da8709-199d-4b11-a158-eea62b3f6c3e,24da8709-199d-4b11-a158-eea62b3f6c3e,stgcn,71de7c45-dc00-4beb-b97f-7f6e17dd7139,fa9c7108-176e-4c68-840d-6acf3a3e59e4,test,COMPLETED,spatiotemporal,spatiotemporal,grid_8n_v1,sha256:e4d3c5194b5ac30ca62c968fa45e9a57741b8a9875a01227139f10ef74e5af74,6f295bb9-37e5-49cc-9829-e4802dd02ab2,07d6a590-509d-4f69-9556-fcca52909a3f,,exp_st,exp_st,st_predicate_match:algorithm+graph_or_domain
result,424e03e5-347d-46fe-810d-71b2db9145b9,424e03e5-347d-46fe-810d-71b2db9145b9,stgcn,71de7c45-dc00-4beb-b97f-7f6e17dd7139,fa9c7108-176e-4c68-840d-6acf3a3e59e4,test,COMPLETED,spatiotemporal,spatiotemporal,grid_8n_v1,sha256:e4d3c5194b5ac30ca62c968fa45e9a57741b8a9875a01227139f10ef74e5af74,6f295bb9-37e5-49cc-9829-e4802dd02ab2,07d6a590-509d-4f69-9556-fcca52909a3f,,exp_st,exp_st,st_predicate_match:algorithm+graph_or_domain
result,26b8b166-ebb1-4487-a437-3af9232046d0,26b8b166-ebb1-4487-a437-3af9232046d0,stgcn,71de7c45-dc00-4beb-b97f-7f6e17dd7139,fa9c7108-176e-4c68-840d-6acf3a3e59e4,test,COMPLETED,spatiotemporal,spatiotemporal,grid_8n_v1,sha256:e4d3c5194b5ac30ca62c968fa45e9a57741b8a9875a01227139f10ef74e5af74,6f295bb9-37e5-49cc-9829-e4802dd02ab2,07d6a590-509d-4f69-9556-fcca52909a3f,,exp_st,exp_st,st_predicate_match:algorithm+graph_or_domain
result,f902fd2a-6d3b-455a-81ae-b5e28ec76f32,f902fd2a-6d3b-455a-81ae-b5e28ec76f32,stgcn,71de7c45-dc00-4beb-b97f-7f6e17dd7139,fa9c7108-176e-4c68-840d-6acf3a3e59e4,test,COMPLETED,spatiotemporal,spatiotemporal,grid_8n_v1,sha256:e4d3c5194b5ac30ca62c968fa45e9a57741b8a9875a01227139f10ef74e5af74,6f295bb9-37e5-49cc-9829-e4802dd02ab2,07d6a590-509d-4f69-9556-fcca52909a3f,,exp_st,exp_st,st_predicate_match:algorithm+graph_or_domain
result,c6c74d9f-a3ce-49fb-9251-01ceb680a44c,c6c74d9f-a3ce-49fb-9251-01ceb680a44c,stgcn,71de7c45-dc00-4beb-b97f-7f6e17dd7139,fa9c7108-176e-4c68-840d-6acf3a3e59e4,test,COMPLETED,spatiotemporal,spatiotemporal,grid_8n_v1,sha256:e4d3c5194b5ac30ca62c968fa45e9a57741b8a9875a01227139f10ef74e5af74,6f295bb9-37e5-49cc-9829-e4802dd02ab2,07d6a590-509d-4f69-9556-fcca52909a3f,,exp_st,exp_st,st_predicate_match:algorithm+graph_or_domain
result,15181087-0fa1-4ee7-b9bc-e49b8c5e842f,15181087-0fa1-4ee7-b9bc-e49b8c5e842f,stgcn,2064b870-f054-4892-ba21-7c3e6d701ea7,fa9c7108-176e-4c68-840d-6acf3a3e59e4,test,COMPLETED,spatiotemporal,spatiotemporal,grid_8n_v1,sha256:e4d3c5194b5ac30ca62c968fa45e9a57741b8a9875a01227139f10ef74e5af74,92205df5-90b4-4339-9aee-993ac872db77,56495daa-680a-4cfa-aa64-ac025b45a23b,,exp_st,exp_st,st_predicate_match:algorithm+graph_or_domain
result,7de59f15-ee65-48b8-94e9-58445496f4c7,7de59f15-ee65-48b8-94e9-58445496f4c7,stgcn,2064b870-f054-4892-ba21-7c3e6d701ea7,fa9c7108-176e-4c68-840d-6acf3a3e59e4,test,COMPLETED,spatiotemporal,spatiotemporal,grid_8n_v1,sha256:e4d3c5194b5ac30ca62c968fa45e9a57741b8a9875a01227139f10ef74e5af74,92205df5-90b4-4339-9aee-993ac872db77,56495daa-680a-4cfa-aa64-ac025b45a23b,,exp_st,exp_st,st_predicate_match:algorithm+graph_or_domain
result,25a433fd-eb2d-4819-a985-a2adc2c036b6,25a433fd-eb2d-4819-a985-a2adc2c036b6,stgcn,2064b870-f054-4892-ba21-7c3e6d701ea7,fa9c7108-176e-4c68-840d-6acf3a3e59e4,test,COMPLETED,spatiotemporal,spatiotemporal,grid_8n_v1,sha256:e4d3c5194b5ac30ca62c968fa45e9a57741b8a9875a01227139f10ef74e5af74,92205df5-90b4-4339-9aee-993ac872db77,56495daa-680a-4cfa-aa64-ac025b45a23b,,exp_st,exp_st,st_predicate_match:algorithm+graph_or_domain
result,98d546a3-561a-4bf2-a493-0124bac2ef3d,98d546a3-561a-4bf2-a493-0124bac2ef3d,stgcn,2064b870-f054-4892-ba21-7c3e6d701ea7,fa9c7108-176e-4c68-840d-6acf3a3e59e4,test,COMPLETED,spatiotemporal,spatiotemporal,grid_8n_v1,sha256:e4d3c5194b5ac30ca62c968fa45e9a57741b8a9875a01227139f10ef74e5af74,92205df5-90b4-4339-9aee-993ac872db77,56495daa-680a-4cfa-aa64-ac025b45a23b,,exp_st,exp_st,st_predicate_match:algorithm+graph_or_domain
result,56a9b074-943b-4aa3-9e6b-17b15117e116,56a9b074-943b-4aa3-9e6b-17b15117e116,stgcn,2064b870-f054-4892-ba21-7c3e6d701ea7,fa9c7108-176e-4c68-840d-6acf3a3e59e4,test,COMPLETED,spatiotemporal,spatiotemporal,grid_8n_v1,sha256:e4d3c5194b5ac30ca62c968fa45e9a57741b8a9875a01227139f10ef74e5af74,92205df5-90b4-4339-9aee-993ac872db77,56495daa-680a-4cfa-aa64-ac025b45a23b,,exp_st,exp_st,st_predicate_match:algorithm+graph_or_domain
result,056dd89e-c21a-4b06-9a73-0320df0abe0f,056dd89e-c21a-4b06-9a73-0320df0abe0f,stgcn,7677b9ad-4566-4c39-949c-89083ef41e8c,fa9c7108-176e-4c68-840d-6acf3a3e59e4,test,COMPLETED,spatiotemporal,spatiotemporal,grid_8n_v1,sha256:e4d3c5194b5ac30ca62c968fa45e9a57741b8a9875a01227139f10ef74e5af74,833ff20d-9a0e-4277-9f37-b02aee0072e2,04817ffd-c31c-434c-bc67-cb5c368a1952,,exp_st,exp_st,st_predicate_match:algorithm+graph_or_domain
result,11ba95be-39fa-41f4-9d4b-17042625d8b6,11ba95be-39fa-41f4-9d4b-17042625d8b6,stgcn,7677b9ad-4566-4c39-949c-89083ef41e8c,fa9c7108-176e-4c68-840d-6acf3a3e59e4,test,COMPLETED,spatiotemporal,spatiotemporal,grid_8n_v1,sha256:e4d3c5194b5ac30ca62c968fa45e9a57741b8a9875a01227139f10ef74e5af74,833ff20d-9a0e-4277-9f37-b02aee0072e2,04817ffd-c31c-434c-bc67-cb5c368a1952,,exp_st,exp_st,st_predicate_match:algorithm+graph_or_domain
result,c8c10aab-1da4-4c8e-84d6-bb2d366a68fb,c8c10aab-1da4-4c8e-84d6-bb2d366a68fb,stgcn,7677b9ad-4566-4c39-949c-89083ef41e8c,fa9c7108-176e-4c68-840d-6acf3a3e59e4,test,COMPLETED,spatiotemporal,spatiotemporal,grid_8n_v1,sha256:e4d3c5194b5ac30ca62c968fa45e9a57741b8a9875a01227139f10ef74e5af74,833ff20d-9a0e-4277-9f37-b02aee0072e2,04817ffd-c31c-434c-bc67-cb5c368a1952,,exp_st,exp_st,st_predicate_match:algorithm+graph_or_domain
result,e49f6fc8-018b-449c-bb83-21d2c075a701,e49f6fc8-018b-449c-bb83-21d2c075a701,stgcn,7677b9ad-4566-4c39-949c-89083ef41e8c,fa9c7108-176e-4c68-840d-6acf3a3e59e4,test,COMPLETED,spatiotemporal,spatiotemporal,grid_8n_v1,sha256:e4d3c5194b5ac30ca62c968fa45e9a57741b8a9875a01227139f10ef74e5af74,833ff20d-9a0e-4277-9f37-b02aee0072e2,04817ffd-c31c-434c-bc67-cb5c368a1952,,exp_st,exp_st,st_predicate_match:algorithm+graph_or_domain
result,6c85fafd-8e20-41db-a77c-a489a1c0f9df,6c85fafd-8e20-41db-a77c-a489a1c0f9df,stgcn,7677b9ad-4566-4c39-949c-89083ef41e8c,fa9c7108-176e-4c68-840d-6acf3a3e59e4,test,COMPLETED,spatiotemporal,spatiotemporal,grid_8n_v1,sha256:e4d3c5194b5ac30ca62c968fa45e9a57741b8a9875a01227139f10ef74e5af74,833ff20d-9a0e-4277-9f37-b02aee0072e2,04817ffd-c31c-434c-bc67-cb5c368a1952,,exp_st,exp_st,st_predicate_match:algorithm+graph_or_domain
result,e03498cc-bfcb-47ad-ba24-85d4616a9ff1,e03498cc-bfcb-47ad-ba24-85d4616a9ff1,stgcn,fd896d66-dc22-4f2b-ad4d-ccd01e263c94,fa9c7108-176e-4c68-840d-6acf3a3e59e4,test,COMPLETED,spatiotemporal,spatiotemporal,grid_8n_v1,sha256:e4d3c5194b5ac30ca62c968fa45e9a57741b8a9875a01227139f10ef74e5af74,cca5b02a-95a5-4509-9635-e2caab94e3ba,b455780c-29f5-4dea-8d5e-37b05fbe4391,,exp_st,exp_st,st_predicate_match:algorithm+graph_or_domain
result,8cb03adf-ced7-4823-8da7-c2e4f13fed84,8cb03adf-ced7-4823-8da7-c2e4f13fed84,stgcn,fd896d66-dc22-4f2b-ad4d-ccd01e263c94,fa9c7108-176e-4c68-840d-6acf3a3e59e4,test,COMPLETED,spatiotemporal,spatiotemporal,grid_8n_v1,sha256:e4d3c5194b5ac30ca62c968fa45e9a57741b8a9875a01227139f10ef74e5af74,cca5b02a-95a5-4509-9635-e2caab94e3ba,b455780c-29f5-4dea-8d5e-37b05fbe4391,,exp_st,exp_st,st_predicate_match:algorithm+graph_or_domain
result,d752b989-e6c3-434c-9478-882cb093a28c,d752b989-e6c3-434c-9478-882cb093a28c,stgcn,fd896d66-dc22-4f2b-ad4d-ccd01e263c94,fa9c7108-176e-4c68-840d-6acf3a3e59e4,test,COMPLETED,spatiotemporal,spatiotemporal,grid_8n_v1,sha256:e4d3c5194b5ac30ca62c968fa45e9a57741b8a9875a01227139f10ef74e5af74,cca5b02a-95a5-4509-9635-e2caab94e3ba,b455780c-29f5-4dea-8d5e-37b05fbe4391,,exp_st,exp_st,st_predicate_match:algorithm+graph_or_domain
result,e4d4cf22-459b-4842-8e4b-03ad5052a0ba,e4d4cf22-459b-4842-8e4b-03ad5052a0ba,stgcn,fd896d66-dc22-4f2b-ad4d-ccd01e263c94,fa9c7108-176e-4c68-840d-6acf3a3e59e4,test,COMPLETED,spatiotemporal,spatiotemporal,grid_8n_v1,sha256:e4d3c5194b5ac30ca62c968fa45e9a57741b8a9875a01227139f10ef74e5af74,cca5b02a-95a5-4509-9635-e2caab94e3ba,b455780c-29f5-4dea-8d5e-37b05fbe4391,,exp_st,exp_st,st_predicate_match:algorithm+graph_or_domain
result,881e9b43-556d-49bb-a906-9ebc4924b273,881e9b43-556d-49bb-a906-9ebc4924b273,stgcn,fd896d66-dc22-4f2b-ad4d-ccd01e263c94,fa9c7108-176e-4c68-840d-6acf3a3e59e4,test,COMPLETED,spatiotemporal,spatiotemporal,grid_8n_v1,sha256:e4d3c5194b5ac30ca62c968fa45e9a57741b8a9875a01227139f10ef74e5af74,cca5b02a-95a5-4509-9635-e2caab94e3ba,b455780c-29f5-4dea-8d5e-37b05fbe4391,,exp_st,exp_st,st_predicate_match:algorithm+graph_or_domain
result,7b9467af-493c-4671-9502-ae9cd9ef830b,7b9467af-493c-4671-9502-ae9cd9ef830b,stgcn,44ce84a7-f654-4c63-b63a-935840ce66c6,fa9c7108-176e-4c68-840d-6acf3a3e59e4,test,COMPLETED,spatiotemporal,spatiotemporal,grid_8n_v1,sha256:e4d3c5194b5ac30ca62c968fa45e9a57741b8a9875a01227139f10ef74e5af74,dae22ea1-61c4-4756-be60-6db45294794f,1b614633-65b5-4813-af64-bbfd4f73ead5,,exp_st,exp_st,st_predicate_match:algorithm+graph_or_domain
result,86770daf-ee34-4742-b2a1-9992964e758b,86770daf-ee34-4742-b2a1-9992964e758b,stgcn,44ce84a7-f654-4c63-b63a-935840ce66c6,fa9c7108-176e-4c68-840d-6acf3a3e59e4,test,COMPLETED,spatiotemporal,spatiotemporal,grid_8n_v1,sha256:e4d3c5194b5ac30ca62c968fa45e9a57741b8a9875a01227139f10ef74e5af74,dae22ea1-61c4-4756-be60-6db45294794f,1b614633-65b5-4813-af64-bbfd4f73ead5,,exp_st,exp_st,st_predicate_match:algorithm+graph_or_domain
result,92b53ea3-4932-4559-8c86-649679a14fcd,92b53ea3-4932-4559-8c86-649679a14fcd,stgcn,44ce84a7-f654-4c63-b63a-935840ce66c6,fa9c7108-176e-4c68-840d-6acf3a3e59e4,test,COMPLETED,spatiotemporal,spatiotemporal,grid_8n_v1,sha256:e4d3c5194b5ac30ca62c968fa45e9a57741b8a9875a01227139f10ef74e5af74,dae22ea1-61c4-4756-be60-6db45294794f,1b614633-65b5-4813-af64-bbfd4f73ead5,,exp_st,exp_st,st_predicate_match:algorithm+graph_or_domain
result,375e00d4-0e8f-44d8-83a2-5ebc679b142d,375e00d4-0e8f-44d8-83a2-5ebc679b142d,stgcn,44ce84a7-f654-4c63-b63a-935840ce66c6,fa9c7108-176e-4c68-840d-6acf3a3e59e4,test,COMPLETED,spatiotemporal,spatiotemporal,grid_8n_v1,sha256:e4d3c5194b5ac30ca62c968fa45e9a57741b8a9875a01227139f10ef74e5af74,dae22ea1-61c4-4756-be60-6db45294794f,1b614633-65b5-4813-af64-bbfd4f73ead5,,exp_st,exp_st,st_predicate_match:algorithm+graph_or_domain
result,c193b7be-419b-40fd-96fc-a7792c092e2c,c193b7be-419b-40fd-96fc-a7792c092e2c,stgcn,44ce84a7-f654-4c63-b63a-935840ce66c6,fa9c7108-176e-4c68-840d-6acf3a3e59e4,test,COMPLETED,spatiotemporal,spatiotemporal,grid_8n_v1,sha256:e4d3c5194b5ac30ca62c968fa45e9a57741b8a9875a01227139f10ef74e5af74,dae22ea1-61c4-4756-be60-6db45294794f,1b614633-65b5-4813-af64-bbfd4f73ead5,,exp_st,exp_st,st_predicate_match:algorithm+graph_or_domain
result,294bfe49-8503-4cdc-8acd-0484be972b59,294bfe49-8503-4cdc-8acd-0484be972b59,stgcn,826ac9eb-14d7-4fc7-a0e2-2a4e264af75d,fa9c7108-176e-4c68-840d-6acf3a3e59e4,test,COMPLETED,spatiotemporal,spatiotemporal,grid_8n_v1,sha256:e4d3c5194b5ac30ca62c968fa45e9a57741b8a9875a01227139f10ef74e5af74,54160664-f2d3-4400-94dc-686eb451931b,449729ec-f83d-4f5a-9dda-d1f29dc88f47,,exp_st,exp_st,st_predicate_match:algorithm+graph_or_domain
result,3c4f69c5-2820-4dcc-b4d5-09e622475b55,3c4f69c5-2820-4dcc-b4d5-09e622475b55,stgcn,826ac9eb-14d7-4fc7-a0e2-2a4e264af75d,fa9c7108-176e-4c68-840d-6acf3a3e59e4,test,COMPLETED,spatiotemporal,spatiotemporal,grid_8n_v1,sha256:e4d3c5194b5ac30ca62c968fa45e9a57741b8a9875a01227139f10ef74e5af74,54160664-f2d3-4400-94dc-686eb451931b,449729ec-f83d-4f5a-9dda-d1f29dc88f47,,exp_st,exp_st,st_predicate_match:algorithm+graph_or_domain
result,c098ce82-3e26-4c2a-81de-337cd81720d4,c098ce82-3e26-4c2a-81de-337cd81720d4,stgcn,826ac9eb-14d7-4fc7-a0e2-2a4e264af75d,fa9c7108-176e-4c68-840d-6acf3a3e59e4,test,COMPLETED,spatiotemporal,spatiotemporal,grid_8n_v1,sha256:e4d3c5194b5ac30ca62c968fa45e9a57741b8a9875a01227139f10ef74e5af74,54160664-f2d3-4400-94dc-686eb451931b,449729ec-f83d-4f5a-9dda-d1f29dc88f47,,exp_st,exp_st,st_predicate_match:algorithm+graph_or_domain
result,e25f934f-788b-48fe-b221-eb25892d281c,e25f934f-788b-48fe-b221-eb25892d281c,stgcn,826ac9eb-14d7-4fc7-a0e2-2a4e264af75d,fa9c7108-176e-4c68-840d-6acf3a3e59e4,test,COMPLETED,spatiotemporal,spatiotemporal,grid_8n_v1,sha256:e4d3c5194b5ac30ca62c968fa45e9a57741b8a9875a01227139f10ef74e5af74,54160664-f2d3-4400-94dc-686eb451931b,449729ec-f83d-4f5a-9dda-d1f29dc88f47,,exp_st,exp_st,st_predicate_match:algorithm+graph_or_domain
result,59bc587a-f57c-43df-9715-1cfe5d89ede3,59bc587a-f57c-43df-9715-1cfe5d89ede3,stgcn,826ac9eb-14d7-4fc7-a0e2-2a4e264af75d,fa9c7108-176e-4c68-840d-6acf3a3e59e4,test,COMPLETED,spatiotemporal,spatiotemporal,grid_8n_v1,sha256:e4d3c5194b5ac30ca62c968fa45e9a57741b8a9875a01227139f10ef74e5af74,54160664-f2d3-4400-94dc-686eb451931b,449729ec-f83d-4f5a-9dda-d1f29dc88f47,,exp_st,exp_st,st_predicate_match:algorithm+graph_or_domain
result,f8901a1c-0373-4f77-a362-1996f845a759,f8901a1c-0373-4f77-a362-1996f845a759,grin,15ffff65-b802-4210-88ba-e608a9349e61,fa9c7108-176e-4c68-840d-6acf3a3e59e4,test,COMPLETED,spatiotemporal,spatiotemporal,grid_8n_v1,sha256:e4d3c5194b5ac30ca62c968fa45e9a57741b8a9875a01227139f10ef74e5af74,6f295bb9-37e5-49cc-9829-e4802dd02ab2,07d6a590-509d-4f69-9556-fcca52909a3f,,exp_st,exp_st,st_predicate_match:algorithm+graph_or_domain
result,b6153efb-685a-4e28-bf59-27fd59f43f7f,b6153efb-685a-4e28-bf59-27fd59f43f7f,grin,15ffff65-b802-4210-88ba-e608a9349e61,fa9c7108-176e-4c68-840d-6acf3a3e59e4,test,COMPLETED,spatiotemporal,spatiotemporal,grid_8n_v1,sha256:e4d3c5194b5ac30ca62c968fa45e9a57741b8a9875a01227139f10ef74e5af74,6f295bb9-37e5-49cc-9829-e4802dd02ab2,07d6a590-509d-4f69-9556-fcca52909a3f,,exp_st,exp_st,st_predicate_match:algorithm+graph_or_domain
result,00f6621e-4bba-4561-8410-f41197486067,00f6621e-4bba-4561-8410-f41197486067,grin,15ffff65-b802-4210-88ba-e608a9349e61,fa9c7108-176e-4c68-840d-6acf3a3e59e4,test,COMPLETED,spatiotemporal,spatiotemporal,grid_8n_v1,sha256:e4d3c5194b5ac30ca62c968fa45e9a57741b8a9875a01227139f10ef74e5af74,6f295bb9-37e5-49cc-9829-e4802dd02ab2,07d6a590-509d-4f69-9556-fcca52909a3f,,exp_st,exp_st,st_predicate_match:algorithm+graph_or_domain
result,90f673d8-9cf9-4d4a-a68e-2cf427e70460,90f673d8-9cf9-4d4a-a68e-2cf427e70460,grin,15ffff65-b802-4210-88ba-e608a9349e61,fa9c7108-176e-4c68-840d-6acf3a3e59e4,test,COMPLETED,spatiotemporal,spatiotemporal,grid_8n_v1,sha256:e4d3c5194b5ac30ca62c968fa45e9a57741b8a9875a01227139f10ef74e5af74,6f295bb9-37e5-49cc-9829-e4802dd02ab2,07d6a590-509d-4f69-9556-fcca52909a3f,,exp_st,exp_st,st_predicate_match:algorithm+graph_or_domain
result,f69c4997-62f3-4089-aa16-b0fd35961426,f69c4997-62f3-4089-aa16-b0fd35961426,grin,15ffff65-b802-4210-88ba-e608a9349e61,fa9c7108-176e-4c68-840d-6acf3a3e59e4,test,COMPLETED,spatiotemporal,spatiotemporal,grid_8n_v1,sha256:e4d3c5194b5ac30ca62c968fa45e9a57741b8a9875a01227139f10ef74e5af74,6f295bb9-37e5-49cc-9829-e4802dd02ab2,07d6a590-509d-4f69-9556-fcca52909a3f,,exp_st,exp_st,st_predicate_match:algorithm+graph_or_domain
result,e0298b5f-63e3-4e33-81d1-8b911bad8ba4,e0298b5f-63e3-4e33-81d1-8b911bad8ba4,grin,2ef25f37-93aa-4323-8565-4e88d1024c5e,fa9c7108-176e-4c68-840d-6acf3a3e59e4,test,COMPLETED,spatiotemporal,spatiotemporal,grid_8n_v1,sha256:e4d3c5194b5ac30ca62c968fa45e9a57741b8a9875a01227139f10ef74e5af74,92205df5-90b4-4339-9aee-993ac872db77,56495daa-680a-4cfa-aa64-ac025b45a23b,,exp_st,exp_st,st_predicate_match:algorithm+graph_or_domain
result,31607cbb-d5c5-4074-a6ad-1415656def93,31607cbb-d5c5-4074-a6ad-1415656def93,grin,2ef25f37-93aa-4323-8565-4e88d1024c5e,fa9c7108-176e-4c68-840d-6acf3a3e59e4,test,COMPLETED,spatiotemporal,spatiotemporal,grid_8n_v1,sha256:e4d3c5194b5ac30ca62c968fa45e9a57741b8a9875a01227139f10ef74e5af74,92205df5-90b4-4339-9aee-993ac872db77,56495daa-680a-4cfa-aa64-ac025b45a23b,,exp_st,exp_st,st_predicate_match:algorithm+graph_or_domain
result,67a75060-8b05-461a-9544-b42dd453c234,67a75060-8b05-461a-9544-b42dd453c234,grin,2ef25f37-93aa-4323-8565-4e88d1024c5e,fa9c7108-176e-4c68-840d-6acf3a3e59e4,test,COMPLETED,spatiotemporal,spatiotemporal,grid_8n_v1,sha256:e4d3c5194b5ac30ca62c968fa45e9a57741b8a9875a01227139f10ef74e5af74,92205df5-90b4-4339-9aee-993ac872db77,56495daa-680a-4cfa-aa64-ac025b45a23b,,exp_st,exp_st,st_predicate_match:algorithm+graph_or_domain
result,e321233e-8ab1-4406-824a-993c9bb9063f,e321233e-8ab1-4406-824a-993c9bb9063f,grin,2ef25f37-93aa-4323-8565-4e88d1024c5e,fa9c7108-176e-4c68-840d-6acf3a3e59e4,test,COMPLETED,spatiotemporal,spatiotemporal,grid_8n_v1,sha256:e4d3c5194b5ac30ca62c968fa45e9a57741b8a9875a01227139f10ef74e5af74,92205df5-90b4-4339-9aee-993ac872db77,56495daa-680a-4cfa-aa64-ac025b45a23b,,exp_st,exp_st,st_predicate_match:algorithm+graph_or_domain
result,c064047d-18a5-4c88-b697-1c029a09f250,c064047d-18a5-4c88-b697-1c029a09f250,grin,2ef25f37-93aa-4323-8565-4e88d1024c5e,fa9c7108-176e-4c68-840d-6acf3a3e59e4,test,COMPLETED,spatiotemporal,spatiotemporal,grid_8n_v1,sha256:e4d3c5194b5ac30ca62c968fa45e9a57741b8a9875a01227139f10ef74e5af74,92205df5-90b4-4339-9aee-993ac872db77,56495daa-680a-4cfa-aa64-ac025b45a23b,,exp_st,exp_st,st_predicate_match:algorithm+graph_or_domain
result,28ee8cb3-1237-485a-a467-17bca71ccc3e,28ee8cb3-1237-485a-a467-17bca71ccc3e,grin,2de71bac-8b6f-4d92-b08f-7d9dae79775f,fa9c7108-176e-4c68-840d-6acf3a3e59e4,test,COMPLETED,spatiotemporal,spatiotemporal,grid_8n_v1,sha256:e4d3c5194b5ac30ca62c968fa45e9a57741b8a9875a01227139f10ef74e5af74,833ff20d-9a0e-4277-9f37-b02aee0072e2,04817ffd-c31c-434c-bc67-cb5c368a1952,,exp_st,exp_st,st_predicate_match:algorithm+graph_or_domain
result,006d1770-7f16-4395-93b5-2d0f264823a9,006d1770-7f16-4395-93b5-2d0f264823a9,grin,2de71bac-8b6f-4d92-b08f-7d9dae79775f,fa9c7108-176e-4c68-840d-6acf3a3e59e4,test,COMPLETED,spatiotemporal,spatiotemporal,grid_8n_v1,sha256:e4d3c5194b5ac30ca62c968fa45e9a57741b8a9875a01227139f10ef74e5af74,833ff20d-9a0e-4277-9f37-b02aee0072e2,04817ffd-c31c-434c-bc67-cb5c368a1952,,exp_st,exp_st,st_predicate_match:algorithm+graph_or_domain
result,1c668812-76db-4f38-a62b-7cb09c990ebe,1c668812-76db-4f38-a62b-7cb09c990ebe,grin,2de71bac-8b6f-4d92-b08f-7d9dae79775f,fa9c7108-176e-4c68-840d-6acf3a3e59e4,test,COMPLETED,spatiotemporal,spatiotemporal,grid_8n_v1,sha256:e4d3c5194b5ac30ca62c968fa45e9a57741b8a9875a01227139f10ef74e5af74,833ff20d-9a0e-4277-9f37-b02aee0072e2,04817ffd-c31c-434c-bc67-cb5c368a1952,,exp_st,exp_st,st_predicate_match:algorithm+graph_or_domain
result,f1080ee8-ddff-4822-850c-149f42443ad0,f1080ee8-ddff-4822-850c-149f42443ad0,grin,2de71bac-8b6f-4d92-b08f-7d9dae79775f,fa9c7108-176e-4c68-840d-6acf3a3e59e4,test,COMPLETED,spatiotemporal,spatiotemporal,grid_8n_v1,sha256:e4d3c5194b5ac30ca62c968fa45e9a57741b8a9875a01227139f10ef74e5af74,833ff20d-9a0e-4277-9f37-b02aee0072e2,04817ffd-c31c-434c-bc67-cb5c368a1952,,exp_st,exp_st,st_predicate_match:algorithm+graph_or_domain
result,8c8b5eb4-99d6-4c33-8870-ffd52429f8be,8c8b5eb4-99d6-4c33-8870-ffd52429f8be,grin,2de71bac-8b6f-4d92-b08f-7d9dae79775f,fa9c7108-176e-4c68-840d-6acf3a3e59e4,test,COMPLETED,spatiotemporal,spatiotemporal,grid_8n_v1,sha256:e4d3c5194b5ac30ca62c968fa45e9a57741b8a9875a01227139f10ef74e5af74,833ff20d-9a0e-4277-9f37-b02aee0072e2,04817ffd-c31c-434c-bc67-cb5c368a1952,,exp_st,exp_st,st_predicate_match:algorithm+graph_or_domain
result,b9225f2c-b5cf-40df-921a-d7f514d129a6,b9225f2c-b5cf-40df-921a-d7f514d129a6,grin,a6b2d666-30da-4328-99b8-b636338cd45a,fa9c7108-176e-4c68-840d-6acf3a3e59e4,test,COMPLETED,spatiotemporal,spatiotemporal,grid_8n_v1,sha256:e4d3c5194b5ac30ca62c968fa45e9a57741b8a9875a01227139f10ef74e5af74,cca5b02a-95a5-4509-9635-e2caab94e3ba,b455780c-29f5-4dea-8d5e-37b05fbe4391,,exp_st,exp_st,st_predicate_match:algorithm+graph_or_domain
result,74275d92-1c68-471e-9f8a-e9513e9470b1,74275d92-1c68-471e-9f8a-e9513e9470b1,grin,a6b2d666-30da-4328-99b8-b636338cd45a,fa9c7108-176e-4c68-840d-6acf3a3e59e4,test,COMPLETED,spatiotemporal,spatiotemporal,grid_8n_v1,sha256:e4d3c5194b5ac30ca62c968fa45e9a57741b8a9875a01227139f10ef74e5af74,cca5b02a-95a5-4509-9635-e2caab94e3ba,b455780c-29f5-4dea-8d5e-37b05fbe4391,,exp_st,exp_st,st_predicate_match:algorithm+graph_or_domain
result,f8068483-5558-4fd6-a21f-31d7e001051a,f8068483-5558-4fd6-a21f-31d7e001051a,grin,a6b2d666-30da-4328-99b8-b636338cd45a,fa9c7108-176e-4c68-840d-6acf3a3e59e4,test,COMPLETED,spatiotemporal,spatiotemporal,grid_8n_v1,sha256:e4d3c5194b5ac30ca62c968fa45e9a57741b8a9875a01227139f10ef74e5af74,cca5b02a-95a5-4509-9635-e2caab94e3ba,b455780c-29f5-4dea-8d5e-37b05fbe4391,,exp_st,exp_st,st_predicate_match:algorithm+graph_or_domain
result,2214f54c-186f-45a3-92fc-8889dacebc53,2214f54c-186f-45a3-92fc-8889dacebc53,grin,a6b2d666-30da-4328-99b8-b636338cd45a,fa9c7108-176e-4c68-840d-6acf3a3e59e4,test,COMPLETED,spatiotemporal,spatiotemporal,grid_8n_v1,sha256:e4d3c5194b5ac30ca62c968fa45e9a57741b8a9875a01227139f10ef74e5af74,cca5b02a-95a5-4509-9635-e2caab94e3ba,b455780c-29f5-4dea-8d5e-37b05fbe4391,,exp_st,exp_st,st_predicate_match:algorithm+graph_or_domain
result,b2346be7-7e2f-480e-af4c-83347032f835,b2346be7-7e2f-480e-af4c-83347032f835,grin,a6b2d666-30da-4328-99b8-b636338cd45a,fa9c7108-176e-4c68-840d-6acf3a3e59e4,test,COMPLETED,spatiotemporal,spatiotemporal,grid_8n_v1,sha256:e4d3c5194b5ac30ca62c968fa45e9a57741b8a9875a01227139f10ef74e5af74,cca5b02a-95a5-4509-9635-e2caab94e3ba,b455780c-29f5-4dea-8d5e-37b05fbe4391,,exp_st,exp_st,st_predicate_match:algorithm+graph_or_domain
result,12584fa9-ce22-4b32-9cdf-ce02c805dd94,12584fa9-ce22-4b32-9cdf-ce02c805dd94,grin,0826e99e-45fa-4de7-8826-dcbf41489a62,fa9c7108-176e-4c68-840d-6acf3a3e59e4,test,COMPLETED,spatiotemporal,spatiotemporal,grid_8n_v1,sha256:e4d3c5194b5ac30ca62c968fa45e9a57741b8a9875a01227139f10ef74e5af74,dae22ea1-61c4-4756-be60-6db45294794f,1b614633-65b5-4813-af64-bbfd4f73ead5,,exp_st,exp_st,st_predicate_match:algorithm+graph_or_domain
result,44f1c883-2116-430b-b651-81c143342299,44f1c883-2116-430b-b651-81c143342299,grin,0826e99e-45fa-4de7-8826-dcbf41489a62,fa9c7108-176e-4c68-840d-6acf3a3e59e4,test,COMPLETED,spatiotemporal,spatiotemporal,grid_8n_v1,sha256:e4d3c5194b5ac30ca62c968fa45e9a57741b8a9875a01227139f10ef74e5af74,dae22ea1-61c4-4756-be60-6db45294794f,1b614633-65b5-4813-af64-bbfd4f73ead5,,exp_st,exp_st,st_predicate_match:algorithm+graph_or_domain
result,803654b7-92cd-4a98-a87a-6a389563015e,803654b7-92cd-4a98-a87a-6a389563015e,grin,0826e99e-45fa-4de7-8826-dcbf41489a62,fa9c7108-176e-4c68-840d-6acf3a3e59e4,test,COMPLETED,spatiotemporal,spatiotemporal,grid_8n_v1,sha256:e4d3c5194b5ac30ca62c968fa45e9a57741b8a9875a01227139f10ef74e5af74,dae22ea1-61c4-4756-be60-6db45294794f,1b614633-65b5-4813-af64-bbfd4f73ead5,,exp_st,exp_st,st_predicate_match:algorithm+graph_or_domain
result,fe6a15f3-4c6d-4f1b-96f1-7bc88fa2b091,fe6a15f3-4c6d-4f1b-96f1-7bc88fa2b091,grin,0826e99e-45fa-4de7-8826-dcbf41489a62,fa9c7108-176e-4c68-840d-6acf3a3e59e4,test,COMPLETED,spatiotemporal,spatiotemporal,grid_8n_v1,sha256:e4d3c5194b5ac30ca62c968fa45e9a57741b8a9875a01227139f10ef74e5af74,dae22ea1-61c4-4756-be60-6db45294794f,1b614633-65b5-4813-af64-bbfd4f73ead5,,exp_st,exp_st,st_predicate_match:algorithm+graph_or_domain
result,2ed4b88d-afb5-40c8-ad3b-dd2a74c6dece,2ed4b88d-afb5-40c8-ad3b-dd2a74c6dece,grin,0826e99e-45fa-4de7-8826-dcbf41489a62,fa9c7108-176e-4c68-840d-6acf3a3e59e4,test,COMPLETED,spatiotemporal,spatiotemporal,grid_8n_v1,sha256:e4d3c5194b5ac30ca62c968fa45e9a57741b8a9875a01227139f10ef74e5af74,dae22ea1-61c4-4756-be60-6db45294794f,1b614633-65b5-4813-af64-bbfd4f73ead5,,exp_st,exp_st,st_predicate_match:algorithm+graph_or_domain
result,b09ef9c1-2359-45e6-8190-e7adeae7dcb1,b09ef9c1-2359-45e6-8190-e7adeae7dcb1,grin,614c4015-3aff-4556-aba3-0ec8c49e822e,fa9c7108-176e-4c68-840d-6acf3a3e59e4,test,COMPLETED,spatiotemporal,spatiotemporal,grid_8n_v1,sha256:e4d3c5194b5ac30ca62c968fa45e9a57741b8a9875a01227139f10ef74e5af74,54160664-f2d3-4400-94dc-686eb451931b,449729ec-f83d-4f5a-9dda-d1f29dc88f47,,exp_st,exp_st,st_predicate_match:algorithm+graph_or_domain
result,b46dced1-e8be-4047-89fc-c246ac0fad25,b46dced1-e8be-4047-89fc-c246ac0fad25,grin,614c4015-3aff-4556-aba3-0ec8c49e822e,fa9c7108-176e-4c68-840d-6acf3a3e59e4,test,COMPLETED,spatiotemporal,spatiotemporal,grid_8n_v1,sha256:e4d3c5194b5ac30ca62c968fa45e9a57741b8a9875a01227139f10ef74e5af74,54160664-f2d3-4400-94dc-686eb451931b,449729ec-f83d-4f5a-9dda-d1f29dc88f47,,exp_st,exp_st,st_predicate_match:algorithm+graph_or_domain
result,d905405c-58b9-418e-968d-393b6b857fb0,d905405c-58b9-418e-968d-393b6b857fb0,grin,614c4015-3aff-4556-aba3-0ec8c49e822e,fa9c7108-176e-4c68-840d-6acf3a3e59e4,test,COMPLETED,spatiotemporal,spatiotemporal,grid_8n_v1,sha256:e4d3c5194b5ac30ca62c968fa45e9a57741b8a9875a01227139f10ef74e5af74,54160664-f2d3-4400-94dc-686eb451931b,449729ec-f83d-4f5a-9dda-d1f29dc88f47,,exp_st,exp_st,st_predicate_match:algorithm+graph_or_domain
result,bd20dcd8-19f7-4370-804c-2076fa747b0a,bd20dcd8-19f7-4370-804c-2076fa747b0a,grin,614c4015-3aff-4556-aba3-0ec8c49e822e,fa9c7108-176e-4c68-840d-6acf3a3e59e4,test,COMPLETED,spatiotemporal,spatiotemporal,grid_8n_v1,sha256:e4d3c5194b5ac30ca62c968fa45e9a57741b8a9875a01227139f10ef74e5af74,54160664-f2d3-4400-94dc-686eb451931b,449729ec-f83d-4f5a-9dda-d1f29dc88f47,,exp_st,exp_st,st_predicate_match:algorithm+graph_or_domain
result,6595562e-902a-42c9-80d8-ceee384a249c,6595562e-902a-42c9-80d8-ceee384a249c,grin,614c4015-3aff-4556-aba3-0ec8c49e822e,fa9c7108-176e-4c68-840d-6acf3a3e59e4,test,COMPLETED,spatiotemporal,spatiotemporal,grid_8n_v1,sha256:e4d3c5194b5ac30ca62c968fa45e9a57741b8a9875a01227139f10ef74e5af74,54160664-f2d3-4400-94dc-686eb451931b,449729ec-f83d-4f5a-9dda-d1f29dc88f47,,exp_st,exp_st,st_predicate_match:algorithm+graph_or_domain
result,8780f924-f4ba-45e0-ad42-2f97b80aab9c,8780f924-f4ba-45e0-ad42-2f97b80aab9c,ignnk,1cada45a-1faa-41be-a70e-e87f3774a560,fa9c7108-176e-4c68-840d-6acf3a3e59e4,test,COMPLETED,spatiotemporal,spatiotemporal,grid_8n_v1,sha256:e4d3c5194b5ac30ca62c968fa45e9a57741b8a9875a01227139f10ef74e5af74,6f295bb9-37e5-49cc-9829-e4802dd02ab2,07d6a590-509d-4f69-9556-fcca52909a3f,,exp_st,exp_st,st_predicate_match:algorithm+graph_or_domain
result,b714b65c-a469-4b62-b63c-ae04fea08601,b714b65c-a469-4b62-b63c-ae04fea08601,ignnk,1cada45a-1faa-41be-a70e-e87f3774a560,fa9c7108-176e-4c68-840d-6acf3a3e59e4,test,COMPLETED,spatiotemporal,spatiotemporal,grid_8n_v1,sha256:e4d3c5194b5ac30ca62c968fa45e9a57741b8a9875a01227139f10ef74e5af74,6f295bb9-37e5-49cc-9829-e4802dd02ab2,07d6a590-509d-4f69-9556-fcca52909a3f,,exp_st,exp_st,st_predicate_match:algorithm+graph_or_domain
result,e8f4b019-0eae-4271-83d2-bc0e3883d70e,e8f4b019-0eae-4271-83d2-bc0e3883d70e,ignnk,1cada45a-1faa-41be-a70e-e87f3774a560,fa9c7108-176e-4c68-840d-6acf3a3e59e4,test,COMPLETED,spatiotemporal,spatiotemporal,grid_8n_v1,sha256:e4d3c5194b5ac30ca62c968fa45e9a57741b8a9875a01227139f10ef74e5af74,6f295bb9-37e5-49cc-9829-e4802dd02ab2,07d6a590-509d-4f69-9556-fcca52909a3f,,exp_st,exp_st,st_predicate_match:algorithm+graph_or_domain
result,a467667c-b309-4876-928d-5684527e15eb,a467667c-b309-4876-928d-5684527e15eb,ignnk,1cada45a-1faa-41be-a70e-e87f3774a560,fa9c7108-176e-4c68-840d-6acf3a3e59e4,test,COMPLETED,spatiotemporal,spatiotemporal,grid_8n_v1,sha256:e4d3c5194b5ac30ca62c968fa45e9a57741b8a9875a01227139f10ef74e5af74,6f295bb9-37e5-49cc-9829-e4802dd02ab2,07d6a590-509d-4f69-9556-fcca52909a3f,,exp_st,exp_st,st_predicate_match:algorithm+graph_or_domain
result,5c172a86-759a-4790-ae4c-9ffc4e8613a5,5c172a86-759a-4790-ae4c-9ffc4e8613a5,ignnk,1cada45a-1faa-41be-a70e-e87f3774a560,fa9c7108-176e-4c68-840d-6acf3a3e59e4,test,COMPLETED,spatiotemporal,spatiotemporal,grid_8n_v1,sha256:e4d3c5194b5ac30ca62c968fa45e9a57741b8a9875a01227139f10ef74e5af74,6f295bb9-37e5-49cc-9829-e4802dd02ab2,07d6a590-509d-4f69-9556-fcca52909a3f,,exp_st,exp_st,st_predicate_match:algorithm+graph_or_domain
result,64115815-9920-46eb-a328-342442bdc086,64115815-9920-46eb-a328-342442bdc086,ignnk,466fca13-c306-4faa-8421-8673657af8f2,fa9c7108-176e-4c68-840d-6acf3a3e59e4,test,COMPLETED,spatiotemporal,spatiotemporal,grid_8n_v1,sha256:e4d3c5194b5ac30ca62c968fa45e9a57741b8a9875a01227139f10ef74e5af74,92205df5-90b4-4339-9aee-993ac872db77,56495daa-680a-4cfa-aa64-ac025b45a23b,,exp_st,exp_st,st_predicate_match:algorithm+graph_or_domain
result,0296ee96-7579-4c87-b7ef-1d19c917858a,0296ee96-7579-4c87-b7ef-1d19c917858a,ignnk,466fca13-c306-4faa-8421-8673657af8f2,fa9c7108-176e-4c68-840d-6acf3a3e59e4,test,COMPLETED,spatiotemporal,spatiotemporal,grid_8n_v1,sha256:e4d3c5194b5ac30ca62c968fa45e9a57741b8a9875a01227139f10ef74e5af74,92205df5-90b4-4339-9aee-993ac872db77,56495daa-680a-4cfa-aa64-ac025b45a23b,,exp_st,exp_st,st_predicate_match:algorithm+graph_or_domain
result,601df53d-7e28-45c3-a011-67135c58ee6c,601df53d-7e28-45c3-a011-67135c58ee6c,ignnk,466fca13-c306-4faa-8421-8673657af8f2,fa9c7108-176e-4c68-840d-6acf3a3e59e4,test,COMPLETED,spatiotemporal,spatiotemporal,grid_8n_v1,sha256:e4d3c5194b5ac30ca62c968fa45e9a57741b8a9875a01227139f10ef74e5af74,92205df5-90b4-4339-9aee-993ac872db77,56495daa-680a-4cfa-aa64-ac025b45a23b,,exp_st,exp_st,st_predicate_match:algorithm+graph_or_domain
result,82c86485-41d2-4cbe-a71a-b2a57e8f7c47,82c86485-41d2-4cbe-a71a-b2a57e8f7c47,ignnk,466fca13-c306-4faa-8421-8673657af8f2,fa9c7108-176e-4c68-840d-6acf3a3e59e4,test,COMPLETED,spatiotemporal,spatiotemporal,grid_8n_v1,sha256:e4d3c5194b5ac30ca62c968fa45e9a57741b8a9875a01227139f10ef74e5af74,92205df5-90b4-4339-9aee-993ac872db77,56495daa-680a-4cfa-aa64-ac025b45a23b,,exp_st,exp_st,st_predicate_match:algorithm+graph_or_domain
result,9133ff7b-b5f2-4c88-8ba9-77b8d91f8f04,9133ff7b-b5f2-4c88-8ba9-77b8d91f8f04,ignnk,466fca13-c306-4faa-8421-8673657af8f2,fa9c7108-176e-4c68-840d-6acf3a3e59e4,test,COMPLETED,spatiotemporal,spatiotemporal,grid_8n_v1,sha256:e4d3c5194b5ac30ca62c968fa45e9a57741b8a9875a01227139f10ef74e5af74,92205df5-90b4-4339-9aee-993ac872db77,56495daa-680a-4cfa-aa64-ac025b45a23b,,exp_st,exp_st,st_predicate_match:algorithm+graph_or_domain
result,1069e9a9-1539-455e-b4dc-4c8a46b0e7ec,1069e9a9-1539-455e-b4dc-4c8a46b0e7ec,ignnk,74215015-f912-42e4-bd7c-a7c9ddc974c4,fa9c7108-176e-4c68-840d-6acf3a3e59e4,test,COMPLETED,spatiotemporal,spatiotemporal,grid_8n_v1,sha256:e4d3c5194b5ac30ca62c968fa45e9a57741b8a9875a01227139f10ef74e5af74,833ff20d-9a0e-4277-9f37-b02aee0072e2,04817ffd-c31c-434c-bc67-cb5c368a1952,,exp_st,exp_st,st_predicate_match:algorithm+graph_or_domain
result,1567fcf6-72ae-4c6c-b320-be57dff061b3,1567fcf6-72ae-4c6c-b320-be57dff061b3,ignnk,74215015-f912-42e4-bd7c-a7c9ddc974c4,fa9c7108-176e-4c68-840d-6acf3a3e59e4,test,COMPLETED,spatiotemporal,spatiotemporal,grid_8n_v1,sha256:e4d3c5194b5ac30ca62c968fa45e9a57741b8a9875a01227139f10ef74e5af74,833ff20d-9a0e-4277-9f37-b02aee0072e2,04817ffd-c31c-434c-bc67-cb5c368a1952,,exp_st,exp_st,st_predicate_match:algorithm+graph_or_domain
result,e1d1d0ab-6f9d-4529-b2e7-bc5b7691867a,e1d1d0ab-6f9d-4529-b2e7-bc5b7691867a,ignnk,74215015-f912-42e4-bd7c-a7c9ddc974c4,fa9c7108-176e-4c68-840d-6acf3a3e59e4,test,COMPLETED,spatiotemporal,spatiotemporal,grid_8n_v1,sha256:e4d3c5194b5ac30ca62c968fa45e9a57741b8a9875a01227139f10ef74e5af74,833ff20d-9a0e-4277-9f37-b02aee0072e2,04817ffd-c31c-434c-bc67-cb5c368a1952,,exp_st,exp_st,st_predicate_match:algorithm+graph_or_domain
result,54f8fcfd-e58c-4593-918f-fe29d8f0cd10,54f8fcfd-e58c-4593-918f-fe29d8f0cd10,ignnk,74215015-f912-42e4-bd7c-a7c9ddc974c4,fa9c7108-176e-4c68-840d-6acf3a3e59e4,test,COMPLETED,spatiotemporal,spatiotemporal,grid_8n_v1,sha256:e4d3c5194b5ac30ca62c968fa45e9a57741b8a9875a01227139f10ef74e5af74,833ff20d-9a0e-4277-9f37-b02aee0072e2,04817ffd-c31c-434c-bc67-cb5c368a1952,,exp_st,exp_st,st_predicate_match:algorithm+graph_or_domain
result,4c62b77b-859d-4bc1-858d-815d25cd6d15,4c62b77b-859d-4bc1-858d-815d25cd6d15,ignnk,74215015-f912-42e4-bd7c-a7c9ddc974c4,fa9c7108-176e-4c68-840d-6acf3a3e59e4,test,COMPLETED,spatiotemporal,spatiotemporal,grid_8n_v1,sha256:e4d3c5194b5ac30ca62c968fa45e9a57741b8a9875a01227139f10ef74e5af74,833ff20d-9a0e-4277-9f37-b02aee0072e2,04817ffd-c31c-434c-bc67-cb5c368a1952,,exp_st,exp_st,st_predicate_match:algorithm+graph_or_domain
result,96e0de90-2480-4d0a-81e1-85c2c5c378d3,96e0de90-2480-4d0a-81e1-85c2c5c378d3,ignnk,aab38e49-5d19-4d89-881d-9b874eb97eb6,fa9c7108-176e-4c68-840d-6acf3a3e59e4,test,COMPLETED,spatiotemporal,spatiotemporal,grid_8n_v1,sha256:e4d3c5194b5ac30ca62c968fa45e9a57741b8a9875a01227139f10ef74e5af74,cca5b02a-95a5-4509-9635-e2caab94e3ba,b455780c-29f5-4dea-8d5e-37b05fbe4391,,exp_st,exp_st,st_predicate_match:algorithm+graph_or_domain
result,fba26f5f-6977-4c63-9614-1b36252ce0c2,fba26f5f-6977-4c63-9614-1b36252ce0c2,ignnk,aab38e49-5d19-4d89-881d-9b874eb97eb6,fa9c7108-176e-4c68-840d-6acf3a3e59e4,test,COMPLETED,spatiotemporal,spatiotemporal,grid_8n_v1,sha256:e4d3c5194b5ac30ca62c968fa45e9a57741b8a9875a01227139f10ef74e5af74,cca5b02a-95a5-4509-9635-e2caab94e3ba,b455780c-29f5-4dea-8d5e-37b05fbe4391,,exp_st,exp_st,st_predicate_match:algorithm+graph_or_domain
result,fd2a135a-37d9-428f-829a-69067a608446,fd2a135a-37d9-428f-829a-69067a608446,ignnk,aab38e49-5d19-4d89-881d-9b874eb97eb6,fa9c7108-176e-4c68-840d-6acf3a3e59e4,test,COMPLETED,spatiotemporal,spatiotemporal,grid_8n_v1,sha256:e4d3c5194b5ac30ca62c968fa45e9a57741b8a9875a01227139f10ef74e5af74,cca5b02a-95a5-4509-9635-e2caab94e3ba,b455780c-29f5-4dea-8d5e-37b05fbe4391,,exp_st,exp_st,st_predicate_match:algorithm+graph_or_domain
result,515af50f-2726-43c2-9c64-f07ab4b0bcee,515af50f-2726-43c2-9c64-f07ab4b0bcee,ignnk,aab38e49-5d19-4d89-881d-9b874eb97eb6,fa9c7108-176e-4c68-840d-6acf3a3e59e4,test,COMPLETED,spatiotemporal,spatiotemporal,grid_8n_v1,sha256:e4d3c5194b5ac30ca62c968fa45e9a57741b8a9875a01227139f10ef74e5af74,cca5b02a-95a5-4509-9635-e2caab94e3ba,b455780c-29f5-4dea-8d5e-37b05fbe4391,,exp_st,exp_st,st_predicate_match:algorithm+graph_or_domain
result,f91766bb-156c-4974-91b7-da166ef51e16,f91766bb-156c-4974-91b7-da166ef51e16,ignnk,aab38e49-5d19-4d89-881d-9b874eb97eb6,fa9c7108-176e-4c68-840d-6acf3a3e59e4,test,COMPLETED,spatiotemporal,spatiotemporal,grid_8n_v1,sha256:e4d3c5194b5ac30ca62c968fa45e9a57741b8a9875a01227139f10ef74e5af74,cca5b02a-95a5-4509-9635-e2caab94e3ba,b455780c-29f5-4dea-8d5e-37b05fbe4391,,exp_st,exp_st,st_predicate_match:algorithm+graph_or_domain
result,4a18430c-aaf5-4e9e-aa6f-b44462e0b85f,4a18430c-aaf5-4e9e-aa6f-b44462e0b85f,ignnk,3de05a1e-8c5d-456d-832c-4e2c1c3eeb3e,fa9c7108-176e-4c68-840d-6acf3a3e59e4,test,COMPLETED,spatiotemporal,spatiotemporal,grid_8n_v1,sha256:e4d3c5194b5ac30ca62c968fa45e9a57741b8a9875a01227139f10ef74e5af74,dae22ea1-61c4-4756-be60-6db45294794f,1b614633-65b5-4813-af64-bbfd4f73ead5,,exp_st,exp_st,st_predicate_match:algorithm+graph_or_domain
result,ae8b8e3c-68ff-416c-939d-a0d75a8111a9,ae8b8e3c-68ff-416c-939d-a0d75a8111a9,ignnk,3de05a1e-8c5d-456d-832c-4e2c1c3eeb3e,fa9c7108-176e-4c68-840d-6acf3a3e59e4,test,COMPLETED,spatiotemporal,spatiotemporal,grid_8n_v1,sha256:e4d3c5194b5ac30ca62c968fa45e9a57741b8a9875a01227139f10ef74e5af74,dae22ea1-61c4-4756-be60-6db45294794f,1b614633-65b5-4813-af64-bbfd4f73ead5,,exp_st,exp_st,st_predicate_match:algorithm+graph_or_domain
result,8b27c2d0-3a37-4cd1-86f2-6575b8661451,8b27c2d0-3a37-4cd1-86f2-6575b8661451,ignnk,3de05a1e-8c5d-456d-832c-4e2c1c3eeb3e,fa9c7108-176e-4c68-840d-6acf3a3e59e4,test,COMPLETED,spatiotemporal,spatiotemporal,grid_8n_v1,sha256:e4d3c5194b5ac30ca62c968fa45e9a57741b8a9875a01227139f10ef74e5af74,dae22ea1-61c4-4756-be60-6db45294794f,1b614633-65b5-4813-af64-bbfd4f73ead5,,exp_st,exp_st,st_predicate_match:algorithm+graph_or_domain
result,78b07278-f22f-4eee-8051-63efe02c0326,78b07278-f22f-4eee-8051-63efe02c0326,ignnk,3de05a1e-8c5d-456d-832c-4e2c1c3eeb3e,fa9c7108-176e-4c68-840d-6acf3a3e59e4,test,COMPLETED,spatiotemporal,spatiotemporal,grid_8n_v1,sha256:e4d3c5194b5ac30ca62c968fa45e9a57741b8a9875a01227139f10ef74e5af74,dae22ea1-61c4-4756-be60-6db45294794f,1b614633-65b5-4813-af64-bbfd4f73ead5,,exp_st,exp_st,st_predicate_match:algorithm+graph_or_domain
result,96cb09bc-6a8c-4f4a-b6bc-cd524baff398,96cb09bc-6a8c-4f4a-b6bc-cd524baff398,ignnk,3de05a1e-8c5d-456d-832c-4e2c1c3eeb3e,fa9c7108-176e-4c68-840d-6acf3a3e59e4,test,COMPLETED,spatiotemporal,spatiotemporal,grid_8n_v1,sha256:e4d3c5194b5ac30ca62c968fa45e9a57741b8a9875a01227139f10ef74e5af74,dae22ea1-61c4-4756-be60-6db45294794f,1b614633-65b5-4813-af64-bbfd4f73ead5,,exp_st,exp_st,st_predicate_match:algorithm+graph_or_domain
result,bf01b14d-d6b9-41c5-9a15-735e97fb60bd,bf01b14d-d6b9-41c5-9a15-735e97fb60bd,ignnk,87357b15-4d4c-4907-aa22-b0a378a401b3,fa9c7108-176e-4c68-840d-6acf3a3e59e4,test,COMPLETED,spatiotemporal,spatiotemporal,grid_8n_v1,sha256:e4d3c5194b5ac30ca62c968fa45e9a57741b8a9875a01227139f10ef74e5af74,54160664-f2d3-4400-94dc-686eb451931b,449729ec-f83d-4f5a-9dda-d1f29dc88f47,,exp_st,exp_st,st_predicate_match:algorithm+graph_or_domain
result,ee0863a4-6462-496d-b1cd-575cf0a6d5b4,ee0863a4-6462-496d-b1cd-575cf0a6d5b4,ignnk,87357b15-4d4c-4907-aa22-b0a378a401b3,fa9c7108-176e-4c68-840d-6acf3a3e59e4,test,COMPLETED,spatiotemporal,spatiotemporal,grid_8n_v1,sha256:e4d3c5194b5ac30ca62c968fa45e9a57741b8a9875a01227139f10ef74e5af74,54160664-f2d3-4400-94dc-686eb451931b,449729ec-f83d-4f5a-9dda-d1f29dc88f47,,exp_st,exp_st,st_predicate_match:algorithm+graph_or_domain
result,f7d9f811-3b3e-4317-8269-0c545dc43655,f7d9f811-3b3e-4317-8269-0c545dc43655,ignnk,87357b15-4d4c-4907-aa22-b0a378a401b3,fa9c7108-176e-4c68-840d-6acf3a3e59e4,test,COMPLETED,spatiotemporal,spatiotemporal,grid_8n_v1,sha256:e4d3c5194b5ac30ca62c968fa45e9a57741b8a9875a01227139f10ef74e5af74,54160664-f2d3-4400-94dc-686eb451931b,449729ec-f83d-4f5a-9dda-d1f29dc88f47,,exp_st,exp_st,st_predicate_match:algorithm+graph_or_domain
result,9de1c8f8-bd4f-438e-9812-e7a63b7fb6c3,9de1c8f8-bd4f-438e-9812-e7a63b7fb6c3,ignnk,87357b15-4d4c-4907-aa22-b0a378a401b3,fa9c7108-176e-4c68-840d-6acf3a3e59e4,test,COMPLETED,spatiotemporal,spatiotemporal,grid_8n_v1,sha256:e4d3c5194b5ac30ca62c968fa45e9a57741b8a9875a01227139f10ef74e5af74,54160664-f2d3-4400-94dc-686eb451931b,449729ec-f83d-4f5a-9dda-d1f29dc88f47,,exp_st,exp_st,st_predicate_match:algorithm+graph_or_domain
result,c63a16f9-9bff-4872-b182-baf305203710,c63a16f9-9bff-4872-b182-baf305203710,ignnk,87357b15-4d4c-4907-aa22-b0a378a401b3,fa9c7108-176e-4c68-840d-6acf3a3e59e4,test,COMPLETED,spatiotemporal,spatiotemporal,grid_8n_v1,sha256:e4d3c5194b5ac30ca62c968fa45e9a57741b8a9875a01227139f10ef74e5af74,54160664-f2d3-4400-94dc-686eb451931b,449729ec-f83d-4f5a-9dda-d1f29dc88f47,,exp_st,exp_st,st_predicate_match:algorithm+graph_or_domain
result,51a1bee0-b41f-432b-93af-c34410359b62,51a1bee0-b41f-432b-93af-c34410359b62,dcrnn,6150580b-4892-43ca-bb3c-15c6a5ed18d8,fa9c7108-176e-4c68-840d-6acf3a3e59e4,test,COMPLETED,spatiotemporal,spatiotemporal,grid_8n_v1,sha256:e4d3c5194b5ac30ca62c968fa45e9a57741b8a9875a01227139f10ef74e5af74,6f295bb9-37e5-49cc-9829-e4802dd02ab2,07d6a590-509d-4f69-9556-fcca52909a3f,,exp_st,exp_st,st_predicate_match:algorithm+graph_or_domain
result,dd78ef09-a472-4f9a-b21f-c9aa32b51033,dd78ef09-a472-4f9a-b21f-c9aa32b51033,dcrnn,6150580b-4892-43ca-bb3c-15c6a5ed18d8,fa9c7108-176e-4c68-840d-6acf3a3e59e4,test,COMPLETED,spatiotemporal,spatiotemporal,grid_8n_v1,sha256:e4d3c5194b5ac30ca62c968fa45e9a57741b8a9875a01227139f10ef74e5af74,6f295bb9-37e5-49cc-9829-e4802dd02ab2,07d6a590-509d-4f69-9556-fcca52909a3f,,exp_st,exp_st,st_predicate_match:algorithm+graph_or_domain
result,149bb1b8-b232-4926-99e0-5379ae47306b,149bb1b8-b232-4926-99e0-5379ae47306b,dcrnn,6150580b-4892-43ca-bb3c-15c6a5ed18d8,fa9c7108-176e-4c68-840d-6acf3a3e59e4,test,COMPLETED,spatiotemporal,spatiotemporal,grid_8n_v1,sha256:e4d3c5194b5ac30ca62c968fa45e9a57741b8a9875a01227139f10ef74e5af74,6f295bb9-37e5-49cc-9829-e4802dd02ab2,07d6a590-509d-4f69-9556-fcca52909a3f,,exp_st,exp_st,st_predicate_match:algorithm+graph_or_domain
result,c5f621d7-ad1a-4078-a80c-a400321c69dc,c5f621d7-ad1a-4078-a80c-a400321c69dc,dcrnn,6150580b-4892-43ca-bb3c-15c6a5ed18d8,fa9c7108-176e-4c68-840d-6acf3a3e59e4,test,COMPLETED,spatiotemporal,spatiotemporal,grid_8n_v1,sha256:e4d3c5194b5ac30ca62c968fa45e9a57741b8a9875a01227139f10ef74e5af74,6f295bb9-37e5-49cc-9829-e4802dd02ab2,07d6a590-509d-4f69-9556-fcca52909a3f,,exp_st,exp_st,st_predicate_match:algorithm+graph_or_domain
result,0acc520e-f164-492b-b71d-67dd6bc78ddc,0acc520e-f164-492b-b71d-67dd6bc78ddc,dcrnn,6150580b-4892-43ca-bb3c-15c6a5ed18d8,fa9c7108-176e-4c68-840d-6acf3a3e59e4,test,COMPLETED,spatiotemporal,spatiotemporal,grid_8n_v1,sha256:e4d3c5194b5ac30ca62c968fa45e9a57741b8a9875a01227139f10ef74e5af74,6f295bb9-37e5-49cc-9829-e4802dd02ab2,07d6a590-509d-4f69-9556-fcca52909a3f,,exp_st,exp_st,st_predicate_match:algorithm+graph_or_domain
result,e182e2ab-4e2a-41ca-ac32-b6f1da2632a3,e182e2ab-4e2a-41ca-ac32-b6f1da2632a3,dcrnn,f23349c4-a440-4da2-a3db-0658328dffaa,fa9c7108-176e-4c68-840d-6acf3a3e59e4,test,COMPLETED,spatiotemporal,spatiotemporal,grid_8n_v1,sha256:e4d3c5194b5ac30ca62c968fa45e9a57741b8a9875a01227139f10ef74e5af74,92205df5-90b4-4339-9aee-993ac872db77,56495daa-680a-4cfa-aa64-ac025b45a23b,,exp_st,exp_st,st_predicate_match:algorithm+graph_or_domain
result,a629bd4c-ab0c-46d4-a3c4-58284327f0c7,a629bd4c-ab0c-46d4-a3c4-58284327f0c7,dcrnn,f23349c4-a440-4da2-a3db-0658328dffaa,fa9c7108-176e-4c68-840d-6acf3a3e59e4,test,COMPLETED,spatiotemporal,spatiotemporal,grid_8n_v1,sha256:e4d3c5194b5ac30ca62c968fa45e9a57741b8a9875a01227139f10ef74e5af74,92205df5-90b4-4339-9aee-993ac872db77,56495daa-680a-4cfa-aa64-ac025b45a23b,,exp_st,exp_st,st_predicate_match:algorithm+graph_or_domain
result,0f86de2d-c509-4ca8-867e-d954a50c0e4e,0f86de2d-c509-4ca8-867e-d954a50c0e4e,dcrnn,f23349c4-a440-4da2-a3db-0658328dffaa,fa9c7108-176e-4c68-840d-6acf3a3e59e4,test,COMPLETED,spatiotemporal,spatiotemporal,grid_8n_v1,sha256:e4d3c5194b5ac30ca62c968fa45e9a57741b8a9875a01227139f10ef74e5af74,92205df5-90b4-4339-9aee-993ac872db77,56495daa-680a-4cfa-aa64-ac025b45a23b,,exp_st,exp_st,st_predicate_match:algorithm+graph_or_domain
result,442100a3-68fc-4c52-8b27-e97f1a71dfb2,442100a3-68fc-4c52-8b27-e97f1a71dfb2,dcrnn,f23349c4-a440-4da2-a3db-0658328dffaa,fa9c7108-176e-4c68-840d-6acf3a3e59e4,test,COMPLETED,spatiotemporal,spatiotemporal,grid_8n_v1,sha256:e4d3c5194b5ac30ca62c968fa45e9a57741b8a9875a01227139f10ef74e5af74,92205df5-90b4-4339-9aee-993ac872db77,56495daa-680a-4cfa-aa64-ac025b45a23b,,exp_st,exp_st,st_predicate_match:algorithm+graph_or_domain
result,2abd3964-ca24-491f-8b9f-ec0493908f3e,2abd3964-ca24-491f-8b9f-ec0493908f3e,dcrnn,f23349c4-a440-4da2-a3db-0658328dffaa,fa9c7108-176e-4c68-840d-6acf3a3e59e4,test,COMPLETED,spatiotemporal,spatiotemporal,grid_8n_v1,sha256:e4d3c5194b5ac30ca62c968fa45e9a57741b8a9875a01227139f10ef74e5af74,92205df5-90b4-4339-9aee-993ac872db77,56495daa-680a-4cfa-aa64-ac025b45a23b,,exp_st,exp_st,st_predicate_match:algorithm+graph_or_domain
result,3447bdf5-22bf-41f2-ab41-5873159d778d,3447bdf5-22bf-41f2-ab41-5873159d778d,dcrnn,d92a94c2-34e7-44e3-b9df-70955fc4cd34,fa9c7108-176e-4c68-840d-6acf3a3e59e4,test,COMPLETED,spatiotemporal,spatiotemporal,grid_8n_v1,sha256:e4d3c5194b5ac30ca62c968fa45e9a57741b8a9875a01227139f10ef74e5af74,833ff20d-9a0e-4277-9f37-b02aee0072e2,04817ffd-c31c-434c-bc67-cb5c368a1952,,exp_st,exp_st,st_predicate_match:algorithm+graph_or_domain
result,fccc2145-e7e6-428f-b84e-11fee3faaed7,fccc2145-e7e6-428f-b84e-11fee3faaed7,dcrnn,d92a94c2-34e7-44e3-b9df-70955fc4cd34,fa9c7108-176e-4c68-840d-6acf3a3e59e4,test,COMPLETED,spatiotemporal,spatiotemporal,grid_8n_v1,sha256:e4d3c5194b5ac30ca62c968fa45e9a57741b8a9875a01227139f10ef74e5af74,833ff20d-9a0e-4277-9f37-b02aee0072e2,04817ffd-c31c-434c-bc67-cb5c368a1952,,exp_st,exp_st,st_predicate_match:algorithm+graph_or_domain
result,d28e7c1f-1b15-4619-ba27-9e71dd7eea12,d28e7c1f-1b15-4619-ba27-9e71dd7eea12,dcrnn,d92a94c2-34e7-44e3-b9df-70955fc4cd34,fa9c7108-176e-4c68-840d-6acf3a3e59e4,test,COMPLETED,spatiotemporal,spatiotemporal,grid_8n_v1,sha256:e4d3c5194b5ac30ca62c968fa45e9a57741b8a9875a01227139f10ef74e5af74,833ff20d-9a0e-4277-9f37-b02aee0072e2,04817ffd-c31c-434c-bc67-cb5c368a1952,,exp_st,exp_st,st_predicate_match:algorithm+graph_or_domain
result,1d19c21a-4ba6-46b5-8e3b-d9ca3d654162,1d19c21a-4ba6-46b5-8e3b-d9ca3d654162,dcrnn,d92a94c2-34e7-44e3-b9df-70955fc4cd34,fa9c7108-176e-4c68-840d-6acf3a3e59e4,test,COMPLETED,spatiotemporal,spatiotemporal,grid_8n_v1,sha256:e4d3c5194b5ac30ca62c968fa45e9a57741b8a9875a01227139f10ef74e5af74,833ff20d-9a0e-4277-9f37-b02aee0072e2,04817ffd-c31c-434c-bc67-cb5c368a1952,,exp_st,exp_st,st_predicate_match:algorithm+graph_or_domain
result,8da8c07a-5b42-41c6-b3c3-530b1313d5a7,8da8c07a-5b42-41c6-b3c3-530b1313d5a7,dcrnn,d92a94c2-34e7-44e3-b9df-70955fc4cd34,fa9c7108-176e-4c68-840d-6acf3a3e59e4,test,COMPLETED,spatiotemporal,spatiotemporal,grid_8n_v1,sha256:e4d3c5194b5ac30ca62c968fa45e9a57741b8a9875a01227139f10ef74e5af74,833ff20d-9a0e-4277-9f37-b02aee0072e2,04817ffd-c31c-434c-bc67-cb5c368a1952,,exp_st,exp_st,st_predicate_match:algorithm+graph_or_domain
result,d09bf67e-bb29-494d-8551-a8ddce155d0c,d09bf67e-bb29-494d-8551-a8ddce155d0c,dcrnn,58a56a0c-6934-4509-869b-b17dd201ff97,fa9c7108-176e-4c68-840d-6acf3a3e59e4,test,COMPLETED,spatiotemporal,spatiotemporal,grid_8n_v1,sha256:e4d3c5194b5ac30ca62c968fa45e9a57741b8a9875a01227139f10ef74e5af74,cca5b02a-95a5-4509-9635-e2caab94e3ba,b455780c-29f5-4dea-8d5e-37b05fbe4391,,exp_st,exp_st,st_predicate_match:algorithm+graph_or_domain
result,97d4d0bd-edba-49df-90c5-a3ee111de1c5,97d4d0bd-edba-49df-90c5-a3ee111de1c5,dcrnn,58a56a0c-6934-4509-869b-b17dd201ff97,fa9c7108-176e-4c68-840d-6acf3a3e59e4,test,COMPLETED,spatiotemporal,spatiotemporal,grid_8n_v1,sha256:e4d3c5194b5ac30ca62c968fa45e9a57741b8a9875a01227139f10ef74e5af74,cca5b02a-95a5-4509-9635-e2caab94e3ba,b455780c-29f5-4dea-8d5e-37b05fbe4391,,exp_st,exp_st,st_predicate_match:algorithm+graph_or_domain
result,773b0c4d-02d7-49c9-8c26-b0706c60b2be,773b0c4d-02d7-49c9-8c26-b0706c60b2be,dcrnn,58a56a0c-6934-4509-869b-b17dd201ff97,fa9c7108-176e-4c68-840d-6acf3a3e59e4,test,COMPLETED,spatiotemporal,spatiotemporal,grid_8n_v1,sha256:e4d3c5194b5ac30ca62c968fa45e9a57741b8a9875a01227139f10ef74e5af74,cca5b02a-95a5-4509-9635-e2caab94e3ba,b455780c-29f5-4dea-8d5e-37b05fbe4391,,exp_st,exp_st,st_predicate_match:algorithm+graph_or_domain
result,f887ac64-1714-438f-b13a-8251d4f25a59,f887ac64-1714-438f-b13a-8251d4f25a59,dcrnn,58a56a0c-6934-4509-869b-b17dd201ff97,fa9c7108-176e-4c68-840d-6acf3a3e59e4,test,COMPLETED,spatiotemporal,spatiotemporal,grid_8n_v1,sha256:e4d3c5194b5ac30ca62c968fa45e9a57741b8a9875a01227139f10ef74e5af74,cca5b02a-95a5-4509-9635-e2caab94e3ba,b455780c-29f5-4dea-8d5e-37b05fbe4391,,exp_st,exp_st,st_predicate_match:algorithm+graph_or_domain
result,d389f1da-b957-41be-b9a5-89b8041d5743,d389f1da-b957-41be-b9a5-89b8041d5743,dcrnn,58a56a0c-6934-4509-869b-b17dd201ff97,fa9c7108-176e-4c68-840d-6acf3a3e59e4,test,COMPLETED,spatiotemporal,spatiotemporal,grid_8n_v1,sha256:e4d3c5194b5ac30ca62c968fa45e9a57741b8a9875a01227139f10ef74e5af74,cca5b02a-95a5-4509-9635-e2caab94e3ba,b455780c-29f5-4dea-8d5e-37b05fbe4391,,exp_st,exp_st,st_predicate_match:algorithm+graph_or_domain
result,f68aa91b-ec8f-447c-bdef-58bca3e342ad,f68aa91b-ec8f-447c-bdef-58bca3e342ad,dcrnn,32c7e573-7fac-45e0-bcc6-e037eaf0bf2d,fa9c7108-176e-4c68-840d-6acf3a3e59e4,test,COMPLETED,spatiotemporal,spatiotemporal,grid_8n_v1,sha256:e4d3c5194b5ac30ca62c968fa45e9a57741b8a9875a01227139f10ef74e5af74,dae22ea1-61c4-4756-be60-6db45294794f,1b614633-65b5-4813-af64-bbfd4f73ead5,,exp_st,exp_st,st_predicate_match:algorithm+graph_or_domain
result,3b40108b-14c5-497b-ae17-c1c5331b5f65,3b40108b-14c5-497b-ae17-c1c5331b5f65,dcrnn,32c7e573-7fac-45e0-bcc6-e037eaf0bf2d,fa9c7108-176e-4c68-840d-6acf3a3e59e4,test,COMPLETED,spatiotemporal,spatiotemporal,grid_8n_v1,sha256:e4d3c5194b5ac30ca62c968fa45e9a57741b8a9875a01227139f10ef74e5af74,dae22ea1-61c4-4756-be60-6db45294794f,1b614633-65b5-4813-af64-bbfd4f73ead5,,exp_st,exp_st,st_predicate_match:algorithm+graph_or_domain
result,dac966f1-64ff-49b7-973f-ece7a0bd8bcb,dac966f1-64ff-49b7-973f-ece7a0bd8bcb,dcrnn,32c7e573-7fac-45e0-bcc6-e037eaf0bf2d,fa9c7108-176e-4c68-840d-6acf3a3e59e4,test,COMPLETED,spatiotemporal,spatiotemporal,grid_8n_v1,sha256:e4d3c5194b5ac30ca62c968fa45e9a57741b8a9875a01227139f10ef74e5af74,dae22ea1-61c4-4756-be60-6db45294794f,1b614633-65b5-4813-af64-bbfd4f73ead5,,exp_st,exp_st,st_predicate_match:algorithm+graph_or_domain
result,10f71e09-3d3f-4195-9b85-6c43a5687072,10f71e09-3d3f-4195-9b85-6c43a5687072,dcrnn,32c7e573-7fac-45e0-bcc6-e037eaf0bf2d,fa9c7108-176e-4c68-840d-6acf3a3e59e4,test,COMPLETED,spatiotemporal,spatiotemporal,grid_8n_v1,sha256:e4d3c5194b5ac30ca62c968fa45e9a57741b8a9875a01227139f10ef74e5af74,dae22ea1-61c4-4756-be60-6db45294794f,1b614633-65b5-4813-af64-bbfd4f73ead5,,exp_st,exp_st,st_predicate_match:algorithm+graph_or_domain
result,2394ffc7-3463-4e67-afeb-c5e026454baa,2394ffc7-3463-4e67-afeb-c5e026454baa,dcrnn,32c7e573-7fac-45e0-bcc6-e037eaf0bf2d,fa9c7108-176e-4c68-840d-6acf3a3e59e4,test,COMPLETED,spatiotemporal,spatiotemporal,grid_8n_v1,sha256:e4d3c5194b5ac30ca62c968fa45e9a57741b8a9875a01227139f10ef74e5af74,dae22ea1-61c4-4756-be60-6db45294794f,1b614633-65b5-4813-af64-bbfd4f73ead5,,exp_st,exp_st,st_predicate_match:algorithm+graph_or_domain
result,3cffa705-160c-48b6-8baf-963868bd9ae6,3cffa705-160c-48b6-8baf-963868bd9ae6,dcrnn,f2f90674-bf1b-4156-8021-6e5c0ea8a590,fa9c7108-176e-4c68-840d-6acf3a3e59e4,test,COMPLETED,spatiotemporal,spatiotemporal,grid_8n_v1,sha256:e4d3c5194b5ac30ca62c968fa45e9a57741b8a9875a01227139f10ef74e5af74,54160664-f2d3-4400-94dc-686eb451931b,449729ec-f83d-4f5a-9dda-d1f29dc88f47,,exp_st,exp_st,st_predicate_match:algorithm+graph_or_domain
result,a9d0471e-e37b-4b3c-b926-0cbb045bc1f6,a9d0471e-e37b-4b3c-b926-0cbb045bc1f6,dcrnn,f2f90674-bf1b-4156-8021-6e5c0ea8a590,fa9c7108-176e-4c68-840d-6acf3a3e59e4,test,COMPLETED,spatiotemporal,spatiotemporal,grid_8n_v1,sha256:e4d3c5194b5ac30ca62c968fa45e9a57741b8a9875a01227139f10ef74e5af74,54160664-f2d3-4400-94dc-686eb451931b,449729ec-f83d-4f5a-9dda-d1f29dc88f47,,exp_st,exp_st,st_predicate_match:algorithm+graph_or_domain
result,bf4a4519-4a98-495f-be97-93b29955f8f8,bf4a4519-4a98-495f-be97-93b29955f8f8,dcrnn,f2f90674-bf1b-4156-8021-6e5c0ea8a590,fa9c7108-176e-4c68-840d-6acf3a3e59e4,test,COMPLETED,spatiotemporal,spatiotemporal,grid_8n_v1,sha256:e4d3c5194b5ac30ca62c968fa45e9a57741b8a9875a01227139f10ef74e5af74,54160664-f2d3-4400-94dc-686eb451931b,449729ec-f83d-4f5a-9dda-d1f29dc88f47,,exp_st,exp_st,st_predicate_match:algorithm+graph_or_domain
result,f753479f-2025-4326-b2c3-fc854ab2a164,f753479f-2025-4326-b2c3-fc854ab2a164,dcrnn,f2f90674-bf1b-4156-8021-6e5c0ea8a590,fa9c7108-176e-4c68-840d-6acf3a3e59e4,test,COMPLETED,spatiotemporal,spatiotemporal,grid_8n_v1,sha256:e4d3c5194b5ac30ca62c968fa45e9a57741b8a9875a01227139f10ef74e5af74,54160664-f2d3-4400-94dc-686eb451931b,449729ec-f83d-4f5a-9dda-d1f29dc88f47,,exp_st,exp_st,st_predicate_match:algorithm+graph_or_domain
result,53572d24-e413-46e5-9f03-fec51dc6ed4a,53572d24-e413-46e5-9f03-fec51dc6ed4a,dcrnn,f2f90674-bf1b-4156-8021-6e5c0ea8a590,fa9c7108-176e-4c68-840d-6acf3a3e59e4,test,COMPLETED,spatiotemporal,spatiotemporal,grid_8n_v1,sha256:e4d3c5194b5ac30ca62c968fa45e9a57741b8a9875a01227139f10ef74e5af74,54160664-f2d3-4400-94dc-686eb451931b,449729ec-f83d-4f5a-9dda-d1f29dc88f47,,exp_st,exp_st,st_predicate_match:algorithm+graph_or_domain
result,ba2d5a27-5103-4431-8548-3fc5fb4af360,ba2d5a27-5103-4431-8548-3fc5fb4af360,stgcn,8c3eaad9-4a5b-4eb1-9b70-ba5e09d66d6a,fa9c7108-176e-4c68-840d-6acf3a3e59e4,test,COMPLETED,spatiotemporal,spatiotemporal,distance_knn_v1,sha256:6b6383b859dcb85551f221c474ed687de844cc3191dc4e5c368849578c13d4ce,92661fd0-5043-494c-8e17-da6427233d2a,5e774982-0aee-4475-97b6-035c21712054,,exp_st,exp_st,st_predicate_match:algorithm+graph_or_domain
result,94018543-4a9d-4cff-ba39-0ea475c7c1f5,94018543-4a9d-4cff-ba39-0ea475c7c1f5,stgcn,8c3eaad9-4a5b-4eb1-9b70-ba5e09d66d6a,fa9c7108-176e-4c68-840d-6acf3a3e59e4,test,COMPLETED,spatiotemporal,spatiotemporal,distance_knn_v1,sha256:6b6383b859dcb85551f221c474ed687de844cc3191dc4e5c368849578c13d4ce,92661fd0-5043-494c-8e17-da6427233d2a,5e774982-0aee-4475-97b6-035c21712054,,exp_st,exp_st,st_predicate_match:algorithm+graph_or_domain
result,0954c62d-29af-414b-bb8f-0598e67faf0b,0954c62d-29af-414b-bb8f-0598e67faf0b,stgcn,8c3eaad9-4a5b-4eb1-9b70-ba5e09d66d6a,fa9c7108-176e-4c68-840d-6acf3a3e59e4,test,COMPLETED,spatiotemporal,spatiotemporal,distance_knn_v1,sha256:6b6383b859dcb85551f221c474ed687de844cc3191dc4e5c368849578c13d4ce,92661fd0-5043-494c-8e17-da6427233d2a,5e774982-0aee-4475-97b6-035c21712054,,exp_st,exp_st,st_predicate_match:algorithm+graph_or_domain
result,2cc9cbea-4608-4230-a26a-9f3418eae6ce,2cc9cbea-4608-4230-a26a-9f3418eae6ce,stgcn,8c3eaad9-4a5b-4eb1-9b70-ba5e09d66d6a,fa9c7108-176e-4c68-840d-6acf3a3e59e4,test,COMPLETED,spatiotemporal,spatiotemporal,distance_knn_v1,sha256:6b6383b859dcb85551f221c474ed687de844cc3191dc4e5c368849578c13d4ce,92661fd0-5043-494c-8e17-da6427233d2a,5e774982-0aee-4475-97b6-035c21712054,,exp_st,exp_st,st_predicate_match:algorithm+graph_or_domain
result,abdb28e9-fba4-4de7-b06d-88e8996fa09b,abdb28e9-fba4-4de7-b06d-88e8996fa09b,stgcn,8c3eaad9-4a5b-4eb1-9b70-ba5e09d66d6a,fa9c7108-176e-4c68-840d-6acf3a3e59e4,test,COMPLETED,spatiotemporal,spatiotemporal,distance_knn_v1,sha256:6b6383b859dcb85551f221c474ed687de844cc3191dc4e5c368849578c13d4ce,92661fd0-5043-494c-8e17-da6427233d2a,5e774982-0aee-4475-97b6-035c21712054,,exp_st,exp_st,st_predicate_match:algorithm+graph_or_domain
result,dfe8cfaf-0ef9-4679-bd8c-00fac189ed7e,dfe8cfaf-0ef9-4679-bd8c-00fac189ed7e,stgcn,abee8b75-b7b1-42f5-9b38-4325355555d0,fa9c7108-176e-4c68-840d-6acf3a3e59e4,test,COMPLETED,spatiotemporal,spatiotemporal,distance_knn_v1,sha256:6b6383b859dcb85551f221c474ed687de844cc3191dc4e5c368849578c13d4ce,543fc476-6bfe-4b94-8039-910af93f01fb,373b849a-e52c-4c5a-9391-ef6de993c69d,,exp_st,exp_st,st_predicate_match:algorithm+graph_or_domain
result,799d41fa-99d6-476f-a540-ad6ad816c66f,799d41fa-99d6-476f-a540-ad6ad816c66f,stgcn,abee8b75-b7b1-42f5-9b38-4325355555d0,fa9c7108-176e-4c68-840d-6acf3a3e59e4,test,COMPLETED,spatiotemporal,spatiotemporal,distance_knn_v1,sha256:6b6383b859dcb85551f221c474ed687de844cc3191dc4e5c368849578c13d4ce,543fc476-6bfe-4b94-8039-910af93f01fb,373b849a-e52c-4c5a-9391-ef6de993c69d,,exp_st,exp_st,st_predicate_match:algorithm+graph_or_domain
result,1040ba3f-42f8-4069-a740-05d86b8c8966,1040ba3f-42f8-4069-a740-05d86b8c8966,stgcn,abee8b75-b7b1-42f5-9b38-4325355555d0,fa9c7108-176e-4c68-840d-6acf3a3e59e4,test,COMPLETED,spatiotemporal,spatiotemporal,distance_knn_v1,sha256:6b6383b859dcb85551f221c474ed687de844cc3191dc4e5c368849578c13d4ce,543fc476-6bfe-4b94-8039-910af93f01fb,373b849a-e52c-4c5a-9391-ef6de993c69d,,exp_st,exp_st,st_predicate_match:algorithm+graph_or_domain
result,18e83d2b-7d13-4c69-b6d0-c085e35aebc5,18e83d2b-7d13-4c69-b6d0-c085e35aebc5,stgcn,abee8b75-b7b1-42f5-9b38-4325355555d0,fa9c7108-176e-4c68-840d-6acf3a3e59e4,test,COMPLETED,spatiotemporal,spatiotemporal,distance_knn_v1,sha256:6b6383b859dcb85551f221c474ed687de844cc3191dc4e5c368849578c13d4ce,543fc476-6bfe-4b94-8039-910af93f01fb,373b849a-e52c-4c5a-9391-ef6de993c69d,,exp_st,exp_st,st_predicate_match:algorithm+graph_or_domain
result,5a981441-e2eb-4196-a643-c61e0908d1b3,5a981441-e2eb-4196-a643-c61e0908d1b3,stgcn,abee8b75-b7b1-42f5-9b38-4325355555d0,fa9c7108-176e-4c68-840d-6acf3a3e59e4,test,COMPLETED,spatiotemporal,spatiotemporal,distance_knn_v1,sha256:6b6383b859dcb85551f221c474ed687de844cc3191dc4e5c368849578c13d4ce,543fc476-6bfe-4b94-8039-910af93f01fb,373b849a-e52c-4c5a-9391-ef6de993c69d,,exp_st,exp_st,st_predicate_match:algorithm+graph_or_domain
result,341571bc-820f-4df7-9cf5-99a53658b15b,341571bc-820f-4df7-9cf5-99a53658b15b,stgcn,b35c792c-8dd5-4980-8c76-c66eb7094b9f,fa9c7108-176e-4c68-840d-6acf3a3e59e4,test,COMPLETED,spatiotemporal,spatiotemporal,distance_knn_v1,sha256:6b6383b859dcb85551f221c474ed687de844cc3191dc4e5c368849578c13d4ce,1ef718a9-49fd-4c90-8d4d-70a3b80f5b01,1fc01c9f-fefd-4a45-b053-4fcf8b3ff227,,exp_st,exp_st,st_predicate_match:algorithm+graph_or_domain
result,7abdaf0a-a192-4bf1-b437-badb24ae6399,7abdaf0a-a192-4bf1-b437-badb24ae6399,stgcn,b35c792c-8dd5-4980-8c76-c66eb7094b9f,fa9c7108-176e-4c68-840d-6acf3a3e59e4,test,COMPLETED,spatiotemporal,spatiotemporal,distance_knn_v1,sha256:6b6383b859dcb85551f221c474ed687de844cc3191dc4e5c368849578c13d4ce,1ef718a9-49fd-4c90-8d4d-70a3b80f5b01,1fc01c9f-fefd-4a45-b053-4fcf8b3ff227,,exp_st,exp_st,st_predicate_match:algorithm+graph_or_domain
result,ea3664e1-54be-4301-8ed9-8c60e8a1275e,ea3664e1-54be-4301-8ed9-8c60e8a1275e,stgcn,b35c792c-8dd5-4980-8c76-c66eb7094b9f,fa9c7108-176e-4c68-840d-6acf3a3e59e4,test,COMPLETED,spatiotemporal,spatiotemporal,distance_knn_v1,sha256:6b6383b859dcb85551f221c474ed687de844cc3191dc4e5c368849578c13d4ce,1ef718a9-49fd-4c90-8d4d-70a3b80f5b01,1fc01c9f-fefd-4a45-b053-4fcf8b3ff227,,exp_st,exp_st,st_predicate_match:algorithm+graph_or_domain
result,5fc2ad35-5a80-4b19-96f5-abcde0734712,5fc2ad35-5a80-4b19-96f5-abcde0734712,stgcn,b35c792c-8dd5-4980-8c76-c66eb7094b9f,fa9c7108-176e-4c68-840d-6acf3a3e59e4,test,COMPLETED,spatiotemporal,spatiotemporal,distance_knn_v1,sha256:6b6383b859dcb85551f221c474ed687de844cc3191dc4e5c368849578c13d4ce,1ef718a9-49fd-4c90-8d4d-70a3b80f5b01,1fc01c9f-fefd-4a45-b053-4fcf8b3ff227,,exp_st,exp_st,st_predicate_match:algorithm+graph_or_domain
result,ee8f093a-cb05-4d92-afab-e2e157139eb9,ee8f093a-cb05-4d92-afab-e2e157139eb9,stgcn,b35c792c-8dd5-4980-8c76-c66eb7094b9f,fa9c7108-176e-4c68-840d-6acf3a3e59e4,test,COMPLETED,spatiotemporal,spatiotemporal,distance_knn_v1,sha256:6b6383b859dcb85551f221c474ed687de844cc3191dc4e5c368849578c13d4ce,1ef718a9-49fd-4c90-8d4d-70a3b80f5b01,1fc01c9f-fefd-4a45-b053-4fcf8b3ff227,,exp_st,exp_st,st_predicate_match:algorithm+graph_or_domain
result,11f96c2b-d6f1-4715-87ea-9415282e74b5,11f96c2b-d6f1-4715-87ea-9415282e74b5,stgcn,9f797bde-58b9-4c90-933d-28ad6b38baf8,fa9c7108-176e-4c68-840d-6acf3a3e59e4,test,COMPLETED,spatiotemporal,spatiotemporal,distance_knn_v1,sha256:6b6383b859dcb85551f221c474ed687de844cc3191dc4e5c368849578c13d4ce,fb1e57e9-365b-4289-8291-45bc32c9abd5,1d06e2b8-1811-4a01-9995-f59ad66ba7c3,,exp_st,exp_st,st_predicate_match:algorithm+graph_or_domain
result,2c3faca8-77b0-4449-ae09-1b5f09e8b453,2c3faca8-77b0-4449-ae09-1b5f09e8b453,stgcn,9f797bde-58b9-4c90-933d-28ad6b38baf8,fa9c7108-176e-4c68-840d-6acf3a3e59e4,test,COMPLETED,spatiotemporal,spatiotemporal,distance_knn_v1,sha256:6b6383b859dcb85551f221c474ed687de844cc3191dc4e5c368849578c13d4ce,fb1e57e9-365b-4289-8291-45bc32c9abd5,1d06e2b8-1811-4a01-9995-f59ad66ba7c3,,exp_st,exp_st,st_predicate_match:algorithm+graph_or_domain
result,c09b10a3-9975-4aa6-bc1d-fcef986305ac,c09b10a3-9975-4aa6-bc1d-fcef986305ac,stgcn,9f797bde-58b9-4c90-933d-28ad6b38baf8,fa9c7108-176e-4c68-840d-6acf3a3e59e4,test,COMPLETED,spatiotemporal,spatiotemporal,distance_knn_v1,sha256:6b6383b859dcb85551f221c474ed687de844cc3191dc4e5c368849578c13d4ce,fb1e57e9-365b-4289-8291-45bc32c9abd5,1d06e2b8-1811-4a01-9995-f59ad66ba7c3,,exp_st,exp_st,st_predicate_match:algorithm+graph_or_domain
result,162a7389-f3ed-4e97-a94d-5e2b7310d4f8,162a7389-f3ed-4e97-a94d-5e2b7310d4f8,stgcn,9f797bde-58b9-4c90-933d-28ad6b38baf8,fa9c7108-176e-4c68-840d-6acf3a3e59e4,test,COMPLETED,spatiotemporal,spatiotemporal,distance_knn_v1,sha256:6b6383b859dcb85551f221c474ed687de844cc3191dc4e5c368849578c13d4ce,fb1e57e9-365b-4289-8291-45bc32c9abd5,1d06e2b8-1811-4a01-9995-f59ad66ba7c3,,exp_st,exp_st,st_predicate_match:algorithm+graph_or_domain
result,98171992-1179-4c87-8bed-345963a8fd7a,98171992-1179-4c87-8bed-345963a8fd7a,stgcn,9f797bde-58b9-4c90-933d-28ad6b38baf8,fa9c7108-176e-4c68-840d-6acf3a3e59e4,test,COMPLETED,spatiotemporal,spatiotemporal,distance_knn_v1,sha256:6b6383b859dcb85551f221c474ed687de844cc3191dc4e5c368849578c13d4ce,fb1e57e9-365b-4289-8291-45bc32c9abd5,1d06e2b8-1811-4a01-9995-f59ad66ba7c3,,exp_st,exp_st,st_predicate_match:algorithm+graph_or_domain
result,cee2c263-98cc-45e4-8c84-6054b4d540ff,cee2c263-98cc-45e4-8c84-6054b4d540ff,stgcn,4875cd94-306c-4069-af85-5d1762324a65,fa9c7108-176e-4c68-840d-6acf3a3e59e4,test,COMPLETED,spatiotemporal,spatiotemporal,distance_knn_v1,sha256:6b6383b859dcb85551f221c474ed687de844cc3191dc4e5c368849578c13d4ce,1aa3dec4-b83a-49e3-b2e4-c61e8f730eff,9afa61e0-8cda-44c6-91a9-5585592b5c75,,exp_st,exp_st,st_predicate_match:algorithm+graph_or_domain
result,9b35f965-240d-4286-ac61-f576896ccfc9,9b35f965-240d-4286-ac61-f576896ccfc9,stgcn,4875cd94-306c-4069-af85-5d1762324a65,fa9c7108-176e-4c68-840d-6acf3a3e59e4,test,COMPLETED,spatiotemporal,spatiotemporal,distance_knn_v1,sha256:6b6383b859dcb85551f221c474ed687de844cc3191dc4e5c368849578c13d4ce,1aa3dec4-b83a-49e3-b2e4-c61e8f730eff,9afa61e0-8cda-44c6-91a9-5585592b5c75,,exp_st,exp_st,st_predicate_match:algorithm+graph_or_domain
result,5b4f690b-4fc0-4d42-8929-11c186256751,5b4f690b-4fc0-4d42-8929-11c186256751,stgcn,4875cd94-306c-4069-af85-5d1762324a65,fa9c7108-176e-4c68-840d-6acf3a3e59e4,test,COMPLETED,spatiotemporal,spatiotemporal,distance_knn_v1,sha256:6b6383b859dcb85551f221c474ed687de844cc3191dc4e5c368849578c13d4ce,1aa3dec4-b83a-49e3-b2e4-c61e8f730eff,9afa61e0-8cda-44c6-91a9-5585592b5c75,,exp_st,exp_st,st_predicate_match:algorithm+graph_or_domain
result,d019bffd-b9ee-4172-bb8d-5c78de875655,d019bffd-b9ee-4172-bb8d-5c78de875655,stgcn,4875cd94-306c-4069-af85-5d1762324a65,fa9c7108-176e-4c68-840d-6acf3a3e59e4,test,COMPLETED,spatiotemporal,spatiotemporal,distance_knn_v1,sha256:6b6383b859dcb85551f221c474ed687de844cc3191dc4e5c368849578c13d4ce,1aa3dec4-b83a-49e3-b2e4-c61e8f730eff,9afa61e0-8cda-44c6-91a9-5585592b5c75,,exp_st,exp_st,st_predicate_match:algorithm+graph_or_domain
result,edb3943c-99f8-48cf-83e9-68ce6fe78c42,edb3943c-99f8-48cf-83e9-68ce6fe78c42,stgcn,4875cd94-306c-4069-af85-5d1762324a65,fa9c7108-176e-4c68-840d-6acf3a3e59e4,test,COMPLETED,spatiotemporal,spatiotemporal,distance_knn_v1,sha256:6b6383b859dcb85551f221c474ed687de844cc3191dc4e5c368849578c13d4ce,1aa3dec4-b83a-49e3-b2e4-c61e8f730eff,9afa61e0-8cda-44c6-91a9-5585592b5c75,,exp_st,exp_st,st_predicate_match:algorithm+graph_or_domain
result,f7758a39-4e89-470e-a6be-6ea9423ecab7,f7758a39-4e89-470e-a6be-6ea9423ecab7,stgcn,ca895028-df9f-4739-9e64-b498886a2269,fa9c7108-176e-4c68-840d-6acf3a3e59e4,test,COMPLETED,spatiotemporal,spatiotemporal,distance_knn_v1,sha256:6b6383b859dcb85551f221c474ed687de844cc3191dc4e5c368849578c13d4ce,50888e3a-5847-4cdd-90af-28b713afaf33,d4058f79-7c29-4699-a7bd-6fd7699d61f4,,exp_st,exp_st,st_predicate_match:algorithm+graph_or_domain
result,4d4e3b83-7819-4bae-a42f-bad62d2d9109,4d4e3b83-7819-4bae-a42f-bad62d2d9109,stgcn,ca895028-df9f-4739-9e64-b498886a2269,fa9c7108-176e-4c68-840d-6acf3a3e59e4,test,COMPLETED,spatiotemporal,spatiotemporal,distance_knn_v1,sha256:6b6383b859dcb85551f221c474ed687de844cc3191dc4e5c368849578c13d4ce,50888e3a-5847-4cdd-90af-28b713afaf33,d4058f79-7c29-4699-a7bd-6fd7699d61f4,,exp_st,exp_st,st_predicate_match:algorithm+graph_or_domain
result,f05ff374-2d72-4ef8-9334-6e4445d4fb5f,f05ff374-2d72-4ef8-9334-6e4445d4fb5f,stgcn,ca895028-df9f-4739-9e64-b498886a2269,fa9c7108-176e-4c68-840d-6acf3a3e59e4,test,COMPLETED,spatiotemporal,spatiotemporal,distance_knn_v1,sha256:6b6383b859dcb85551f221c474ed687de844cc3191dc4e5c368849578c13d4ce,50888e3a-5847-4cdd-90af-28b713afaf33,d4058f79-7c29-4699-a7bd-6fd7699d61f4,,exp_st,exp_st,st_predicate_match:algorithm+graph_or_domain
result,eeafd103-4153-46ee-87c8-b7f445769194,eeafd103-4153-46ee-87c8-b7f445769194,stgcn,ca895028-df9f-4739-9e64-b498886a2269,fa9c7108-176e-4c68-840d-6acf3a3e59e4,test,COMPLETED,spatiotemporal,spatiotemporal,distance_knn_v1,sha256:6b6383b859dcb85551f221c474ed687de844cc3191dc4e5c368849578c13d4ce,50888e3a-5847-4cdd-90af-28b713afaf33,d4058f79-7c29-4699-a7bd-6fd7699d61f4,,exp_st,exp_st,st_predicate_match:algorithm+graph_or_domain
result,df7a5ad7-e6d4-45bd-b918-8339d1d2387d,df7a5ad7-e6d4-45bd-b918-8339d1d2387d,stgcn,ca895028-df9f-4739-9e64-b498886a2269,fa9c7108-176e-4c68-840d-6acf3a3e59e4,test,COMPLETED,spatiotemporal,spatiotemporal,distance_knn_v1,sha256:6b6383b859dcb85551f221c474ed687de844cc3191dc4e5c368849578c13d4ce,50888e3a-5847-4cdd-90af-28b713afaf33,d4058f79-7c29-4699-a7bd-6fd7699d61f4,,exp_st,exp_st,st_predicate_match:algorithm+graph_or_domain
result,ca787117-7bf6-4084-80f4-4a0219642785,ca787117-7bf6-4084-80f4-4a0219642785,grin,8ce50234-39ec-46b3-934b-f673d07eb468,fa9c7108-176e-4c68-840d-6acf3a3e59e4,test,COMPLETED,spatiotemporal,spatiotemporal,distance_knn_v1,sha256:6b6383b859dcb85551f221c474ed687de844cc3191dc4e5c368849578c13d4ce,92661fd0-5043-494c-8e17-da6427233d2a,5e774982-0aee-4475-97b6-035c21712054,,exp_st,exp_st,st_predicate_match:algorithm+graph_or_domain
result,321e83f1-8c54-42cc-8faa-25d498d001b4,321e83f1-8c54-42cc-8faa-25d498d001b4,grin,8ce50234-39ec-46b3-934b-f673d07eb468,fa9c7108-176e-4c68-840d-6acf3a3e59e4,test,COMPLETED,spatiotemporal,spatiotemporal,distance_knn_v1,sha256:6b6383b859dcb85551f221c474ed687de844cc3191dc4e5c368849578c13d4ce,92661fd0-5043-494c-8e17-da6427233d2a,5e774982-0aee-4475-97b6-035c21712054,,exp_st,exp_st,st_predicate_match:algorithm+graph_or_domain
result,21a69e87-e3ec-446f-9f02-07d3b4fe4a70,21a69e87-e3ec-446f-9f02-07d3b4fe4a70,grin,8ce50234-39ec-46b3-934b-f673d07eb468,fa9c7108-176e-4c68-840d-6acf3a3e59e4,test,COMPLETED,spatiotemporal,spatiotemporal,distance_knn_v1,sha256:6b6383b859dcb85551f221c474ed687de844cc3191dc4e5c368849578c13d4ce,92661fd0-5043-494c-8e17-da6427233d2a,5e774982-0aee-4475-97b6-035c21712054,,exp_st,exp_st,st_predicate_match:algorithm+graph_or_domain
result,76efc9c2-a70f-4b91-8790-0711878c2a39,76efc9c2-a70f-4b91-8790-0711878c2a39,grin,8ce50234-39ec-46b3-934b-f673d07eb468,fa9c7108-176e-4c68-840d-6acf3a3e59e4,test,COMPLETED,spatiotemporal,spatiotemporal,distance_knn_v1,sha256:6b6383b859dcb85551f221c474ed687de844cc3191dc4e5c368849578c13d4ce,92661fd0-5043-494c-8e17-da6427233d2a,5e774982-0aee-4475-97b6-035c21712054,,exp_st,exp_st,st_predicate_match:algorithm+graph_or_domain
result,2230e828-39d0-4a42-a35f-4f3d9548c215,2230e828-39d0-4a42-a35f-4f3d9548c215,grin,8ce50234-39ec-46b3-934b-f673d07eb468,fa9c7108-176e-4c68-840d-6acf3a3e59e4,test,COMPLETED,spatiotemporal,spatiotemporal,distance_knn_v1,sha256:6b6383b859dcb85551f221c474ed687de844cc3191dc4e5c368849578c13d4ce,92661fd0-5043-494c-8e17-da6427233d2a,5e774982-0aee-4475-97b6-035c21712054,,exp_st,exp_st,st_predicate_match:algorithm+graph_or_domain
result,5612bb2b-5706-4934-b550-b15e32f8873a,5612bb2b-5706-4934-b550-b15e32f8873a,grin,56324008-3be4-4767-a41e-baf17a4f9a9c,fa9c7108-176e-4c68-840d-6acf3a3e59e4,test,COMPLETED,spatiotemporal,spatiotemporal,distance_knn_v1,sha256:6b6383b859dcb85551f221c474ed687de844cc3191dc4e5c368849578c13d4ce,543fc476-6bfe-4b94-8039-910af93f01fb,373b849a-e52c-4c5a-9391-ef6de993c69d,,exp_st,exp_st,st_predicate_match:algorithm+graph_or_domain
result,ef611584-206f-43c2-9426-127b9c596b84,ef611584-206f-43c2-9426-127b9c596b84,grin,56324008-3be4-4767-a41e-baf17a4f9a9c,fa9c7108-176e-4c68-840d-6acf3a3e59e4,test,COMPLETED,spatiotemporal,spatiotemporal,distance_knn_v1,sha256:6b6383b859dcb85551f221c474ed687de844cc3191dc4e5c368849578c13d4ce,543fc476-6bfe-4b94-8039-910af93f01fb,373b849a-e52c-4c5a-9391-ef6de993c69d,,exp_st,exp_st,st_predicate_match:algorithm+graph_or_domain
result,f7cef6e6-85c8-4c91-973a-52f8997d936d,f7cef6e6-85c8-4c91-973a-52f8997d936d,grin,56324008-3be4-4767-a41e-baf17a4f9a9c,fa9c7108-176e-4c68-840d-6acf3a3e59e4,test,COMPLETED,spatiotemporal,spatiotemporal,distance_knn_v1,sha256:6b6383b859dcb85551f221c474ed687de844cc3191dc4e5c368849578c13d4ce,543fc476-6bfe-4b94-8039-910af93f01fb,373b849a-e52c-4c5a-9391-ef6de993c69d,,exp_st,exp_st,st_predicate_match:algorithm+graph_or_domain
result,7da3fa0f-473e-49d5-b548-96402e0acdb4,7da3fa0f-473e-49d5-b548-96402e0acdb4,grin,56324008-3be4-4767-a41e-baf17a4f9a9c,fa9c7108-176e-4c68-840d-6acf3a3e59e4,test,COMPLETED,spatiotemporal,spatiotemporal,distance_knn_v1,sha256:6b6383b859dcb85551f221c474ed687de844cc3191dc4e5c368849578c13d4ce,543fc476-6bfe-4b94-8039-910af93f01fb,373b849a-e52c-4c5a-9391-ef6de993c69d,,exp_st,exp_st,st_predicate_match:algorithm+graph_or_domain
result,bdfa3b03-a2b8-40b1-a0f5-5e89f648c4c4,bdfa3b03-a2b8-40b1-a0f5-5e89f648c4c4,grin,56324008-3be4-4767-a41e-baf17a4f9a9c,fa9c7108-176e-4c68-840d-6acf3a3e59e4,test,COMPLETED,spatiotemporal,spatiotemporal,distance_knn_v1,sha256:6b6383b859dcb85551f221c474ed687de844cc3191dc4e5c368849578c13d4ce,543fc476-6bfe-4b94-8039-910af93f01fb,373b849a-e52c-4c5a-9391-ef6de993c69d,,exp_st,exp_st,st_predicate_match:algorithm+graph_or_domain
result,7c8f3ce9-5fc0-4b36-9bb3-64ba70f69c0c,7c8f3ce9-5fc0-4b36-9bb3-64ba70f69c0c,grin,09616186-751d-4060-a32b-30f7f0814892,fa9c7108-176e-4c68-840d-6acf3a3e59e4,test,COMPLETED,spatiotemporal,spatiotemporal,distance_knn_v1,sha256:6b6383b859dcb85551f221c474ed687de844cc3191dc4e5c368849578c13d4ce,1ef718a9-49fd-4c90-8d4d-70a3b80f5b01,1fc01c9f-fefd-4a45-b053-4fcf8b3ff227,,exp_st,exp_st,st_predicate_match:algorithm+graph_or_domain
result,f0038bd5-b414-4777-a2da-0d82256f0987,f0038bd5-b414-4777-a2da-0d82256f0987,grin,09616186-751d-4060-a32b-30f7f0814892,fa9c7108-176e-4c68-840d-6acf3a3e59e4,test,COMPLETED,spatiotemporal,spatiotemporal,distance_knn_v1,sha256:6b6383b859dcb85551f221c474ed687de844cc3191dc4e5c368849578c13d4ce,1ef718a9-49fd-4c90-8d4d-70a3b80f5b01,1fc01c9f-fefd-4a45-b053-4fcf8b3ff227,,exp_st,exp_st,st_predicate_match:algorithm+graph_or_domain
result,bfbabb2b-0b33-49da-b73e-da26658e53c8,bfbabb2b-0b33-49da-b73e-da26658e53c8,grin,09616186-751d-4060-a32b-30f7f0814892,fa9c7108-176e-4c68-840d-6acf3a3e59e4,test,COMPLETED,spatiotemporal,spatiotemporal,distance_knn_v1,sha256:6b6383b859dcb85551f221c474ed687de844cc3191dc4e5c368849578c13d4ce,1ef718a9-49fd-4c90-8d4d-70a3b80f5b01,1fc01c9f-fefd-4a45-b053-4fcf8b3ff227,,exp_st,exp_st,st_predicate_match:algorithm+graph_or_domain
result,a8f62029-b2da-4aa1-872c-64ed536b5f27,a8f62029-b2da-4aa1-872c-64ed536b5f27,grin,09616186-751d-4060-a32b-30f7f0814892,fa9c7108-176e-4c68-840d-6acf3a3e59e4,test,COMPLETED,spatiotemporal,spatiotemporal,distance_knn_v1,sha256:6b6383b859dcb85551f221c474ed687de844cc3191dc4e5c368849578c13d4ce,1ef718a9-49fd-4c90-8d4d-70a3b80f5b01,1fc01c9f-fefd-4a45-b053-4fcf8b3ff227,,exp_st,exp_st,st_predicate_match:algorithm+graph_or_domain
result,8990446a-2117-4fc6-a012-659c2627d0da,8990446a-2117-4fc6-a012-659c2627d0da,grin,09616186-751d-4060-a32b-30f7f0814892,fa9c7108-176e-4c68-840d-6acf3a3e59e4,test,COMPLETED,spatiotemporal,spatiotemporal,distance_knn_v1,sha256:6b6383b859dcb85551f221c474ed687de844cc3191dc4e5c368849578c13d4ce,1ef718a9-49fd-4c90-8d4d-70a3b80f5b01,1fc01c9f-fefd-4a45-b053-4fcf8b3ff227,,exp_st,exp_st,st_predicate_match:algorithm+graph_or_domain
result,1b4f7452-b801-41f4-92ad-f3d42091dda2,1b4f7452-b801-41f4-92ad-f3d42091dda2,grin,ca8395ab-130d-4865-88e1-1df43fe92784,fa9c7108-176e-4c68-840d-6acf3a3e59e4,test,COMPLETED,spatiotemporal,spatiotemporal,distance_knn_v1,sha256:6b6383b859dcb85551f221c474ed687de844cc3191dc4e5c368849578c13d4ce,fb1e57e9-365b-4289-8291-45bc32c9abd5,1d06e2b8-1811-4a01-9995-f59ad66ba7c3,,exp_st,exp_st,st_predicate_match:algorithm+graph_or_domain
result,27a9a537-346a-4e66-8a7e-d396eccc0148,27a9a537-346a-4e66-8a7e-d396eccc0148,grin,ca8395ab-130d-4865-88e1-1df43fe92784,fa9c7108-176e-4c68-840d-6acf3a3e59e4,test,COMPLETED,spatiotemporal,spatiotemporal,distance_knn_v1,sha256:6b6383b859dcb85551f221c474ed687de844cc3191dc4e5c368849578c13d4ce,fb1e57e9-365b-4289-8291-45bc32c9abd5,1d06e2b8-1811-4a01-9995-f59ad66ba7c3,,exp_st,exp_st,st_predicate_match:algorithm+graph_or_domain
result,f891e7b5-af5e-41da-91f9-6034bf6c82dc,f891e7b5-af5e-41da-91f9-6034bf6c82dc,grin,ca8395ab-130d-4865-88e1-1df43fe92784,fa9c7108-176e-4c68-840d-6acf3a3e59e4,test,COMPLETED,spatiotemporal,spatiotemporal,distance_knn_v1,sha256:6b6383b859dcb85551f221c474ed687de844cc3191dc4e5c368849578c13d4ce,fb1e57e9-365b-4289-8291-45bc32c9abd5,1d06e2b8-1811-4a01-9995-f59ad66ba7c3,,exp_st,exp_st,st_predicate_match:algorithm+graph_or_domain
result,dce1e886-722e-45a3-95c8-4ed09f2c74a5,dce1e886-722e-45a3-95c8-4ed09f2c74a5,grin,ca8395ab-130d-4865-88e1-1df43fe92784,fa9c7108-176e-4c68-840d-6acf3a3e59e4,test,COMPLETED,spatiotemporal,spatiotemporal,distance_knn_v1,sha256:6b6383b859dcb85551f221c474ed687de844cc3191dc4e5c368849578c13d4ce,fb1e57e9-365b-4289-8291-45bc32c9abd5,1d06e2b8-1811-4a01-9995-f59ad66ba7c3,,exp_st,exp_st,st_predicate_match:algorithm+graph_or_domain
result,63841397-fdd4-49fc-a4de-04b58f30a226,63841397-fdd4-49fc-a4de-04b58f30a226,grin,ca8395ab-130d-4865-88e1-1df43fe92784,fa9c7108-176e-4c68-840d-6acf3a3e59e4,test,COMPLETED,spatiotemporal,spatiotemporal,distance_knn_v1,sha256:6b6383b859dcb85551f221c474ed687de844cc3191dc4e5c368849578c13d4ce,fb1e57e9-365b-4289-8291-45bc32c9abd5,1d06e2b8-1811-4a01-9995-f59ad66ba7c3,,exp_st,exp_st,st_predicate_match:algorithm+graph_or_domain
result,3826262e-4aee-4561-9fc6-a9590229cb70,3826262e-4aee-4561-9fc6-a9590229cb70,grin,f786751e-da07-4947-af2d-2f6f2404b6ab,fa9c7108-176e-4c68-840d-6acf3a3e59e4,test,COMPLETED,spatiotemporal,spatiotemporal,distance_knn_v1,sha256:6b6383b859dcb85551f221c474ed687de844cc3191dc4e5c368849578c13d4ce,1aa3dec4-b83a-49e3-b2e4-c61e8f730eff,9afa61e0-8cda-44c6-91a9-5585592b5c75,,exp_st,exp_st,st_predicate_match:algorithm+graph_or_domain
result,1e738049-212b-4b23-88f6-4dd63b3dd072,1e738049-212b-4b23-88f6-4dd63b3dd072,grin,f786751e-da07-4947-af2d-2f6f2404b6ab,fa9c7108-176e-4c68-840d-6acf3a3e59e4,test,COMPLETED,spatiotemporal,spatiotemporal,distance_knn_v1,sha256:6b6383b859dcb85551f221c474ed687de844cc3191dc4e5c368849578c13d4ce,1aa3dec4-b83a-49e3-b2e4-c61e8f730eff,9afa61e0-8cda-44c6-91a9-5585592b5c75,,exp_st,exp_st,st_predicate_match:algorithm+graph_or_domain
result,18040160-b1e5-4053-8709-267d6f3aee38,18040160-b1e5-4053-8709-267d6f3aee38,grin,f786751e-da07-4947-af2d-2f6f2404b6ab,fa9c7108-176e-4c68-840d-6acf3a3e59e4,test,COMPLETED,spatiotemporal,spatiotemporal,distance_knn_v1,sha256:6b6383b859dcb85551f221c474ed687de844cc3191dc4e5c368849578c13d4ce,1aa3dec4-b83a-49e3-b2e4-c61e8f730eff,9afa61e0-8cda-44c6-91a9-5585592b5c75,,exp_st,exp_st,st_predicate_match:algorithm+graph_or_domain
result,c51570e3-c7cd-46c7-8bda-840e4688815b,c51570e3-c7cd-46c7-8bda-840e4688815b,grin,f786751e-da07-4947-af2d-2f6f2404b6ab,fa9c7108-176e-4c68-840d-6acf3a3e59e4,test,COMPLETED,spatiotemporal,spatiotemporal,distance_knn_v1,sha256:6b6383b859dcb85551f221c474ed687de844cc3191dc4e5c368849578c13d4ce,1aa3dec4-b83a-49e3-b2e4-c61e8f730eff,9afa61e0-8cda-44c6-91a9-5585592b5c75,,exp_st,exp_st,st_predicate_match:algorithm+graph_or_domain
result,80e1aabe-15dd-44e8-88d7-010efb33195a,80e1aabe-15dd-44e8-88d7-010efb33195a,grin,f786751e-da07-4947-af2d-2f6f2404b6ab,fa9c7108-176e-4c68-840d-6acf3a3e59e4,test,COMPLETED,spatiotemporal,spatiotemporal,distance_knn_v1,sha256:6b6383b859dcb85551f221c474ed687de844cc3191dc4e5c368849578c13d4ce,1aa3dec4-b83a-49e3-b2e4-c61e8f730eff,9afa61e0-8cda-44c6-91a9-5585592b5c75,,exp_st,exp_st,st_predicate_match:algorithm+graph_or_domain
result,57487da4-a8b4-4b59-81b8-f45f2c2e8035,57487da4-a8b4-4b59-81b8-f45f2c2e8035,grin,a8058b9c-7966-4002-aa4f-53ed6b7c873f,fa9c7108-176e-4c68-840d-6acf3a3e59e4,test,COMPLETED,spatiotemporal,spatiotemporal,distance_knn_v1,sha256:6b6383b859dcb85551f221c474ed687de844cc3191dc4e5c368849578c13d4ce,50888e3a-5847-4cdd-90af-28b713afaf33,d4058f79-7c29-4699-a7bd-6fd7699d61f4,,exp_st,exp_st,st_predicate_match:algorithm+graph_or_domain
result,7efad829-cb72-430b-ae1d-9a90e9a9d79a,7efad829-cb72-430b-ae1d-9a90e9a9d79a,grin,a8058b9c-7966-4002-aa4f-53ed6b7c873f,fa9c7108-176e-4c68-840d-6acf3a3e59e4,test,COMPLETED,spatiotemporal,spatiotemporal,distance_knn_v1,sha256:6b6383b859dcb85551f221c474ed687de844cc3191dc4e5c368849578c13d4ce,50888e3a-5847-4cdd-90af-28b713afaf33,d4058f79-7c29-4699-a7bd-6fd7699d61f4,,exp_st,exp_st,st_predicate_match:algorithm+graph_or_domain
result,b3856ee7-cc60-47ef-982b-6f17ab40c0f6,b3856ee7-cc60-47ef-982b-6f17ab40c0f6,grin,a8058b9c-7966-4002-aa4f-53ed6b7c873f,fa9c7108-176e-4c68-840d-6acf3a3e59e4,test,COMPLETED,spatiotemporal,spatiotemporal,distance_knn_v1,sha256:6b6383b859dcb85551f221c474ed687de844cc3191dc4e5c368849578c13d4ce,50888e3a-5847-4cdd-90af-28b713afaf33,d4058f79-7c29-4699-a7bd-6fd7699d61f4,,exp_st,exp_st,st_predicate_match:algorithm+graph_or_domain
result,6c97e634-601a-44b2-bf1e-398c3e728ea6,6c97e634-601a-44b2-bf1e-398c3e728ea6,grin,a8058b9c-7966-4002-aa4f-53ed6b7c873f,fa9c7108-176e-4c68-840d-6acf3a3e59e4,test,COMPLETED,spatiotemporal,spatiotemporal,distance_knn_v1,sha256:6b6383b859dcb85551f221c474ed687de844cc3191dc4e5c368849578c13d4ce,50888e3a-5847-4cdd-90af-28b713afaf33,d4058f79-7c29-4699-a7bd-6fd7699d61f4,,exp_st,exp_st,st_predicate_match:algorithm+graph_or_domain
result,cb26f9a2-8d3b-4684-bf8d-a5487e66dcdc,cb26f9a2-8d3b-4684-bf8d-a5487e66dcdc,grin,a8058b9c-7966-4002-aa4f-53ed6b7c873f,fa9c7108-176e-4c68-840d-6acf3a3e59e4,test,COMPLETED,spatiotemporal,spatiotemporal,distance_knn_v1,sha256:6b6383b859dcb85551f221c474ed687de844cc3191dc4e5c368849578c13d4ce,50888e3a-5847-4cdd-90af-28b713afaf33,d4058f79-7c29-4699-a7bd-6fd7699d61f4,,exp_st,exp_st,st_predicate_match:algorithm+graph_or_domain
result,6c90d5b5-3f0e-4b69-8979-b06d105fbd6f,6c90d5b5-3f0e-4b69-8979-b06d105fbd6f,ignnk,44ea198a-9453-4027-a9fd-5d3bd916878c,fa9c7108-176e-4c68-840d-6acf3a3e59e4,test,COMPLETED,spatiotemporal,spatiotemporal,distance_knn_v1,sha256:6b6383b859dcb85551f221c474ed687de844cc3191dc4e5c368849578c13d4ce,92661fd0-5043-494c-8e17-da6427233d2a,5e774982-0aee-4475-97b6-035c21712054,,exp_st,exp_st,st_predicate_match:algorithm+graph_or_domain
result,6a5b1993-9330-4ce0-accf-8b4c852e0c75,6a5b1993-9330-4ce0-accf-8b4c852e0c75,ignnk,44ea198a-9453-4027-a9fd-5d3bd916878c,fa9c7108-176e-4c68-840d-6acf3a3e59e4,test,COMPLETED,spatiotemporal,spatiotemporal,distance_knn_v1,sha256:6b6383b859dcb85551f221c474ed687de844cc3191dc4e5c368849578c13d4ce,92661fd0-5043-494c-8e17-da6427233d2a,5e774982-0aee-4475-97b6-035c21712054,,exp_st,exp_st,st_predicate_match:algorithm+graph_or_domain
result,17c7a8ca-c6b8-4e0e-a24b-a73c9dd4222e,17c7a8ca-c6b8-4e0e-a24b-a73c9dd4222e,ignnk,44ea198a-9453-4027-a9fd-5d3bd916878c,fa9c7108-176e-4c68-840d-6acf3a3e59e4,test,COMPLETED,spatiotemporal,spatiotemporal,distance_knn_v1,sha256:6b6383b859dcb85551f221c474ed687de844cc3191dc4e5c368849578c13d4ce,92661fd0-5043-494c-8e17-da6427233d2a,5e774982-0aee-4475-97b6-035c21712054,,exp_st,exp_st,st_predicate_match:algorithm+graph_or_domain
result,bd959fc7-3b27-45bf-8bed-fe8f55153fb8,bd959fc7-3b27-45bf-8bed-fe8f55153fb8,ignnk,44ea198a-9453-4027-a9fd-5d3bd916878c,fa9c7108-176e-4c68-840d-6acf3a3e59e4,test,COMPLETED,spatiotemporal,spatiotemporal,distance_knn_v1,sha256:6b6383b859dcb85551f221c474ed687de844cc3191dc4e5c368849578c13d4ce,92661fd0-5043-494c-8e17-da6427233d2a,5e774982-0aee-4475-97b6-035c21712054,,exp_st,exp_st,st_predicate_match:algorithm+graph_or_domain
result,4ac42317-2019-4d99-9e7a-f7340a3597a8,4ac42317-2019-4d99-9e7a-f7340a3597a8,ignnk,44ea198a-9453-4027-a9fd-5d3bd916878c,fa9c7108-176e-4c68-840d-6acf3a3e59e4,test,COMPLETED,spatiotemporal,spatiotemporal,distance_knn_v1,sha256:6b6383b859dcb85551f221c474ed687de844cc3191dc4e5c368849578c13d4ce,92661fd0-5043-494c-8e17-da6427233d2a,5e774982-0aee-4475-97b6-035c21712054,,exp_st,exp_st,st_predicate_match:algorithm+graph_or_domain
result,193cd50f-bef3-4185-8c3c-c4e98e8c0483,193cd50f-bef3-4185-8c3c-c4e98e8c0483,ignnk,9ed42881-ba4c-4370-8e50-af813993dd1d,fa9c7108-176e-4c68-840d-6acf3a3e59e4,test,COMPLETED,spatiotemporal,spatiotemporal,distance_knn_v1,sha256:6b6383b859dcb85551f221c474ed687de844cc3191dc4e5c368849578c13d4ce,543fc476-6bfe-4b94-8039-910af93f01fb,373b849a-e52c-4c5a-9391-ef6de993c69d,,exp_st,exp_st,st_predicate_match:algorithm+graph_or_domain
result,1afa5b9a-fba1-4b9c-942b-b1d4c9d242eb,1afa5b9a-fba1-4b9c-942b-b1d4c9d242eb,ignnk,9ed42881-ba4c-4370-8e50-af813993dd1d,fa9c7108-176e-4c68-840d-6acf3a3e59e4,test,COMPLETED,spatiotemporal,spatiotemporal,distance_knn_v1,sha256:6b6383b859dcb85551f221c474ed687de844cc3191dc4e5c368849578c13d4ce,543fc476-6bfe-4b94-8039-910af93f01fb,373b849a-e52c-4c5a-9391-ef6de993c69d,,exp_st,exp_st,st_predicate_match:algorithm+graph_or_domain
result,58d5f972-f22f-43ff-a314-5af9e6e2360e,58d5f972-f22f-43ff-a314-5af9e6e2360e,ignnk,9ed42881-ba4c-4370-8e50-af813993dd1d,fa9c7108-176e-4c68-840d-6acf3a3e59e4,test,COMPLETED,spatiotemporal,spatiotemporal,distance_knn_v1,sha256:6b6383b859dcb85551f221c474ed687de844cc3191dc4e5c368849578c13d4ce,543fc476-6bfe-4b94-8039-910af93f01fb,373b849a-e52c-4c5a-9391-ef6de993c69d,,exp_st,exp_st,st_predicate_match:algorithm+graph_or_domain
result,c1bf640c-a2d6-4180-b5c0-f8bb23560726,c1bf640c-a2d6-4180-b5c0-f8bb23560726,ignnk,9ed42881-ba4c-4370-8e50-af813993dd1d,fa9c7108-176e-4c68-840d-6acf3a3e59e4,test,COMPLETED,spatiotemporal,spatiotemporal,distance_knn_v1,sha256:6b6383b859dcb85551f221c474ed687de844cc3191dc4e5c368849578c13d4ce,543fc476-6bfe-4b94-8039-910af93f01fb,373b849a-e52c-4c5a-9391-ef6de993c69d,,exp_st,exp_st,st_predicate_match:algorithm+graph_or_domain
result,a2349f78-f1de-436c-a00f-219a0a459575,a2349f78-f1de-436c-a00f-219a0a459575,ignnk,9ed42881-ba4c-4370-8e50-af813993dd1d,fa9c7108-176e-4c68-840d-6acf3a3e59e4,test,COMPLETED,spatiotemporal,spatiotemporal,distance_knn_v1,sha256:6b6383b859dcb85551f221c474ed687de844cc3191dc4e5c368849578c13d4ce,543fc476-6bfe-4b94-8039-910af93f01fb,373b849a-e52c-4c5a-9391-ef6de993c69d,,exp_st,exp_st,st_predicate_match:algorithm+graph_or_domain
result,87d9e1bc-4b0a-4926-adf5-82c395cf4f38,87d9e1bc-4b0a-4926-adf5-82c395cf4f38,ignnk,51155e1b-32e2-496f-b545-240a880e9dde,fa9c7108-176e-4c68-840d-6acf3a3e59e4,test,COMPLETED,spatiotemporal,spatiotemporal,distance_knn_v1,sha256:6b6383b859dcb85551f221c474ed687de844cc3191dc4e5c368849578c13d4ce,1ef718a9-49fd-4c90-8d4d-70a3b80f5b01,1fc01c9f-fefd-4a45-b053-4fcf8b3ff227,,exp_st,exp_st,st_predicate_match:algorithm+graph_or_domain
result,66812416-39e3-47fc-8ab1-c97923503b1f,66812416-39e3-47fc-8ab1-c97923503b1f,ignnk,51155e1b-32e2-496f-b545-240a880e9dde,fa9c7108-176e-4c68-840d-6acf3a3e59e4,test,COMPLETED,spatiotemporal,spatiotemporal,distance_knn_v1,sha256:6b6383b859dcb85551f221c474ed687de844cc3191dc4e5c368849578c13d4ce,1ef718a9-49fd-4c90-8d4d-70a3b80f5b01,1fc01c9f-fefd-4a45-b053-4fcf8b3ff227,,exp_st,exp_st,st_predicate_match:algorithm+graph_or_domain
result,92b1b3d4-50de-4a89-9b98-6e8cd05f2329,92b1b3d4-50de-4a89-9b98-6e8cd05f2329,ignnk,51155e1b-32e2-496f-b545-240a880e9dde,fa9c7108-176e-4c68-840d-6acf3a3e59e4,test,COMPLETED,spatiotemporal,spatiotemporal,distance_knn_v1,sha256:6b6383b859dcb85551f221c474ed687de844cc3191dc4e5c368849578c13d4ce,1ef718a9-49fd-4c90-8d4d-70a3b80f5b01,1fc01c9f-fefd-4a45-b053-4fcf8b3ff227,,exp_st,exp_st,st_predicate_match:algorithm+graph_or_domain
result,66dbb402-0b4b-45bd-80c7-ae032a8d7613,66dbb402-0b4b-45bd-80c7-ae032a8d7613,ignnk,51155e1b-32e2-496f-b545-240a880e9dde,fa9c7108-176e-4c68-840d-6acf3a3e59e4,test,COMPLETED,spatiotemporal,spatiotemporal,distance_knn_v1,sha256:6b6383b859dcb85551f221c474ed687de844cc3191dc4e5c368849578c13d4ce,1ef718a9-49fd-4c90-8d4d-70a3b80f5b01,1fc01c9f-fefd-4a45-b053-4fcf8b3ff227,,exp_st,exp_st,st_predicate_match:algorithm+graph_or_domain
result,560fa229-e068-48d7-867f-4713dd7c5599,560fa229-e068-48d7-867f-4713dd7c5599,ignnk,51155e1b-32e2-496f-b545-240a880e9dde,fa9c7108-176e-4c68-840d-6acf3a3e59e4,test,COMPLETED,spatiotemporal,spatiotemporal,distance_knn_v1,sha256:6b6383b859dcb85551f221c474ed687de844cc3191dc4e5c368849578c13d4ce,1ef718a9-49fd-4c90-8d4d-70a3b80f5b01,1fc01c9f-fefd-4a45-b053-4fcf8b3ff227,,exp_st,exp_st,st_predicate_match:algorithm+graph_or_domain
result,f3eee5ef-a9d9-4211-b8e9-139fa34b4e44,f3eee5ef-a9d9-4211-b8e9-139fa34b4e44,ignnk,f62d7675-53ab-4fa4-8755-12d31f6e0a34,fa9c7108-176e-4c68-840d-6acf3a3e59e4,test,COMPLETED,spatiotemporal,spatiotemporal,distance_knn_v1,sha256:6b6383b859dcb85551f221c474ed687de844cc3191dc4e5c368849578c13d4ce,fb1e57e9-365b-4289-8291-45bc32c9abd5,1d06e2b8-1811-4a01-9995-f59ad66ba7c3,,exp_st,exp_st,st_predicate_match:algorithm+graph_or_domain
result,9b2cae62-d98f-4100-a0aa-da56a2942666,9b2cae62-d98f-4100-a0aa-da56a2942666,ignnk,f62d7675-53ab-4fa4-8755-12d31f6e0a34,fa9c7108-176e-4c68-840d-6acf3a3e59e4,test,COMPLETED,spatiotemporal,spatiotemporal,distance_knn_v1,sha256:6b6383b859dcb85551f221c474ed687de844cc3191dc4e5c368849578c13d4ce,fb1e57e9-365b-4289-8291-45bc32c9abd5,1d06e2b8-1811-4a01-9995-f59ad66ba7c3,,exp_st,exp_st,st_predicate_match:algorithm+graph_or_domain
result,005aa079-cf14-4bf2-bba8-e80f1dafbc81,005aa079-cf14-4bf2-bba8-e80f1dafbc81,ignnk,f62d7675-53ab-4fa4-8755-12d31f6e0a34,fa9c7108-176e-4c68-840d-6acf3a3e59e4,test,COMPLETED,spatiotemporal,spatiotemporal,distance_knn_v1,sha256:6b6383b859dcb85551f221c474ed687de844cc3191dc4e5c368849578c13d4ce,fb1e57e9-365b-4289-8291-45bc32c9abd5,1d06e2b8-1811-4a01-9995-f59ad66ba7c3,,exp_st,exp_st,st_predicate_match:algorithm+graph_or_domain
result,8a8f0880-4aac-4d49-b9d6-d92b830a70f2,8a8f0880-4aac-4d49-b9d6-d92b830a70f2,ignnk,f62d7675-53ab-4fa4-8755-12d31f6e0a34,fa9c7108-176e-4c68-840d-6acf3a3e59e4,test,COMPLETED,spatiotemporal,spatiotemporal,distance_knn_v1,sha256:6b6383b859dcb85551f221c474ed687de844cc3191dc4e5c368849578c13d4ce,fb1e57e9-365b-4289-8291-45bc32c9abd5,1d06e2b8-1811-4a01-9995-f59ad66ba7c3,,exp_st,exp_st,st_predicate_match:algorithm+graph_or_domain
result,a0bfbdd1-c4d3-4843-93c9-e8927faceba0,a0bfbdd1-c4d3-4843-93c9-e8927faceba0,ignnk,f62d7675-53ab-4fa4-8755-12d31f6e0a34,fa9c7108-176e-4c68-840d-6acf3a3e59e4,test,COMPLETED,spatiotemporal,spatiotemporal,distance_knn_v1,sha256:6b6383b859dcb85551f221c474ed687de844cc3191dc4e5c368849578c13d4ce,fb1e57e9-365b-4289-8291-45bc32c9abd5,1d06e2b8-1811-4a01-9995-f59ad66ba7c3,,exp_st,exp_st,st_predicate_match:algorithm+graph_or_domain
result,e1291539-4d63-4469-898d-375d07cf4b89,e1291539-4d63-4469-898d-375d07cf4b89,ignnk,7f37e4f5-a183-4666-a7cc-9ce14f74ea2a,fa9c7108-176e-4c68-840d-6acf3a3e59e4,test,COMPLETED,spatiotemporal,spatiotemporal,distance_knn_v1,sha256:6b6383b859dcb85551f221c474ed687de844cc3191dc4e5c368849578c13d4ce,1aa3dec4-b83a-49e3-b2e4-c61e8f730eff,9afa61e0-8cda-44c6-91a9-5585592b5c75,,exp_st,exp_st,st_predicate_match:algorithm+graph_or_domain
result,35dc95ac-d1fd-4feb-bc2d-3b7983eb9632,35dc95ac-d1fd-4feb-bc2d-3b7983eb9632,ignnk,7f37e4f5-a183-4666-a7cc-9ce14f74ea2a,fa9c7108-176e-4c68-840d-6acf3a3e59e4,test,COMPLETED,spatiotemporal,spatiotemporal,distance_knn_v1,sha256:6b6383b859dcb85551f221c474ed687de844cc3191dc4e5c368849578c13d4ce,1aa3dec4-b83a-49e3-b2e4-c61e8f730eff,9afa61e0-8cda-44c6-91a9-5585592b5c75,,exp_st,exp_st,st_predicate_match:algorithm+graph_or_domain
result,26cb2584-0919-497b-bdd2-4199bdcde95e,26cb2584-0919-497b-bdd2-4199bdcde95e,ignnk,7f37e4f5-a183-4666-a7cc-9ce14f74ea2a,fa9c7108-176e-4c68-840d-6acf3a3e59e4,test,COMPLETED,spatiotemporal,spatiotemporal,distance_knn_v1,sha256:6b6383b859dcb85551f221c474ed687de844cc3191dc4e5c368849578c13d4ce,1aa3dec4-b83a-49e3-b2e4-c61e8f730eff,9afa61e0-8cda-44c6-91a9-5585592b5c75,,exp_st,exp_st,st_predicate_match:algorithm+graph_or_domain
result,a127b0cc-141d-4542-a005-923b28c803b4,a127b0cc-141d-4542-a005-923b28c803b4,ignnk,7f37e4f5-a183-4666-a7cc-9ce14f74ea2a,fa9c7108-176e-4c68-840d-6acf3a3e59e4,test,COMPLETED,spatiotemporal,spatiotemporal,distance_knn_v1,sha256:6b6383b859dcb85551f221c474ed687de844cc3191dc4e5c368849578c13d4ce,1aa3dec4-b83a-49e3-b2e4-c61e8f730eff,9afa61e0-8cda-44c6-91a9-5585592b5c75,,exp_st,exp_st,st_predicate_match:algorithm+graph_or_domain
result,7b0cd18c-906d-44fc-aad0-b37fff9b19db,7b0cd18c-906d-44fc-aad0-b37fff9b19db,ignnk,7f37e4f5-a183-4666-a7cc-9ce14f74ea2a,fa9c7108-176e-4c68-840d-6acf3a3e59e4,test,COMPLETED,spatiotemporal,spatiotemporal,distance_knn_v1,sha256:6b6383b859dcb85551f221c474ed687de844cc3191dc4e5c368849578c13d4ce,1aa3dec4-b83a-49e3-b2e4-c61e8f730eff,9afa61e0-8cda-44c6-91a9-5585592b5c75,,exp_st,exp_st,st_predicate_match:algorithm+graph_or_domain
result,7f2d3c2f-4198-437c-9081-87daa45ce655,7f2d3c2f-4198-437c-9081-87daa45ce655,ignnk,0048bfa7-5815-4212-bd4d-1fbb142583a1,fa9c7108-176e-4c68-840d-6acf3a3e59e4,test,COMPLETED,spatiotemporal,spatiotemporal,distance_knn_v1,sha256:6b6383b859dcb85551f221c474ed687de844cc3191dc4e5c368849578c13d4ce,50888e3a-5847-4cdd-90af-28b713afaf33,d4058f79-7c29-4699-a7bd-6fd7699d61f4,,exp_st,exp_st,st_predicate_match:algorithm+graph_or_domain
result,39fb7c70-2f9e-449d-9604-07f139bd8e22,39fb7c70-2f9e-449d-9604-07f139bd8e22,ignnk,0048bfa7-5815-4212-bd4d-1fbb142583a1,fa9c7108-176e-4c68-840d-6acf3a3e59e4,test,COMPLETED,spatiotemporal,spatiotemporal,distance_knn_v1,sha256:6b6383b859dcb85551f221c474ed687de844cc3191dc4e5c368849578c13d4ce,50888e3a-5847-4cdd-90af-28b713afaf33,d4058f79-7c29-4699-a7bd-6fd7699d61f4,,exp_st,exp_st,st_predicate_match:algorithm+graph_or_domain
result,e58dbe49-3695-4246-a39b-406ac42c0c2f,e58dbe49-3695-4246-a39b-406ac42c0c2f,ignnk,0048bfa7-5815-4212-bd4d-1fbb142583a1,fa9c7108-176e-4c68-840d-6acf3a3e59e4,test,COMPLETED,spatiotemporal,spatiotemporal,distance_knn_v1,sha256:6b6383b859dcb85551f221c474ed687de844cc3191dc4e5c368849578c13d4ce,50888e3a-5847-4cdd-90af-28b713afaf33,d4058f79-7c29-4699-a7bd-6fd7699d61f4,,exp_st,exp_st,st_predicate_match:algorithm+graph_or_domain
result,c922c7e4-c729-4074-8b0a-32175894018e,c922c7e4-c729-4074-8b0a-32175894018e,ignnk,0048bfa7-5815-4212-bd4d-1fbb142583a1,fa9c7108-176e-4c68-840d-6acf3a3e59e4,test,COMPLETED,spatiotemporal,spatiotemporal,distance_knn_v1,sha256:6b6383b859dcb85551f221c474ed687de844cc3191dc4e5c368849578c13d4ce,50888e3a-5847-4cdd-90af-28b713afaf33,d4058f79-7c29-4699-a7bd-6fd7699d61f4,,exp_st,exp_st,st_predicate_match:algorithm+graph_or_domain
result,7abb8d7b-4d92-43fe-8705-9d5dc4c31b75,7abb8d7b-4d92-43fe-8705-9d5dc4c31b75,ignnk,0048bfa7-5815-4212-bd4d-1fbb142583a1,fa9c7108-176e-4c68-840d-6acf3a3e59e4,test,COMPLETED,spatiotemporal,spatiotemporal,distance_knn_v1,sha256:6b6383b859dcb85551f221c474ed687de844cc3191dc4e5c368849578c13d4ce,50888e3a-5847-4cdd-90af-28b713afaf33,d4058f79-7c29-4699-a7bd-6fd7699d61f4,,exp_st,exp_st,st_predicate_match:algorithm+graph_or_domain
result,7e6900c2-2901-4468-b869-d8673c783789,7e6900c2-2901-4468-b869-d8673c783789,dcrnn,1d5a56f6-2541-4ed7-8b36-0037818594a8,fa9c7108-176e-4c68-840d-6acf3a3e59e4,test,COMPLETED,spatiotemporal,spatiotemporal,distance_knn_v1,sha256:6b6383b859dcb85551f221c474ed687de844cc3191dc4e5c368849578c13d4ce,92661fd0-5043-494c-8e17-da6427233d2a,5e774982-0aee-4475-97b6-035c21712054,,exp_st,exp_st,st_predicate_match:algorithm+graph_or_domain
result,11af78b6-9bd3-47ff-aa6d-6abf54e8cb1e,11af78b6-9bd3-47ff-aa6d-6abf54e8cb1e,dcrnn,1d5a56f6-2541-4ed7-8b36-0037818594a8,fa9c7108-176e-4c68-840d-6acf3a3e59e4,test,COMPLETED,spatiotemporal,spatiotemporal,distance_knn_v1,sha256:6b6383b859dcb85551f221c474ed687de844cc3191dc4e5c368849578c13d4ce,92661fd0-5043-494c-8e17-da6427233d2a,5e774982-0aee-4475-97b6-035c21712054,,exp_st,exp_st,st_predicate_match:algorithm+graph_or_domain
result,5cb90aa7-151b-4c7b-99d5-f3d85ce15a13,5cb90aa7-151b-4c7b-99d5-f3d85ce15a13,dcrnn,1d5a56f6-2541-4ed7-8b36-0037818594a8,fa9c7108-176e-4c68-840d-6acf3a3e59e4,test,COMPLETED,spatiotemporal,spatiotemporal,distance_knn_v1,sha256:6b6383b859dcb85551f221c474ed687de844cc3191dc4e5c368849578c13d4ce,92661fd0-5043-494c-8e17-da6427233d2a,5e774982-0aee-4475-97b6-035c21712054,,exp_st,exp_st,st_predicate_match:algorithm+graph_or_domain
result,ec6e16a9-05b1-435a-8068-3a1fea5fddd1,ec6e16a9-05b1-435a-8068-3a1fea5fddd1,dcrnn,1d5a56f6-2541-4ed7-8b36-0037818594a8,fa9c7108-176e-4c68-840d-6acf3a3e59e4,test,COMPLETED,spatiotemporal,spatiotemporal,distance_knn_v1,sha256:6b6383b859dcb85551f221c474ed687de844cc3191dc4e5c368849578c13d4ce,92661fd0-5043-494c-8e17-da6427233d2a,5e774982-0aee-4475-97b6-035c21712054,,exp_st,exp_st,st_predicate_match:algorithm+graph_or_domain
result,7e7e3711-b11b-4ebe-91c8-63edc0ccc207,7e7e3711-b11b-4ebe-91c8-63edc0ccc207,dcrnn,1d5a56f6-2541-4ed7-8b36-0037818594a8,fa9c7108-176e-4c68-840d-6acf3a3e59e4,test,COMPLETED,spatiotemporal,spatiotemporal,distance_knn_v1,sha256:6b6383b859dcb85551f221c474ed687de844cc3191dc4e5c368849578c13d4ce,92661fd0-5043-494c-8e17-da6427233d2a,5e774982-0aee-4475-97b6-035c21712054,,exp_st,exp_st,st_predicate_match:algorithm+graph_or_domain
result,98b02738-30cd-45ea-96a3-fe44169cc0d8,98b02738-30cd-45ea-96a3-fe44169cc0d8,dcrnn,226f6eb7-e6ff-41da-aa3a-80d1d4d9b87a,fa9c7108-176e-4c68-840d-6acf3a3e59e4,test,COMPLETED,spatiotemporal,spatiotemporal,distance_knn_v1,sha256:6b6383b859dcb85551f221c474ed687de844cc3191dc4e5c368849578c13d4ce,543fc476-6bfe-4b94-8039-910af93f01fb,373b849a-e52c-4c5a-9391-ef6de993c69d,,exp_st,exp_st,st_predicate_match:algorithm+graph_or_domain
result,cd5e86a9-8a74-4b63-ae6f-5eb450766a79,cd5e86a9-8a74-4b63-ae6f-5eb450766a79,dcrnn,226f6eb7-e6ff-41da-aa3a-80d1d4d9b87a,fa9c7108-176e-4c68-840d-6acf3a3e59e4,test,COMPLETED,spatiotemporal,spatiotemporal,distance_knn_v1,sha256:6b6383b859dcb85551f221c474ed687de844cc3191dc4e5c368849578c13d4ce,543fc476-6bfe-4b94-8039-910af93f01fb,373b849a-e52c-4c5a-9391-ef6de993c69d,,exp_st,exp_st,st_predicate_match:algorithm+graph_or_domain
result,ed0385c6-21bb-473a-ab39-9cff61e06d60,ed0385c6-21bb-473a-ab39-9cff61e06d60,dcrnn,226f6eb7-e6ff-41da-aa3a-80d1d4d9b87a,fa9c7108-176e-4c68-840d-6acf3a3e59e4,test,COMPLETED,spatiotemporal,spatiotemporal,distance_knn_v1,sha256:6b6383b859dcb85551f221c474ed687de844cc3191dc4e5c368849578c13d4ce,543fc476-6bfe-4b94-8039-910af93f01fb,373b849a-e52c-4c5a-9391-ef6de993c69d,,exp_st,exp_st,st_predicate_match:algorithm+graph_or_domain
result,32133342-8571-4960-84d6-e9e5a123cdd4,32133342-8571-4960-84d6-e9e5a123cdd4,dcrnn,226f6eb7-e6ff-41da-aa3a-80d1d4d9b87a,fa9c7108-176e-4c68-840d-6acf3a3e59e4,test,COMPLETED,spatiotemporal,spatiotemporal,distance_knn_v1,sha256:6b6383b859dcb85551f221c474ed687de844cc3191dc4e5c368849578c13d4ce,543fc476-6bfe-4b94-8039-910af93f01fb,373b849a-e52c-4c5a-9391-ef6de993c69d,,exp_st,exp_st,st_predicate_match:algorithm+graph_or_domain
result,c1874c92-38dd-48c4-bcab-dcfd06d63838,c1874c92-38dd-48c4-bcab-dcfd06d63838,dcrnn,226f6eb7-e6ff-41da-aa3a-80d1d4d9b87a,fa9c7108-176e-4c68-840d-6acf3a3e59e4,test,COMPLETED,spatiotemporal,spatiotemporal,distance_knn_v1,sha256:6b6383b859dcb85551f221c474ed687de844cc3191dc4e5c368849578c13d4ce,543fc476-6bfe-4b94-8039-910af93f01fb,373b849a-e52c-4c5a-9391-ef6de993c69d,,exp_st,exp_st,st_predicate_match:algorithm+graph_or_domain
result,207d368e-bbdd-44c0-93ae-feb39640bc5d,207d368e-bbdd-44c0-93ae-feb39640bc5d,dcrnn,ef9db923-ed3e-417d-abcf-c55282783b7c,fa9c7108-176e-4c68-840d-6acf3a3e59e4,test,COMPLETED,spatiotemporal,spatiotemporal,distance_knn_v1,sha256:6b6383b859dcb85551f221c474ed687de844cc3191dc4e5c368849578c13d4ce,1ef718a9-49fd-4c90-8d4d-70a3b80f5b01,1fc01c9f-fefd-4a45-b053-4fcf8b3ff227,,exp_st,exp_st,st_predicate_match:algorithm+graph_or_domain
result,1ea1c056-b816-40bb-8385-8e5890c54502,1ea1c056-b816-40bb-8385-8e5890c54502,dcrnn,ef9db923-ed3e-417d-abcf-c55282783b7c,fa9c7108-176e-4c68-840d-6acf3a3e59e4,test,COMPLETED,spatiotemporal,spatiotemporal,distance_knn_v1,sha256:6b6383b859dcb85551f221c474ed687de844cc3191dc4e5c368849578c13d4ce,1ef718a9-49fd-4c90-8d4d-70a3b80f5b01,1fc01c9f-fefd-4a45-b053-4fcf8b3ff227,,exp_st,exp_st,st_predicate_match:algorithm+graph_or_domain
result,a58d5a5f-1700-4d36-9b06-390b46945bb3,a58d5a5f-1700-4d36-9b06-390b46945bb3,dcrnn,ef9db923-ed3e-417d-abcf-c55282783b7c,fa9c7108-176e-4c68-840d-6acf3a3e59e4,test,COMPLETED,spatiotemporal,spatiotemporal,distance_knn_v1,sha256:6b6383b859dcb85551f221c474ed687de844cc3191dc4e5c368849578c13d4ce,1ef718a9-49fd-4c90-8d4d-70a3b80f5b01,1fc01c9f-fefd-4a45-b053-4fcf8b3ff227,,exp_st,exp_st,st_predicate_match:algorithm+graph_or_domain
result,f5f5ffa3-d442-4cab-ab55-688046a24d6a,f5f5ffa3-d442-4cab-ab55-688046a24d6a,dcrnn,ef9db923-ed3e-417d-abcf-c55282783b7c,fa9c7108-176e-4c68-840d-6acf3a3e59e4,test,COMPLETED,spatiotemporal,spatiotemporal,distance_knn_v1,sha256:6b6383b859dcb85551f221c474ed687de844cc3191dc4e5c368849578c13d4ce,1ef718a9-49fd-4c90-8d4d-70a3b80f5b01,1fc01c9f-fefd-4a45-b053-4fcf8b3ff227,,exp_st,exp_st,st_predicate_match:algorithm+graph_or_domain
result,293b388e-3320-4e3d-95f4-a82fcba413fd,293b388e-3320-4e3d-95f4-a82fcba413fd,dcrnn,ef9db923-ed3e-417d-abcf-c55282783b7c,fa9c7108-176e-4c68-840d-6acf3a3e59e4,test,COMPLETED,spatiotemporal,spatiotemporal,distance_knn_v1,sha256:6b6383b859dcb85551f221c474ed687de844cc3191dc4e5c368849578c13d4ce,1ef718a9-49fd-4c90-8d4d-70a3b80f5b01,1fc01c9f-fefd-4a45-b053-4fcf8b3ff227,,exp_st,exp_st,st_predicate_match:algorithm+graph_or_domain
result,00e4e8ed-7c84-4f75-b768-812e587708ec,00e4e8ed-7c84-4f75-b768-812e587708ec,dcrnn,bd7bfb17-ff18-40ec-b04f-c47a7bae317f,fa9c7108-176e-4c68-840d-6acf3a3e59e4,test,COMPLETED,spatiotemporal,spatiotemporal,distance_knn_v1,sha256:6b6383b859dcb85551f221c474ed687de844cc3191dc4e5c368849578c13d4ce,fb1e57e9-365b-4289-8291-45bc32c9abd5,1d06e2b8-1811-4a01-9995-f59ad66ba7c3,,exp_st,exp_st,st_predicate_match:algorithm+graph_or_domain
result,522c59b8-168a-4995-ab5e-4db71f75c984,522c59b8-168a-4995-ab5e-4db71f75c984,dcrnn,bd7bfb17-ff18-40ec-b04f-c47a7bae317f,fa9c7108-176e-4c68-840d-6acf3a3e59e4,test,COMPLETED,spatiotemporal,spatiotemporal,distance_knn_v1,sha256:6b6383b859dcb85551f221c474ed687de844cc3191dc4e5c368849578c13d4ce,fb1e57e9-365b-4289-8291-45bc32c9abd5,1d06e2b8-1811-4a01-9995-f59ad66ba7c3,,exp_st,exp_st,st_predicate_match:algorithm+graph_or_domain
result,cc03f064-9410-42e8-9b8f-c5582b9bf72d,cc03f064-9410-42e8-9b8f-c5582b9bf72d,dcrnn,bd7bfb17-ff18-40ec-b04f-c47a7bae317f,fa9c7108-176e-4c68-840d-6acf3a3e59e4,test,COMPLETED,spatiotemporal,spatiotemporal,distance_knn_v1,sha256:6b6383b859dcb85551f221c474ed687de844cc3191dc4e5c368849578c13d4ce,fb1e57e9-365b-4289-8291-45bc32c9abd5,1d06e2b8-1811-4a01-9995-f59ad66ba7c3,,exp_st,exp_st,st_predicate_match:algorithm+graph_or_domain
result,cb4ead75-527b-429c-9ffd-1904a24caba2,cb4ead75-527b-429c-9ffd-1904a24caba2,dcrnn,bd7bfb17-ff18-40ec-b04f-c47a7bae317f,fa9c7108-176e-4c68-840d-6acf3a3e59e4,test,COMPLETED,spatiotemporal,spatiotemporal,distance_knn_v1,sha256:6b6383b859dcb85551f221c474ed687de844cc3191dc4e5c368849578c13d4ce,fb1e57e9-365b-4289-8291-45bc32c9abd5,1d06e2b8-1811-4a01-9995-f59ad66ba7c3,,exp_st,exp_st,st_predicate_match:algorithm+graph_or_domain
result,5ba09846-31f4-4eaf-b1e4-068263d6200f,5ba09846-31f4-4eaf-b1e4-068263d6200f,dcrnn,bd7bfb17-ff18-40ec-b04f-c47a7bae317f,fa9c7108-176e-4c68-840d-6acf3a3e59e4,test,COMPLETED,spatiotemporal,spatiotemporal,distance_knn_v1,sha256:6b6383b859dcb85551f221c474ed687de844cc3191dc4e5c368849578c13d4ce,fb1e57e9-365b-4289-8291-45bc32c9abd5,1d06e2b8-1811-4a01-9995-f59ad66ba7c3,,exp_st,exp_st,st_predicate_match:algorithm+graph_or_domain
result,4744dfa9-42db-4915-8ad4-41ffcc2d747b,4744dfa9-42db-4915-8ad4-41ffcc2d747b,dcrnn,35330860-3ed5-4016-975c-087bc636b59d,fa9c7108-176e-4c68-840d-6acf3a3e59e4,test,COMPLETED,spatiotemporal,spatiotemporal,distance_knn_v1,sha256:6b6383b859dcb85551f221c474ed687de844cc3191dc4e5c368849578c13d4ce,1aa3dec4-b83a-49e3-b2e4-c61e8f730eff,9afa61e0-8cda-44c6-91a9-5585592b5c75,,exp_st,exp_st,st_predicate_match:algorithm+graph_or_domain
result,bc635b2b-cd5d-4e58-9799-f595f3a8866f,bc635b2b-cd5d-4e58-9799-f595f3a8866f,dcrnn,35330860-3ed5-4016-975c-087bc636b59d,fa9c7108-176e-4c68-840d-6acf3a3e59e4,test,COMPLETED,spatiotemporal,spatiotemporal,distance_knn_v1,sha256:6b6383b859dcb85551f221c474ed687de844cc3191dc4e5c368849578c13d4ce,1aa3dec4-b83a-49e3-b2e4-c61e8f730eff,9afa61e0-8cda-44c6-91a9-5585592b5c75,,exp_st,exp_st,st_predicate_match:algorithm+graph_or_domain
result,204317a2-4750-4513-ba58-c3c3b6c7cbdc,204317a2-4750-4513-ba58-c3c3b6c7cbdc,dcrnn,35330860-3ed5-4016-975c-087bc636b59d,fa9c7108-176e-4c68-840d-6acf3a3e59e4,test,COMPLETED,spatiotemporal,spatiotemporal,distance_knn_v1,sha256:6b6383b859dcb85551f221c474ed687de844cc3191dc4e5c368849578c13d4ce,1aa3dec4-b83a-49e3-b2e4-c61e8f730eff,9afa61e0-8cda-44c6-91a9-5585592b5c75,,exp_st,exp_st,st_predicate_match:algorithm+graph_or_domain
result,0c7e1906-a7e7-4554-a2e3-aa7991a112a5,0c7e1906-a7e7-4554-a2e3-aa7991a112a5,dcrnn,35330860-3ed5-4016-975c-087bc636b59d,fa9c7108-176e-4c68-840d-6acf3a3e59e4,test,COMPLETED,spatiotemporal,spatiotemporal,distance_knn_v1,sha256:6b6383b859dcb85551f221c474ed687de844cc3191dc4e5c368849578c13d4ce,1aa3dec4-b83a-49e3-b2e4-c61e8f730eff,9afa61e0-8cda-44c6-91a9-5585592b5c75,,exp_st,exp_st,st_predicate_match:algorithm+graph_or_domain
result,4a096e4f-1f75-42a8-bef3-0b08f0dac48e,4a096e4f-1f75-42a8-bef3-0b08f0dac48e,dcrnn,35330860-3ed5-4016-975c-087bc636b59d,fa9c7108-176e-4c68-840d-6acf3a3e59e4,test,COMPLETED,spatiotemporal,spatiotemporal,distance_knn_v1,sha256:6b6383b859dcb85551f221c474ed687de844cc3191dc4e5c368849578c13d4ce,1aa3dec4-b83a-49e3-b2e4-c61e8f730eff,9afa61e0-8cda-44c6-91a9-5585592b5c75,,exp_st,exp_st,st_predicate_match:algorithm+graph_or_domain
result,a6622c56-f01e-4ef9-bfb6-1b4ca32fd6aa,a6622c56-f01e-4ef9-bfb6-1b4ca32fd6aa,dcrnn,e573f6b7-21b8-437f-b64d-e9a636205fed,fa9c7108-176e-4c68-840d-6acf3a3e59e4,test,COMPLETED,spatiotemporal,spatiotemporal,distance_knn_v1,sha256:6b6383b859dcb85551f221c474ed687de844cc3191dc4e5c368849578c13d4ce,50888e3a-5847-4cdd-90af-28b713afaf33,d4058f79-7c29-4699-a7bd-6fd7699d61f4,,exp_st,exp_st,st_predicate_match:algorithm+graph_or_domain
result,30fb0fb7-344a-40e3-b3a5-3e882535bf8a,30fb0fb7-344a-40e3-b3a5-3e882535bf8a,dcrnn,e573f6b7-21b8-437f-b64d-e9a636205fed,fa9c7108-176e-4c68-840d-6acf3a3e59e4,test,COMPLETED,spatiotemporal,spatiotemporal,distance_knn_v1,sha256:6b6383b859dcb85551f221c474ed687de844cc3191dc4e5c368849578c13d4ce,50888e3a-5847-4cdd-90af-28b713afaf33,d4058f79-7c29-4699-a7bd-6fd7699d61f4,,exp_st,exp_st,st_predicate_match:algorithm+graph_or_domain
result,f397909d-83bc-43e6-be35-06b491598343,f397909d-83bc-43e6-be35-06b491598343,dcrnn,e573f6b7-21b8-437f-b64d-e9a636205fed,fa9c7108-176e-4c68-840d-6acf3a3e59e4,test,COMPLETED,spatiotemporal,spatiotemporal,distance_knn_v1,sha256:6b6383b859dcb85551f221c474ed687de844cc3191dc4e5c368849578c13d4ce,50888e3a-5847-4cdd-90af-28b713afaf33,d4058f79-7c29-4699-a7bd-6fd7699d61f4,,exp_st,exp_st,st_predicate_match:algorithm+graph_or_domain
result,e0356327-3017-4839-adcb-2ca7161efa95,e0356327-3017-4839-adcb-2ca7161efa95,dcrnn,e573f6b7-21b8-437f-b64d-e9a636205fed,fa9c7108-176e-4c68-840d-6acf3a3e59e4,test,COMPLETED,spatiotemporal,spatiotemporal,distance_knn_v1,sha256:6b6383b859dcb85551f221c474ed687de844cc3191dc4e5c368849578c13d4ce,50888e3a-5847-4cdd-90af-28b713afaf33,d4058f79-7c29-4699-a7bd-6fd7699d61f4,,exp_st,exp_st,st_predicate_match:algorithm+graph_or_domain
result,fe41d920-c399-4d32-8f1d-79a1b90e6331,fe41d920-c399-4d32-8f1d-79a1b90e6331,dcrnn,e573f6b7-21b8-437f-b64d-e9a636205fed,fa9c7108-176e-4c68-840d-6acf3a3e59e4,test,COMPLETED,spatiotemporal,spatiotemporal,distance_knn_v1,sha256:6b6383b859dcb85551f221c474ed687de844cc3191dc4e5c368849578c13d4ce,50888e3a-5847-4cdd-90af-28b713afaf33,d4058f79-7c29-4699-a7bd-6fd7699d61f4,,exp_st,exp_st,st_predicate_match:algorithm+graph_or_domain
result,297db246-31ac-4a93-bca0-a5cd89160bc6,297db246-31ac-4a93-bca0-a5cd89160bc6,stgcn,0bed6939-eeb0-41ef-a16c-28b824d46038,fa9c7108-176e-4c68-840d-6acf3a3e59e4,test,COMPLETED,spatiotemporal,spatiotemporal,correlation_train_v1,sha256:d8359569165ce83b9a1efebd29b2ea6e813271b6b74e3aa51d66b8dbf84c8973,b86ad540-b07a-432d-997e-806e15eb7a29,8e5e3e49-8e7b-4f4c-b011-aaf3b92f5acb,,exp_st,exp_st,st_predicate_match:algorithm+graph_or_domain
result,1ed4d35f-9cd2-46d9-b0c5-129b31ef119b,1ed4d35f-9cd2-46d9-b0c5-129b31ef119b,stgcn,0bed6939-eeb0-41ef-a16c-28b824d46038,fa9c7108-176e-4c68-840d-6acf3a3e59e4,test,COMPLETED,spatiotemporal,spatiotemporal,correlation_train_v1,sha256:d8359569165ce83b9a1efebd29b2ea6e813271b6b74e3aa51d66b8dbf84c8973,b86ad540-b07a-432d-997e-806e15eb7a29,8e5e3e49-8e7b-4f4c-b011-aaf3b92f5acb,,exp_st,exp_st,st_predicate_match:algorithm+graph_or_domain
result,0337aa7d-00c7-4005-b2a9-af0dc23282bd,0337aa7d-00c7-4005-b2a9-af0dc23282bd,stgcn,0bed6939-eeb0-41ef-a16c-28b824d46038,fa9c7108-176e-4c68-840d-6acf3a3e59e4,test,COMPLETED,spatiotemporal,spatiotemporal,correlation_train_v1,sha256:d8359569165ce83b9a1efebd29b2ea6e813271b6b74e3aa51d66b8dbf84c8973,b86ad540-b07a-432d-997e-806e15eb7a29,8e5e3e49-8e7b-4f4c-b011-aaf3b92f5acb,,exp_st,exp_st,st_predicate_match:algorithm+graph_or_domain
result,c108279b-3ff7-42ad-a97d-bf92785df07f,c108279b-3ff7-42ad-a97d-bf92785df07f,stgcn,0bed6939-eeb0-41ef-a16c-28b824d46038,fa9c7108-176e-4c68-840d-6acf3a3e59e4,test,COMPLETED,spatiotemporal,spatiotemporal,correlation_train_v1,sha256:d8359569165ce83b9a1efebd29b2ea6e813271b6b74e3aa51d66b8dbf84c8973,b86ad540-b07a-432d-997e-806e15eb7a29,8e5e3e49-8e7b-4f4c-b011-aaf3b92f5acb,,exp_st,exp_st,st_predicate_match:algorithm+graph_or_domain
result,d953cb12-1fd5-4aae-bfdc-6b983e3f61d8,d953cb12-1fd5-4aae-bfdc-6b983e3f61d8,stgcn,0bed6939-eeb0-41ef-a16c-28b824d46038,fa9c7108-176e-4c68-840d-6acf3a3e59e4,test,COMPLETED,spatiotemporal,spatiotemporal,correlation_train_v1,sha256:d8359569165ce83b9a1efebd29b2ea6e813271b6b74e3aa51d66b8dbf84c8973,b86ad540-b07a-432d-997e-806e15eb7a29,8e5e3e49-8e7b-4f4c-b011-aaf3b92f5acb,,exp_st,exp_st,st_predicate_match:algorithm+graph_or_domain
result,2c2b061c-fdfb-4969-9fed-7d23abcc1abc,2c2b061c-fdfb-4969-9fed-7d23abcc1abc,stgcn,d7a06e22-cf23-443f-8773-ef811fe7e0c4,fa9c7108-176e-4c68-840d-6acf3a3e59e4,test,COMPLETED,spatiotemporal,spatiotemporal,correlation_train_v1,sha256:d8359569165ce83b9a1efebd29b2ea6e813271b6b74e3aa51d66b8dbf84c8973,9c64218f-4808-4e17-81d4-dfe3626e3f1d,21b875b3-c50f-4bae-b1c5-502a50ebe170,,exp_st,exp_st,st_predicate_match:algorithm+graph_or_domain
result,9fa43b9a-91ad-440c-b980-20ea87e522ad,9fa43b9a-91ad-440c-b980-20ea87e522ad,stgcn,d7a06e22-cf23-443f-8773-ef811fe7e0c4,fa9c7108-176e-4c68-840d-6acf3a3e59e4,test,COMPLETED,spatiotemporal,spatiotemporal,correlation_train_v1,sha256:d8359569165ce83b9a1efebd29b2ea6e813271b6b74e3aa51d66b8dbf84c8973,9c64218f-4808-4e17-81d4-dfe3626e3f1d,21b875b3-c50f-4bae-b1c5-502a50ebe170,,exp_st,exp_st,st_predicate_match:algorithm+graph_or_domain
result,316a6243-3741-4f15-b94b-7cf744dec9e0,316a6243-3741-4f15-b94b-7cf744dec9e0,stgcn,d7a06e22-cf23-443f-8773-ef811fe7e0c4,fa9c7108-176e-4c68-840d-6acf3a3e59e4,test,COMPLETED,spatiotemporal,spatiotemporal,correlation_train_v1,sha256:d8359569165ce83b9a1efebd29b2ea6e813271b6b74e3aa51d66b8dbf84c8973,9c64218f-4808-4e17-81d4-dfe3626e3f1d,21b875b3-c50f-4bae-b1c5-502a50ebe170,,exp_st,exp_st,st_predicate_match:algorithm+graph_or_domain
result,8ec7a381-5514-4d23-96b7-2e0649fc5f93,8ec7a381-5514-4d23-96b7-2e0649fc5f93,stgcn,d7a06e22-cf23-443f-8773-ef811fe7e0c4,fa9c7108-176e-4c68-840d-6acf3a3e59e4,test,COMPLETED,spatiotemporal,spatiotemporal,correlation_train_v1,sha256:d8359569165ce83b9a1efebd29b2ea6e813271b6b74e3aa51d66b8dbf84c8973,9c64218f-4808-4e17-81d4-dfe3626e3f1d,21b875b3-c50f-4bae-b1c5-502a50ebe170,,exp_st,exp_st,st_predicate_match:algorithm+graph_or_domain
result,a3d0eea6-3fb3-413e-8124-1d23e1d40bec,a3d0eea6-3fb3-413e-8124-1d23e1d40bec,stgcn,d7a06e22-cf23-443f-8773-ef811fe7e0c4,fa9c7108-176e-4c68-840d-6acf3a3e59e4,test,COMPLETED,spatiotemporal,spatiotemporal,correlation_train_v1,sha256:d8359569165ce83b9a1efebd29b2ea6e813271b6b74e3aa51d66b8dbf84c8973,9c64218f-4808-4e17-81d4-dfe3626e3f1d,21b875b3-c50f-4bae-b1c5-502a50ebe170,,exp_st,exp_st,st_predicate_match:algorithm+graph_or_domain
result,c11ae08a-d331-4f74-adf7-c81cca44fda8,c11ae08a-d331-4f74-adf7-c81cca44fda8,stgcn,9c28bc52-065d-4b1f-b568-f501a77376a7,fa9c7108-176e-4c68-840d-6acf3a3e59e4,test,COMPLETED,spatiotemporal,spatiotemporal,correlation_train_v1,sha256:d8359569165ce83b9a1efebd29b2ea6e813271b6b74e3aa51d66b8dbf84c8973,2cd4313d-5234-419f-bffa-f3a6ebc40d44,eb05218f-44d9-409d-8c51-cf4ce7ee312c,,exp_st,exp_st,st_predicate_match:algorithm+graph_or_domain
result,f9fd158d-93d8-4431-8050-9ca1e4c6eb94,f9fd158d-93d8-4431-8050-9ca1e4c6eb94,stgcn,9c28bc52-065d-4b1f-b568-f501a77376a7,fa9c7108-176e-4c68-840d-6acf3a3e59e4,test,COMPLETED,spatiotemporal,spatiotemporal,correlation_train_v1,sha256:d8359569165ce83b9a1efebd29b2ea6e813271b6b74e3aa51d66b8dbf84c8973,2cd4313d-5234-419f-bffa-f3a6ebc40d44,eb05218f-44d9-409d-8c51-cf4ce7ee312c,,exp_st,exp_st,st_predicate_match:algorithm+graph_or_domain
result,12341c58-e17a-4d27-aca7-096e99ca7415,12341c58-e17a-4d27-aca7-096e99ca7415,stgcn,9c28bc52-065d-4b1f-b568-f501a77376a7,fa9c7108-176e-4c68-840d-6acf3a3e59e4,test,COMPLETED,spatiotemporal,spatiotemporal,correlation_train_v1,sha256:d8359569165ce83b9a1efebd29b2ea6e813271b6b74e3aa51d66b8dbf84c8973,2cd4313d-5234-419f-bffa-f3a6ebc40d44,eb05218f-44d9-409d-8c51-cf4ce7ee312c,,exp_st,exp_st,st_predicate_match:algorithm+graph_or_domain
result,4aa9ff30-b05c-4679-9b51-4cce31d8b5d7,4aa9ff30-b05c-4679-9b51-4cce31d8b5d7,stgcn,9c28bc52-065d-4b1f-b568-f501a77376a7,fa9c7108-176e-4c68-840d-6acf3a3e59e4,test,COMPLETED,spatiotemporal,spatiotemporal,correlation_train_v1,sha256:d8359569165ce83b9a1efebd29b2ea6e813271b6b74e3aa51d66b8dbf84c8973,2cd4313d-5234-419f-bffa-f3a6ebc40d44,eb05218f-44d9-409d-8c51-cf4ce7ee312c,,exp_st,exp_st,st_predicate_match:algorithm+graph_or_domain
result,001f170d-366a-412b-825e-4cf65a21a0c8,001f170d-366a-412b-825e-4cf65a21a0c8,stgcn,9c28bc52-065d-4b1f-b568-f501a77376a7,fa9c7108-176e-4c68-840d-6acf3a3e59e4,test,COMPLETED,spatiotemporal,spatiotemporal,correlation_train_v1,sha256:d8359569165ce83b9a1efebd29b2ea6e813271b6b74e3aa51d66b8dbf84c8973,2cd4313d-5234-419f-bffa-f3a6ebc40d44,eb05218f-44d9-409d-8c51-cf4ce7ee312c,,exp_st,exp_st,st_predicate_match:algorithm+graph_or_domain
result,13593c43-19ac-4ea5-b239-fc72a77b19e9,13593c43-19ac-4ea5-b239-fc72a77b19e9,stgcn,01cc58a4-c97d-4efa-862a-96c0608d7a23,fa9c7108-176e-4c68-840d-6acf3a3e59e4,test,COMPLETED,spatiotemporal,spatiotemporal,correlation_train_v1,sha256:d8359569165ce83b9a1efebd29b2ea6e813271b6b74e3aa51d66b8dbf84c8973,7ff42eb6-d2d4-4725-9556-42acce3f56fe,7f01e746-aa0e-48f4-b56b-cb8ebb1e01bc,,exp_st,exp_st,st_predicate_match:algorithm+graph_or_domain
result,ce1c21c5-6bb5-4d5c-9291-bc33a1f0fe39,ce1c21c5-6bb5-4d5c-9291-bc33a1f0fe39,stgcn,01cc58a4-c97d-4efa-862a-96c0608d7a23,fa9c7108-176e-4c68-840d-6acf3a3e59e4,test,COMPLETED,spatiotemporal,spatiotemporal,correlation_train_v1,sha256:d8359569165ce83b9a1efebd29b2ea6e813271b6b74e3aa51d66b8dbf84c8973,7ff42eb6-d2d4-4725-9556-42acce3f56fe,7f01e746-aa0e-48f4-b56b-cb8ebb1e01bc,,exp_st,exp_st,st_predicate_match:algorithm+graph_or_domain
result,4dcd4d7b-3ce1-4cbe-a96c-f7edd0bd3fb6,4dcd4d7b-3ce1-4cbe-a96c-f7edd0bd3fb6,stgcn,01cc58a4-c97d-4efa-862a-96c0608d7a23,fa9c7108-176e-4c68-840d-6acf3a3e59e4,test,COMPLETED,spatiotemporal,spatiotemporal,correlation_train_v1,sha256:d8359569165ce83b9a1efebd29b2ea6e813271b6b74e3aa51d66b8dbf84c8973,7ff42eb6-d2d4-4725-9556-42acce3f56fe,7f01e746-aa0e-48f4-b56b-cb8ebb1e01bc,,exp_st,exp_st,st_predicate_match:algorithm+graph_or_domain
result,7bda340d-fe44-4d14-8e27-34c179678b37,7bda340d-fe44-4d14-8e27-34c179678b37,stgcn,01cc58a4-c97d-4efa-862a-96c0608d7a23,fa9c7108-176e-4c68-840d-6acf3a3e59e4,test,COMPLETED,spatiotemporal,spatiotemporal,correlation_train_v1,sha256:d8359569165ce83b9a1efebd29b2ea6e813271b6b74e3aa51d66b8dbf84c8973,7ff42eb6-d2d4-4725-9556-42acce3f56fe,7f01e746-aa0e-48f4-b56b-cb8ebb1e01bc,,exp_st,exp_st,st_predicate_match:algorithm+graph_or_domain
result,ad09f19f-c20a-4e05-b092-6a7916778453,ad09f19f-c20a-4e05-b092-6a7916778453,stgcn,01cc58a4-c97d-4efa-862a-96c0608d7a23,fa9c7108-176e-4c68-840d-6acf3a3e59e4,test,COMPLETED,spatiotemporal,spatiotemporal,correlation_train_v1,sha256:d8359569165ce83b9a1efebd29b2ea6e813271b6b74e3aa51d66b8dbf84c8973,7ff42eb6-d2d4-4725-9556-42acce3f56fe,7f01e746-aa0e-48f4-b56b-cb8ebb1e01bc,,exp_st,exp_st,st_predicate_match:algorithm+graph_or_domain
result,c58781e3-864e-4b9c-b254-433537961e87,c58781e3-864e-4b9c-b254-433537961e87,stgcn,609c6060-f792-4f54-a38d-5884ce82646e,fa9c7108-176e-4c68-840d-6acf3a3e59e4,test,COMPLETED,spatiotemporal,spatiotemporal,correlation_train_v1,sha256:d8359569165ce83b9a1efebd29b2ea6e813271b6b74e3aa51d66b8dbf84c8973,dda1590c-4ac1-4eb9-b622-a60d355ff491,2741d847-1007-4916-8332-279259eaccb8,,exp_st,exp_st,st_predicate_match:algorithm+graph_or_domain
result,55969c81-94a6-478e-a721-6e65749cf48b,55969c81-94a6-478e-a721-6e65749cf48b,stgcn,609c6060-f792-4f54-a38d-5884ce82646e,fa9c7108-176e-4c68-840d-6acf3a3e59e4,test,COMPLETED,spatiotemporal,spatiotemporal,correlation_train_v1,sha256:d8359569165ce83b9a1efebd29b2ea6e813271b6b74e3aa51d66b8dbf84c8973,dda1590c-4ac1-4eb9-b622-a60d355ff491,2741d847-1007-4916-8332-279259eaccb8,,exp_st,exp_st,st_predicate_match:algorithm+graph_or_domain
result,8004e5f2-8e94-4052-88ac-da73952be10a,8004e5f2-8e94-4052-88ac-da73952be10a,stgcn,609c6060-f792-4f54-a38d-5884ce82646e,fa9c7108-176e-4c68-840d-6acf3a3e59e4,test,COMPLETED,spatiotemporal,spatiotemporal,correlation_train_v1,sha256:d8359569165ce83b9a1efebd29b2ea6e813271b6b74e3aa51d66b8dbf84c8973,dda1590c-4ac1-4eb9-b622-a60d355ff491,2741d847-1007-4916-8332-279259eaccb8,,exp_st,exp_st,st_predicate_match:algorithm+graph_or_domain
result,0c7ab5d4-fac4-4eac-92e1-992151f2730b,0c7ab5d4-fac4-4eac-92e1-992151f2730b,stgcn,609c6060-f792-4f54-a38d-5884ce82646e,fa9c7108-176e-4c68-840d-6acf3a3e59e4,test,COMPLETED,spatiotemporal,spatiotemporal,correlation_train_v1,sha256:d8359569165ce83b9a1efebd29b2ea6e813271b6b74e3aa51d66b8dbf84c8973,dda1590c-4ac1-4eb9-b622-a60d355ff491,2741d847-1007-4916-8332-279259eaccb8,,exp_st,exp_st,st_predicate_match:algorithm+graph_or_domain
result,855944cc-690f-49f0-88a1-f28e869983f9,855944cc-690f-49f0-88a1-f28e869983f9,stgcn,609c6060-f792-4f54-a38d-5884ce82646e,fa9c7108-176e-4c68-840d-6acf3a3e59e4,test,COMPLETED,spatiotemporal,spatiotemporal,correlation_train_v1,sha256:d8359569165ce83b9a1efebd29b2ea6e813271b6b74e3aa51d66b8dbf84c8973,dda1590c-4ac1-4eb9-b622-a60d355ff491,2741d847-1007-4916-8332-279259eaccb8,,exp_st,exp_st,st_predicate_match:algorithm+graph_or_domain
result,766d856e-f1dd-4dd3-af0c-2eeaa5f6eba6,766d856e-f1dd-4dd3-af0c-2eeaa5f6eba6,stgcn,d50206b5-950b-47db-8931-4d7ba20ef532,fa9c7108-176e-4c68-840d-6acf3a3e59e4,test,COMPLETED,spatiotemporal,spatiotemporal,correlation_train_v1,sha256:d8359569165ce83b9a1efebd29b2ea6e813271b6b74e3aa51d66b8dbf84c8973,4a2bec8f-5e78-406b-95d1-3c5fe8ef2cfb,81aa0e38-ad70-41ae-b22a-ad46b05ce209,,exp_st,exp_st,st_predicate_match:algorithm+graph_or_domain
result,21c6bb18-ea20-4caf-b919-2d1b32289c24,21c6bb18-ea20-4caf-b919-2d1b32289c24,stgcn,d50206b5-950b-47db-8931-4d7ba20ef532,fa9c7108-176e-4c68-840d-6acf3a3e59e4,test,COMPLETED,spatiotemporal,spatiotemporal,correlation_train_v1,sha256:d8359569165ce83b9a1efebd29b2ea6e813271b6b74e3aa51d66b8dbf84c8973,4a2bec8f-5e78-406b-95d1-3c5fe8ef2cfb,81aa0e38-ad70-41ae-b22a-ad46b05ce209,,exp_st,exp_st,st_predicate_match:algorithm+graph_or_domain
result,aad15cc9-ce0f-4826-b291-16873edb5fc9,aad15cc9-ce0f-4826-b291-16873edb5fc9,stgcn,d50206b5-950b-47db-8931-4d7ba20ef532,fa9c7108-176e-4c68-840d-6acf3a3e59e4,test,COMPLETED,spatiotemporal,spatiotemporal,correlation_train_v1,sha256:d8359569165ce83b9a1efebd29b2ea6e813271b6b74e3aa51d66b8dbf84c8973,4a2bec8f-5e78-406b-95d1-3c5fe8ef2cfb,81aa0e38-ad70-41ae-b22a-ad46b05ce209,,exp_st,exp_st,st_predicate_match:algorithm+graph_or_domain
result,f198a578-8e77-41cb-8d1e-6f9d349a5f38,f198a578-8e77-41cb-8d1e-6f9d349a5f38,stgcn,d50206b5-950b-47db-8931-4d7ba20ef532,fa9c7108-176e-4c68-840d-6acf3a3e59e4,test,COMPLETED,spatiotemporal,spatiotemporal,correlation_train_v1,sha256:d8359569165ce83b9a1efebd29b2ea6e813271b6b74e3aa51d66b8dbf84c8973,4a2bec8f-5e78-406b-95d1-3c5fe8ef2cfb,81aa0e38-ad70-41ae-b22a-ad46b05ce209,,exp_st,exp_st,st_predicate_match:algorithm+graph_or_domain
result,343fa46a-46ac-4439-b484-2f0ec3e36cb7,343fa46a-46ac-4439-b484-2f0ec3e36cb7,stgcn,d50206b5-950b-47db-8931-4d7ba20ef532,fa9c7108-176e-4c68-840d-6acf3a3e59e4,test,COMPLETED,spatiotemporal,spatiotemporal,correlation_train_v1,sha256:d8359569165ce83b9a1efebd29b2ea6e813271b6b74e3aa51d66b8dbf84c8973,4a2bec8f-5e78-406b-95d1-3c5fe8ef2cfb,81aa0e38-ad70-41ae-b22a-ad46b05ce209,,exp_st,exp_st,st_predicate_match:algorithm+graph_or_domain
result,8bfa0be3-8cdd-4175-aa5e-20c2d55016e3,8bfa0be3-8cdd-4175-aa5e-20c2d55016e3,grin,7b487a59-8140-47ff-8cec-ade59da45bfc,fa9c7108-176e-4c68-840d-6acf3a3e59e4,test,COMPLETED,spatiotemporal,spatiotemporal,correlation_train_v1,sha256:d8359569165ce83b9a1efebd29b2ea6e813271b6b74e3aa51d66b8dbf84c8973,b86ad540-b07a-432d-997e-806e15eb7a29,8e5e3e49-8e7b-4f4c-b011-aaf3b92f5acb,,exp_st,exp_st,st_predicate_match:algorithm+graph_or_domain
result,e13f96e5-4bd2-481a-813b-8837744a57b5,e13f96e5-4bd2-481a-813b-8837744a57b5,grin,7b487a59-8140-47ff-8cec-ade59da45bfc,fa9c7108-176e-4c68-840d-6acf3a3e59e4,test,COMPLETED,spatiotemporal,spatiotemporal,correlation_train_v1,sha256:d8359569165ce83b9a1efebd29b2ea6e813271b6b74e3aa51d66b8dbf84c8973,b86ad540-b07a-432d-997e-806e15eb7a29,8e5e3e49-8e7b-4f4c-b011-aaf3b92f5acb,,exp_st,exp_st,st_predicate_match:algorithm+graph_or_domain
result,08fc991c-22e0-454a-a3c8-6f021c8f1d1c,08fc991c-22e0-454a-a3c8-6f021c8f1d1c,grin,7b487a59-8140-47ff-8cec-ade59da45bfc,fa9c7108-176e-4c68-840d-6acf3a3e59e4,test,COMPLETED,spatiotemporal,spatiotemporal,correlation_train_v1,sha256:d8359569165ce83b9a1efebd29b2ea6e813271b6b74e3aa51d66b8dbf84c8973,b86ad540-b07a-432d-997e-806e15eb7a29,8e5e3e49-8e7b-4f4c-b011-aaf3b92f5acb,,exp_st,exp_st,st_predicate_match:algorithm+graph_or_domain
result,8b70ab39-def8-4254-9430-82dbf9465e2e,8b70ab39-def8-4254-9430-82dbf9465e2e,grin,7b487a59-8140-47ff-8cec-ade59da45bfc,fa9c7108-176e-4c68-840d-6acf3a3e59e4,test,COMPLETED,spatiotemporal,spatiotemporal,correlation_train_v1,sha256:d8359569165ce83b9a1efebd29b2ea6e813271b6b74e3aa51d66b8dbf84c8973,b86ad540-b07a-432d-997e-806e15eb7a29,8e5e3e49-8e7b-4f4c-b011-aaf3b92f5acb,,exp_st,exp_st,st_predicate_match:algorithm+graph_or_domain
result,486df2f7-2f4c-420b-ae65-22d3db6c9712,486df2f7-2f4c-420b-ae65-22d3db6c9712,grin,7b487a59-8140-47ff-8cec-ade59da45bfc,fa9c7108-176e-4c68-840d-6acf3a3e59e4,test,COMPLETED,spatiotemporal,spatiotemporal,correlation_train_v1,sha256:d8359569165ce83b9a1efebd29b2ea6e813271b6b74e3aa51d66b8dbf84c8973,b86ad540-b07a-432d-997e-806e15eb7a29,8e5e3e49-8e7b-4f4c-b011-aaf3b92f5acb,,exp_st,exp_st,st_predicate_match:algorithm+graph_or_domain
result,4350ec1d-c296-4480-9ba4-13a0ed715259,4350ec1d-c296-4480-9ba4-13a0ed715259,grin,5c4ea72f-00f3-46b9-a4a6-784f54931105,fa9c7108-176e-4c68-840d-6acf3a3e59e4,test,COMPLETED,spatiotemporal,spatiotemporal,correlation_train_v1,sha256:d8359569165ce83b9a1efebd29b2ea6e813271b6b74e3aa51d66b8dbf84c8973,9c64218f-4808-4e17-81d4-dfe3626e3f1d,21b875b3-c50f-4bae-b1c5-502a50ebe170,,exp_st,exp_st,st_predicate_match:algorithm+graph_or_domain
result,35e6b52a-6747-4d0f-aefb-ee07c9d9c66e,35e6b52a-6747-4d0f-aefb-ee07c9d9c66e,grin,5c4ea72f-00f3-46b9-a4a6-784f54931105,fa9c7108-176e-4c68-840d-6acf3a3e59e4,test,COMPLETED,spatiotemporal,spatiotemporal,correlation_train_v1,sha256:d8359569165ce83b9a1efebd29b2ea6e813271b6b74e3aa51d66b8dbf84c8973,9c64218f-4808-4e17-81d4-dfe3626e3f1d,21b875b3-c50f-4bae-b1c5-502a50ebe170,,exp_st,exp_st,st_predicate_match:algorithm+graph_or_domain
result,e0c809c3-0654-4517-bc38-1230b42f8b42,e0c809c3-0654-4517-bc38-1230b42f8b42,grin,5c4ea72f-00f3-46b9-a4a6-784f54931105,fa9c7108-176e-4c68-840d-6acf3a3e59e4,test,COMPLETED,spatiotemporal,spatiotemporal,correlation_train_v1,sha256:d8359569165ce83b9a1efebd29b2ea6e813271b6b74e3aa51d66b8dbf84c8973,9c64218f-4808-4e17-81d4-dfe3626e3f1d,21b875b3-c50f-4bae-b1c5-502a50ebe170,,exp_st,exp_st,st_predicate_match:algorithm+graph_or_domain
result,a1485061-1498-44b3-8970-98c3bf21b774,a1485061-1498-44b3-8970-98c3bf21b774,grin,5c4ea72f-00f3-46b9-a4a6-784f54931105,fa9c7108-176e-4c68-840d-6acf3a3e59e4,test,COMPLETED,spatiotemporal,spatiotemporal,correlation_train_v1,sha256:d8359569165ce83b9a1efebd29b2ea6e813271b6b74e3aa51d66b8dbf84c8973,9c64218f-4808-4e17-81d4-dfe3626e3f1d,21b875b3-c50f-4bae-b1c5-502a50ebe170,,exp_st,exp_st,st_predicate_match:algorithm+graph_or_domain
result,907cedd4-df7b-4908-8435-53139d1eaac7,907cedd4-df7b-4908-8435-53139d1eaac7,grin,5c4ea72f-00f3-46b9-a4a6-784f54931105,fa9c7108-176e-4c68-840d-6acf3a3e59e4,test,COMPLETED,spatiotemporal,spatiotemporal,correlation_train_v1,sha256:d8359569165ce83b9a1efebd29b2ea6e813271b6b74e3aa51d66b8dbf84c8973,9c64218f-4808-4e17-81d4-dfe3626e3f1d,21b875b3-c50f-4bae-b1c5-502a50ebe170,,exp_st,exp_st,st_predicate_match:algorithm+graph_or_domain
result,fdfe3528-e77e-444a-8613-2f266758b323,fdfe3528-e77e-444a-8613-2f266758b323,grin,9b8f4867-500c-4e37-a2d4-c57faa1e0394,fa9c7108-176e-4c68-840d-6acf3a3e59e4,test,COMPLETED,spatiotemporal,spatiotemporal,correlation_train_v1,sha256:d8359569165ce83b9a1efebd29b2ea6e813271b6b74e3aa51d66b8dbf84c8973,2cd4313d-5234-419f-bffa-f3a6ebc40d44,eb05218f-44d9-409d-8c51-cf4ce7ee312c,,exp_st,exp_st,st_predicate_match:algorithm+graph_or_domain
result,109c3f63-20bf-42ac-9551-b8a3a25eff28,109c3f63-20bf-42ac-9551-b8a3a25eff28,grin,9b8f4867-500c-4e37-a2d4-c57faa1e0394,fa9c7108-176e-4c68-840d-6acf3a3e59e4,test,COMPLETED,spatiotemporal,spatiotemporal,correlation_train_v1,sha256:d8359569165ce83b9a1efebd29b2ea6e813271b6b74e3aa51d66b8dbf84c8973,2cd4313d-5234-419f-bffa-f3a6ebc40d44,eb05218f-44d9-409d-8c51-cf4ce7ee312c,,exp_st,exp_st,st_predicate_match:algorithm+graph_or_domain
result,69ee152d-9758-4bef-bac8-678476a66a24,69ee152d-9758-4bef-bac8-678476a66a24,grin,9b8f4867-500c-4e37-a2d4-c57faa1e0394,fa9c7108-176e-4c68-840d-6acf3a3e59e4,test,COMPLETED,spatiotemporal,spatiotemporal,correlation_train_v1,sha256:d8359569165ce83b9a1efebd29b2ea6e813271b6b74e3aa51d66b8dbf84c8973,2cd4313d-5234-419f-bffa-f3a6ebc40d44,eb05218f-44d9-409d-8c51-cf4ce7ee312c,,exp_st,exp_st,st_predicate_match:algorithm+graph_or_domain
result,6464050b-bbf8-4dc5-abb7-9764fb64abc0,6464050b-bbf8-4dc5-abb7-9764fb64abc0,grin,9b8f4867-500c-4e37-a2d4-c57faa1e0394,fa9c7108-176e-4c68-840d-6acf3a3e59e4,test,COMPLETED,spatiotemporal,spatiotemporal,correlation_train_v1,sha256:d8359569165ce83b9a1efebd29b2ea6e813271b6b74e3aa51d66b8dbf84c8973,2cd4313d-5234-419f-bffa-f3a6ebc40d44,eb05218f-44d9-409d-8c51-cf4ce7ee312c,,exp_st,exp_st,st_predicate_match:algorithm+graph_or_domain
result,9785e673-8a0b-46ef-8698-3a9dea6e540d,9785e673-8a0b-46ef-8698-3a9dea6e540d,grin,9b8f4867-500c-4e37-a2d4-c57faa1e0394,fa9c7108-176e-4c68-840d-6acf3a3e59e4,test,COMPLETED,spatiotemporal,spatiotemporal,correlation_train_v1,sha256:d8359569165ce83b9a1efebd29b2ea6e813271b6b74e3aa51d66b8dbf84c8973,2cd4313d-5234-419f-bffa-f3a6ebc40d44,eb05218f-44d9-409d-8c51-cf4ce7ee312c,,exp_st,exp_st,st_predicate_match:algorithm+graph_or_domain
result,a583f920-1401-464e-8a1d-f22d31cf1e19,a583f920-1401-464e-8a1d-f22d31cf1e19,grin,6212cd1e-ded8-43ae-b66a-4fd714166745,fa9c7108-176e-4c68-840d-6acf3a3e59e4,test,COMPLETED,spatiotemporal,spatiotemporal,correlation_train_v1,sha256:d8359569165ce83b9a1efebd29b2ea6e813271b6b74e3aa51d66b8dbf84c8973,7ff42eb6-d2d4-4725-9556-42acce3f56fe,7f01e746-aa0e-48f4-b56b-cb8ebb1e01bc,,exp_st,exp_st,st_predicate_match:algorithm+graph_or_domain
result,59719047-e4d6-4737-80ac-4f4b40bbd356,59719047-e4d6-4737-80ac-4f4b40bbd356,grin,6212cd1e-ded8-43ae-b66a-4fd714166745,fa9c7108-176e-4c68-840d-6acf3a3e59e4,test,COMPLETED,spatiotemporal,spatiotemporal,correlation_train_v1,sha256:d8359569165ce83b9a1efebd29b2ea6e813271b6b74e3aa51d66b8dbf84c8973,7ff42eb6-d2d4-4725-9556-42acce3f56fe,7f01e746-aa0e-48f4-b56b-cb8ebb1e01bc,,exp_st,exp_st,st_predicate_match:algorithm+graph_or_domain
result,1b7e0933-281a-4f31-9aaa-710cf6db26cd,1b7e0933-281a-4f31-9aaa-710cf6db26cd,grin,6212cd1e-ded8-43ae-b66a-4fd714166745,fa9c7108-176e-4c68-840d-6acf3a3e59e4,test,COMPLETED,spatiotemporal,spatiotemporal,correlation_train_v1,sha256:d8359569165ce83b9a1efebd29b2ea6e813271b6b74e3aa51d66b8dbf84c8973,7ff42eb6-d2d4-4725-9556-42acce3f56fe,7f01e746-aa0e-48f4-b56b-cb8ebb1e01bc,,exp_st,exp_st,st_predicate_match:algorithm+graph_or_domain
result,85d86fec-d963-42f3-ab72-d4fe1c3dd1fa,85d86fec-d963-42f3-ab72-d4fe1c3dd1fa,grin,6212cd1e-ded8-43ae-b66a-4fd714166745,fa9c7108-176e-4c68-840d-6acf3a3e59e4,test,COMPLETED,spatiotemporal,spatiotemporal,correlation_train_v1,sha256:d8359569165ce83b9a1efebd29b2ea6e813271b6b74e3aa51d66b8dbf84c8973,7ff42eb6-d2d4-4725-9556-42acce3f56fe,7f01e746-aa0e-48f4-b56b-cb8ebb1e01bc,,exp_st,exp_st,st_predicate_match:algorithm+graph_or_domain
result,a5ab39eb-0a8a-441a-9bcc-509aad53399c,a5ab39eb-0a8a-441a-9bcc-509aad53399c,grin,6212cd1e-ded8-43ae-b66a-4fd714166745,fa9c7108-176e-4c68-840d-6acf3a3e59e4,test,COMPLETED,spatiotemporal,spatiotemporal,correlation_train_v1,sha256:d8359569165ce83b9a1efebd29b2ea6e813271b6b74e3aa51d66b8dbf84c8973,7ff42eb6-d2d4-4725-9556-42acce3f56fe,7f01e746-aa0e-48f4-b56b-cb8ebb1e01bc,,exp_st,exp_st,st_predicate_match:algorithm+graph_or_domain
result,b2f8d1fe-f770-4ae4-ba64-6af27f7a52d3,b2f8d1fe-f770-4ae4-ba64-6af27f7a52d3,grin,afa4e744-be45-464a-8407-f1a79c0b3d8f,fa9c7108-176e-4c68-840d-6acf3a3e59e4,test,COMPLETED,spatiotemporal,spatiotemporal,correlation_train_v1,sha256:d8359569165ce83b9a1efebd29b2ea6e813271b6b74e3aa51d66b8dbf84c8973,dda1590c-4ac1-4eb9-b622-a60d355ff491,2741d847-1007-4916-8332-279259eaccb8,,exp_st,exp_st,st_predicate_match:algorithm+graph_or_domain
result,fc7ab25f-612f-4b60-aacd-9de9ac5a79e4,fc7ab25f-612f-4b60-aacd-9de9ac5a79e4,grin,afa4e744-be45-464a-8407-f1a79c0b3d8f,fa9c7108-176e-4c68-840d-6acf3a3e59e4,test,COMPLETED,spatiotemporal,spatiotemporal,correlation_train_v1,sha256:d8359569165ce83b9a1efebd29b2ea6e813271b6b74e3aa51d66b8dbf84c8973,dda1590c-4ac1-4eb9-b622-a60d355ff491,2741d847-1007-4916-8332-279259eaccb8,,exp_st,exp_st,st_predicate_match:algorithm+graph_or_domain
result,6cb5e6b2-56ba-4054-9137-155f58f0dfa2,6cb5e6b2-56ba-4054-9137-155f58f0dfa2,grin,afa4e744-be45-464a-8407-f1a79c0b3d8f,fa9c7108-176e-4c68-840d-6acf3a3e59e4,test,COMPLETED,spatiotemporal,spatiotemporal,correlation_train_v1,sha256:d8359569165ce83b9a1efebd29b2ea6e813271b6b74e3aa51d66b8dbf84c8973,dda1590c-4ac1-4eb9-b622-a60d355ff491,2741d847-1007-4916-8332-279259eaccb8,,exp_st,exp_st,st_predicate_match:algorithm+graph_or_domain
result,0e255ab9-f642-4db4-90b0-b69e092ef0ce,0e255ab9-f642-4db4-90b0-b69e092ef0ce,grin,afa4e744-be45-464a-8407-f1a79c0b3d8f,fa9c7108-176e-4c68-840d-6acf3a3e59e4,test,COMPLETED,spatiotemporal,spatiotemporal,correlation_train_v1,sha256:d8359569165ce83b9a1efebd29b2ea6e813271b6b74e3aa51d66b8dbf84c8973,dda1590c-4ac1-4eb9-b622-a60d355ff491,2741d847-1007-4916-8332-279259eaccb8,,exp_st,exp_st,st_predicate_match:algorithm+graph_or_domain
result,2f8be555-7f7c-46f7-9788-be695d9e3bdf,2f8be555-7f7c-46f7-9788-be695d9e3bdf,grin,afa4e744-be45-464a-8407-f1a79c0b3d8f,fa9c7108-176e-4c68-840d-6acf3a3e59e4,test,COMPLETED,spatiotemporal,spatiotemporal,correlation_train_v1,sha256:d8359569165ce83b9a1efebd29b2ea6e813271b6b74e3aa51d66b8dbf84c8973,dda1590c-4ac1-4eb9-b622-a60d355ff491,2741d847-1007-4916-8332-279259eaccb8,,exp_st,exp_st,st_predicate_match:algorithm+graph_or_domain
result,09aa2862-593b-4b5b-a795-1f98b8d4d75e,09aa2862-593b-4b5b-a795-1f98b8d4d75e,grin,a50b1f2e-674a-40e8-8044-e897460554be,fa9c7108-176e-4c68-840d-6acf3a3e59e4,test,COMPLETED,spatiotemporal,spatiotemporal,correlation_train_v1,sha256:d8359569165ce83b9a1efebd29b2ea6e813271b6b74e3aa51d66b8dbf84c8973,4a2bec8f-5e78-406b-95d1-3c5fe8ef2cfb,81aa0e38-ad70-41ae-b22a-ad46b05ce209,,exp_st,exp_st,st_predicate_match:algorithm+graph_or_domain
result,3ba9897b-85cc-400e-a301-9e82272dd2cc,3ba9897b-85cc-400e-a301-9e82272dd2cc,grin,a50b1f2e-674a-40e8-8044-e897460554be,fa9c7108-176e-4c68-840d-6acf3a3e59e4,test,COMPLETED,spatiotemporal,spatiotemporal,correlation_train_v1,sha256:d8359569165ce83b9a1efebd29b2ea6e813271b6b74e3aa51d66b8dbf84c8973,4a2bec8f-5e78-406b-95d1-3c5fe8ef2cfb,81aa0e38-ad70-41ae-b22a-ad46b05ce209,,exp_st,exp_st,st_predicate_match:algorithm+graph_or_domain
result,15e4350d-97d6-48f3-bb66-87e031a90f2c,15e4350d-97d6-48f3-bb66-87e031a90f2c,grin,a50b1f2e-674a-40e8-8044-e897460554be,fa9c7108-176e-4c68-840d-6acf3a3e59e4,test,COMPLETED,spatiotemporal,spatiotemporal,correlation_train_v1,sha256:d8359569165ce83b9a1efebd29b2ea6e813271b6b74e3aa51d66b8dbf84c8973,4a2bec8f-5e78-406b-95d1-3c5fe8ef2cfb,81aa0e38-ad70-41ae-b22a-ad46b05ce209,,exp_st,exp_st,st_predicate_match:algorithm+graph_or_domain
result,4d7026cd-32cb-4dbb-93f1-f90a62e97a56,4d7026cd-32cb-4dbb-93f1-f90a62e97a56,grin,a50b1f2e-674a-40e8-8044-e897460554be,fa9c7108-176e-4c68-840d-6acf3a3e59e4,test,COMPLETED,spatiotemporal,spatiotemporal,correlation_train_v1,sha256:d8359569165ce83b9a1efebd29b2ea6e813271b6b74e3aa51d66b8dbf84c8973,4a2bec8f-5e78-406b-95d1-3c5fe8ef2cfb,81aa0e38-ad70-41ae-b22a-ad46b05ce209,,exp_st,exp_st,st_predicate_match:algorithm+graph_or_domain
result,1f4656e6-aa0f-4aa8-997a-f2f5b2002bef,1f4656e6-aa0f-4aa8-997a-f2f5b2002bef,grin,a50b1f2e-674a-40e8-8044-e897460554be,fa9c7108-176e-4c68-840d-6acf3a3e59e4,test,COMPLETED,spatiotemporal,spatiotemporal,correlation_train_v1,sha256:d8359569165ce83b9a1efebd29b2ea6e813271b6b74e3aa51d66b8dbf84c8973,4a2bec8f-5e78-406b-95d1-3c5fe8ef2cfb,81aa0e38-ad70-41ae-b22a-ad46b05ce209,,exp_st,exp_st,st_predicate_match:algorithm+graph_or_domain
result,d9b3195f-d5ed-49fc-8222-decf3ef1939f,d9b3195f-d5ed-49fc-8222-decf3ef1939f,ignnk,53811a40-2ac6-4e4a-a32f-84b4a14f13da,fa9c7108-176e-4c68-840d-6acf3a3e59e4,test,COMPLETED,spatiotemporal,spatiotemporal,correlation_train_v1,sha256:d8359569165ce83b9a1efebd29b2ea6e813271b6b74e3aa51d66b8dbf84c8973,b86ad540-b07a-432d-997e-806e15eb7a29,8e5e3e49-8e7b-4f4c-b011-aaf3b92f5acb,,exp_st,exp_st,st_predicate_match:algorithm+graph_or_domain
result,976005c3-617e-4a19-b263-1f59c11f60a3,976005c3-617e-4a19-b263-1f59c11f60a3,ignnk,53811a40-2ac6-4e4a-a32f-84b4a14f13da,fa9c7108-176e-4c68-840d-6acf3a3e59e4,test,COMPLETED,spatiotemporal,spatiotemporal,correlation_train_v1,sha256:d8359569165ce83b9a1efebd29b2ea6e813271b6b74e3aa51d66b8dbf84c8973,b86ad540-b07a-432d-997e-806e15eb7a29,8e5e3e49-8e7b-4f4c-b011-aaf3b92f5acb,,exp_st,exp_st,st_predicate_match:algorithm+graph_or_domain
result,851ab660-0556-4e90-849f-ea36411229b5,851ab660-0556-4e90-849f-ea36411229b5,ignnk,53811a40-2ac6-4e4a-a32f-84b4a14f13da,fa9c7108-176e-4c68-840d-6acf3a3e59e4,test,COMPLETED,spatiotemporal,spatiotemporal,correlation_train_v1,sha256:d8359569165ce83b9a1efebd29b2ea6e813271b6b74e3aa51d66b8dbf84c8973,b86ad540-b07a-432d-997e-806e15eb7a29,8e5e3e49-8e7b-4f4c-b011-aaf3b92f5acb,,exp_st,exp_st,st_predicate_match:algorithm+graph_or_domain
result,8ce988b1-fa62-4f5f-bb26-d18d147847c4,8ce988b1-fa62-4f5f-bb26-d18d147847c4,ignnk,53811a40-2ac6-4e4a-a32f-84b4a14f13da,fa9c7108-176e-4c68-840d-6acf3a3e59e4,test,COMPLETED,spatiotemporal,spatiotemporal,correlation_train_v1,sha256:d8359569165ce83b9a1efebd29b2ea6e813271b6b74e3aa51d66b8dbf84c8973,b86ad540-b07a-432d-997e-806e15eb7a29,8e5e3e49-8e7b-4f4c-b011-aaf3b92f5acb,,exp_st,exp_st,st_predicate_match:algorithm+graph_or_domain
result,12858865-1718-4992-bc93-aa07ca4d293d,12858865-1718-4992-bc93-aa07ca4d293d,ignnk,53811a40-2ac6-4e4a-a32f-84b4a14f13da,fa9c7108-176e-4c68-840d-6acf3a3e59e4,test,COMPLETED,spatiotemporal,spatiotemporal,correlation_train_v1,sha256:d8359569165ce83b9a1efebd29b2ea6e813271b6b74e3aa51d66b8dbf84c8973,b86ad540-b07a-432d-997e-806e15eb7a29,8e5e3e49-8e7b-4f4c-b011-aaf3b92f5acb,,exp_st,exp_st,st_predicate_match:algorithm+graph_or_domain
result,9a43d7f5-4cfd-410a-a4a9-ee6ddc57bc31,9a43d7f5-4cfd-410a-a4a9-ee6ddc57bc31,ignnk,4700702f-482d-4f8e-af89-ebc2c2a42dc6,fa9c7108-176e-4c68-840d-6acf3a3e59e4,test,COMPLETED,spatiotemporal,spatiotemporal,correlation_train_v1,sha256:d8359569165ce83b9a1efebd29b2ea6e813271b6b74e3aa51d66b8dbf84c8973,9c64218f-4808-4e17-81d4-dfe3626e3f1d,21b875b3-c50f-4bae-b1c5-502a50ebe170,,exp_st,exp_st,st_predicate_match:algorithm+graph_or_domain
result,2968b0cf-ad34-4bf4-a2c4-c8834972736d,2968b0cf-ad34-4bf4-a2c4-c8834972736d,ignnk,4700702f-482d-4f8e-af89-ebc2c2a42dc6,fa9c7108-176e-4c68-840d-6acf3a3e59e4,test,COMPLETED,spatiotemporal,spatiotemporal,correlation_train_v1,sha256:d8359569165ce83b9a1efebd29b2ea6e813271b6b74e3aa51d66b8dbf84c8973,9c64218f-4808-4e17-81d4-dfe3626e3f1d,21b875b3-c50f-4bae-b1c5-502a50ebe170,,exp_st,exp_st,st_predicate_match:algorithm+graph_or_domain
result,cc301818-78a5-4124-bcb9-13ed0d49bc61,cc301818-78a5-4124-bcb9-13ed0d49bc61,ignnk,4700702f-482d-4f8e-af89-ebc2c2a42dc6,fa9c7108-176e-4c68-840d-6acf3a3e59e4,test,COMPLETED,spatiotemporal,spatiotemporal,correlation_train_v1,sha256:d8359569165ce83b9a1efebd29b2ea6e813271b6b74e3aa51d66b8dbf84c8973,9c64218f-4808-4e17-81d4-dfe3626e3f1d,21b875b3-c50f-4bae-b1c5-502a50ebe170,,exp_st,exp_st,st_predicate_match:algorithm+graph_or_domain
result,b78556b1-3a82-4f5a-97fa-29dcdf2d2a45,b78556b1-3a82-4f5a-97fa-29dcdf2d2a45,ignnk,4700702f-482d-4f8e-af89-ebc2c2a42dc6,fa9c7108-176e-4c68-840d-6acf3a3e59e4,test,COMPLETED,spatiotemporal,spatiotemporal,correlation_train_v1,sha256:d8359569165ce83b9a1efebd29b2ea6e813271b6b74e3aa51d66b8dbf84c8973,9c64218f-4808-4e17-81d4-dfe3626e3f1d,21b875b3-c50f-4bae-b1c5-502a50ebe170,,exp_st,exp_st,st_predicate_match:algorithm+graph_or_domain
result,8a99e3b8-3430-49e4-89a8-269cfdffc0af,8a99e3b8-3430-49e4-89a8-269cfdffc0af,ignnk,4700702f-482d-4f8e-af89-ebc2c2a42dc6,fa9c7108-176e-4c68-840d-6acf3a3e59e4,test,COMPLETED,spatiotemporal,spatiotemporal,correlation_train_v1,sha256:d8359569165ce83b9a1efebd29b2ea6e813271b6b74e3aa51d66b8dbf84c8973,9c64218f-4808-4e17-81d4-dfe3626e3f1d,21b875b3-c50f-4bae-b1c5-502a50ebe170,,exp_st,exp_st,st_predicate_match:algorithm+graph_or_domain
result,3d0552f1-9f60-4eee-b8c0-bcf3deac85dc,3d0552f1-9f60-4eee-b8c0-bcf3deac85dc,ignnk,d0acfa04-fc0c-487b-b053-4655d24b78b6,fa9c7108-176e-4c68-840d-6acf3a3e59e4,test,COMPLETED,spatiotemporal,spatiotemporal,correlation_train_v1,sha256:d8359569165ce83b9a1efebd29b2ea6e813271b6b74e3aa51d66b8dbf84c8973,2cd4313d-5234-419f-bffa-f3a6ebc40d44,eb05218f-44d9-409d-8c51-cf4ce7ee312c,,exp_st,exp_st,st_predicate_match:algorithm+graph_or_domain
result,31295d21-940f-423c-aade-bf6cc2558f8f,31295d21-940f-423c-aade-bf6cc2558f8f,ignnk,d0acfa04-fc0c-487b-b053-4655d24b78b6,fa9c7108-176e-4c68-840d-6acf3a3e59e4,test,COMPLETED,spatiotemporal,spatiotemporal,correlation_train_v1,sha256:d8359569165ce83b9a1efebd29b2ea6e813271b6b74e3aa51d66b8dbf84c8973,2cd4313d-5234-419f-bffa-f3a6ebc40d44,eb05218f-44d9-409d-8c51-cf4ce7ee312c,,exp_st,exp_st,st_predicate_match:algorithm+graph_or_domain
result,3d25f197-d9e3-446b-8ab6-8cc562386975,3d25f197-d9e3-446b-8ab6-8cc562386975,ignnk,d0acfa04-fc0c-487b-b053-4655d24b78b6,fa9c7108-176e-4c68-840d-6acf3a3e59e4,test,COMPLETED,spatiotemporal,spatiotemporal,correlation_train_v1,sha256:d8359569165ce83b9a1efebd29b2ea6e813271b6b74e3aa51d66b8dbf84c8973,2cd4313d-5234-419f-bffa-f3a6ebc40d44,eb05218f-44d9-409d-8c51-cf4ce7ee312c,,exp_st,exp_st,st_predicate_match:algorithm+graph_or_domain
result,ebcfcac2-9f0d-490e-b504-f4518c0b0347,ebcfcac2-9f0d-490e-b504-f4518c0b0347,ignnk,d0acfa04-fc0c-487b-b053-4655d24b78b6,fa9c7108-176e-4c68-840d-6acf3a3e59e4,test,COMPLETED,spatiotemporal,spatiotemporal,correlation_train_v1,sha256:d8359569165ce83b9a1efebd29b2ea6e813271b6b74e3aa51d66b8dbf84c8973,2cd4313d-5234-419f-bffa-f3a6ebc40d44,eb05218f-44d9-409d-8c51-cf4ce7ee312c,,exp_st,exp_st,st_predicate_match:algorithm+graph_or_domain
result,50f13d99-bc79-4a3f-bcaa-ee43a1e78bce,50f13d99-bc79-4a3f-bcaa-ee43a1e78bce,ignnk,d0acfa04-fc0c-487b-b053-4655d24b78b6,fa9c7108-176e-4c68-840d-6acf3a3e59e4,test,COMPLETED,spatiotemporal,spatiotemporal,correlation_train_v1,sha256:d8359569165ce83b9a1efebd29b2ea6e813271b6b74e3aa51d66b8dbf84c8973,2cd4313d-5234-419f-bffa-f3a6ebc40d44,eb05218f-44d9-409d-8c51-cf4ce7ee312c,,exp_st,exp_st,st_predicate_match:algorithm+graph_or_domain
result,3e9c81c9-609c-4d5c-b3cf-7834136df76f,3e9c81c9-609c-4d5c-b3cf-7834136df76f,ignnk,c8331e00-853b-43ed-b277-87607a50540e,fa9c7108-176e-4c68-840d-6acf3a3e59e4,test,COMPLETED,spatiotemporal,spatiotemporal,correlation_train_v1,sha256:d8359569165ce83b9a1efebd29b2ea6e813271b6b74e3aa51d66b8dbf84c8973,7ff42eb6-d2d4-4725-9556-42acce3f56fe,7f01e746-aa0e-48f4-b56b-cb8ebb1e01bc,,exp_st,exp_st,st_predicate_match:algorithm+graph_or_domain
result,6cc7e0fe-11be-4ec1-a74d-04bf4814726a,6cc7e0fe-11be-4ec1-a74d-04bf4814726a,ignnk,c8331e00-853b-43ed-b277-87607a50540e,fa9c7108-176e-4c68-840d-6acf3a3e59e4,test,COMPLETED,spatiotemporal,spatiotemporal,correlation_train_v1,sha256:d8359569165ce83b9a1efebd29b2ea6e813271b6b74e3aa51d66b8dbf84c8973,7ff42eb6-d2d4-4725-9556-42acce3f56fe,7f01e746-aa0e-48f4-b56b-cb8ebb1e01bc,,exp_st,exp_st,st_predicate_match:algorithm+graph_or_domain
result,64bcec64-2cc5-4b5b-b165-8ac98f251d66,64bcec64-2cc5-4b5b-b165-8ac98f251d66,ignnk,c8331e00-853b-43ed-b277-87607a50540e,fa9c7108-176e-4c68-840d-6acf3a3e59e4,test,COMPLETED,spatiotemporal,spatiotemporal,correlation_train_v1,sha256:d8359569165ce83b9a1efebd29b2ea6e813271b6b74e3aa51d66b8dbf84c8973,7ff42eb6-d2d4-4725-9556-42acce3f56fe,7f01e746-aa0e-48f4-b56b-cb8ebb1e01bc,,exp_st,exp_st,st_predicate_match:algorithm+graph_or_domain
result,b82ff97c-b359-48dd-af7b-8bfc17500a96,b82ff97c-b359-48dd-af7b-8bfc17500a96,ignnk,c8331e00-853b-43ed-b277-87607a50540e,fa9c7108-176e-4c68-840d-6acf3a3e59e4,test,COMPLETED,spatiotemporal,spatiotemporal,correlation_train_v1,sha256:d8359569165ce83b9a1efebd29b2ea6e813271b6b74e3aa51d66b8dbf84c8973,7ff42eb6-d2d4-4725-9556-42acce3f56fe,7f01e746-aa0e-48f4-b56b-cb8ebb1e01bc,,exp_st,exp_st,st_predicate_match:algorithm+graph_or_domain
result,88f75510-63c7-424b-b0d3-f96c070f0c9a,88f75510-63c7-424b-b0d3-f96c070f0c9a,ignnk,c8331e00-853b-43ed-b277-87607a50540e,fa9c7108-176e-4c68-840d-6acf3a3e59e4,test,COMPLETED,spatiotemporal,spatiotemporal,correlation_train_v1,sha256:d8359569165ce83b9a1efebd29b2ea6e813271b6b74e3aa51d66b8dbf84c8973,7ff42eb6-d2d4-4725-9556-42acce3f56fe,7f01e746-aa0e-48f4-b56b-cb8ebb1e01bc,,exp_st,exp_st,st_predicate_match:algorithm+graph_or_domain
result,a50c4611-6492-41c1-8e34-f47d54fb7d29,a50c4611-6492-41c1-8e34-f47d54fb7d29,ignnk,f672935f-ac45-4eb2-ace7-60d7d67e653e,fa9c7108-176e-4c68-840d-6acf3a3e59e4,test,COMPLETED,spatiotemporal,spatiotemporal,correlation_train_v1,sha256:d8359569165ce83b9a1efebd29b2ea6e813271b6b74e3aa51d66b8dbf84c8973,dda1590c-4ac1-4eb9-b622-a60d355ff491,2741d847-1007-4916-8332-279259eaccb8,,exp_st,exp_st,st_predicate_match:algorithm+graph_or_domain
result,c8fd050c-f0af-4ff5-81c2-1a09f3f58726,c8fd050c-f0af-4ff5-81c2-1a09f3f58726,ignnk,f672935f-ac45-4eb2-ace7-60d7d67e653e,fa9c7108-176e-4c68-840d-6acf3a3e59e4,test,COMPLETED,spatiotemporal,spatiotemporal,correlation_train_v1,sha256:d8359569165ce83b9a1efebd29b2ea6e813271b6b74e3aa51d66b8dbf84c8973,dda1590c-4ac1-4eb9-b622-a60d355ff491,2741d847-1007-4916-8332-279259eaccb8,,exp_st,exp_st,st_predicate_match:algorithm+graph_or_domain
result,f5288b01-ed39-4d9f-9438-7dc25c8e6228,f5288b01-ed39-4d9f-9438-7dc25c8e6228,ignnk,f672935f-ac45-4eb2-ace7-60d7d67e653e,fa9c7108-176e-4c68-840d-6acf3a3e59e4,test,COMPLETED,spatiotemporal,spatiotemporal,correlation_train_v1,sha256:d8359569165ce83b9a1efebd29b2ea6e813271b6b74e3aa51d66b8dbf84c8973,dda1590c-4ac1-4eb9-b622-a60d355ff491,2741d847-1007-4916-8332-279259eaccb8,,exp_st,exp_st,st_predicate_match:algorithm+graph_or_domain
result,e598c0bd-241c-4927-8724-1a67459d009d,e598c0bd-241c-4927-8724-1a67459d009d,ignnk,f672935f-ac45-4eb2-ace7-60d7d67e653e,fa9c7108-176e-4c68-840d-6acf3a3e59e4,test,COMPLETED,spatiotemporal,spatiotemporal,correlation_train_v1,sha256:d8359569165ce83b9a1efebd29b2ea6e813271b6b74e3aa51d66b8dbf84c8973,dda1590c-4ac1-4eb9-b622-a60d355ff491,2741d847-1007-4916-8332-279259eaccb8,,exp_st,exp_st,st_predicate_match:algorithm+graph_or_domain
result,39d6620d-ad2e-45a4-b8bf-3878880097b6,39d6620d-ad2e-45a4-b8bf-3878880097b6,ignnk,f672935f-ac45-4eb2-ace7-60d7d67e653e,fa9c7108-176e-4c68-840d-6acf3a3e59e4,test,COMPLETED,spatiotemporal,spatiotemporal,correlation_train_v1,sha256:d8359569165ce83b9a1efebd29b2ea6e813271b6b74e3aa51d66b8dbf84c8973,dda1590c-4ac1-4eb9-b622-a60d355ff491,2741d847-1007-4916-8332-279259eaccb8,,exp_st,exp_st,st_predicate_match:algorithm+graph_or_domain
result,7914fac1-64fd-46da-bdd5-c70ee8f5c9ee,7914fac1-64fd-46da-bdd5-c70ee8f5c9ee,ignnk,4884f693-5b13-4f97-8aa3-6e844c588707,fa9c7108-176e-4c68-840d-6acf3a3e59e4,test,COMPLETED,spatiotemporal,spatiotemporal,correlation_train_v1,sha256:d8359569165ce83b9a1efebd29b2ea6e813271b6b74e3aa51d66b8dbf84c8973,4a2bec8f-5e78-406b-95d1-3c5fe8ef2cfb,81aa0e38-ad70-41ae-b22a-ad46b05ce209,,exp_st,exp_st,st_predicate_match:algorithm+graph_or_domain
result,e807d28c-90ce-43dd-bfd9-2acb8095c09e,e807d28c-90ce-43dd-bfd9-2acb8095c09e,ignnk,4884f693-5b13-4f97-8aa3-6e844c588707,fa9c7108-176e-4c68-840d-6acf3a3e59e4,test,COMPLETED,spatiotemporal,spatiotemporal,correlation_train_v1,sha256:d8359569165ce83b9a1efebd29b2ea6e813271b6b74e3aa51d66b8dbf84c8973,4a2bec8f-5e78-406b-95d1-3c5fe8ef2cfb,81aa0e38-ad70-41ae-b22a-ad46b05ce209,,exp_st,exp_st,st_predicate_match:algorithm+graph_or_domain
result,6f00051e-0802-4892-8de1-c989a76717f9,6f00051e-0802-4892-8de1-c989a76717f9,ignnk,4884f693-5b13-4f97-8aa3-6e844c588707,fa9c7108-176e-4c68-840d-6acf3a3e59e4,test,COMPLETED,spatiotemporal,spatiotemporal,correlation_train_v1,sha256:d8359569165ce83b9a1efebd29b2ea6e813271b6b74e3aa51d66b8dbf84c8973,4a2bec8f-5e78-406b-95d1-3c5fe8ef2cfb,81aa0e38-ad70-41ae-b22a-ad46b05ce209,,exp_st,exp_st,st_predicate_match:algorithm+graph_or_domain
result,e65476ea-d53f-474a-affa-9963b13b9359,e65476ea-d53f-474a-affa-9963b13b9359,ignnk,4884f693-5b13-4f97-8aa3-6e844c588707,fa9c7108-176e-4c68-840d-6acf3a3e59e4,test,COMPLETED,spatiotemporal,spatiotemporal,correlation_train_v1,sha256:d8359569165ce83b9a1efebd29b2ea6e813271b6b74e3aa51d66b8dbf84c8973,4a2bec8f-5e78-406b-95d1-3c5fe8ef2cfb,81aa0e38-ad70-41ae-b22a-ad46b05ce209,,exp_st,exp_st,st_predicate_match:algorithm+graph_or_domain
result,c04ab4e9-5c05-46c0-a1c8-0a3f3ef1ece8,c04ab4e9-5c05-46c0-a1c8-0a3f3ef1ece8,ignnk,4884f693-5b13-4f97-8aa3-6e844c588707,fa9c7108-176e-4c68-840d-6acf3a3e59e4,test,COMPLETED,spatiotemporal,spatiotemporal,correlation_train_v1,sha256:d8359569165ce83b9a1efebd29b2ea6e813271b6b74e3aa51d66b8dbf84c8973,4a2bec8f-5e78-406b-95d1-3c5fe8ef2cfb,81aa0e38-ad70-41ae-b22a-ad46b05ce209,,exp_st,exp_st,st_predicate_match:algorithm+graph_or_domain
result,93109236-eb1a-4dcb-bcca-ad0760889baf,93109236-eb1a-4dcb-bcca-ad0760889baf,dcrnn,9c389b69-245e-478a-a0e1-678aab50dea7,fa9c7108-176e-4c68-840d-6acf3a3e59e4,test,COMPLETED,spatiotemporal,spatiotemporal,correlation_train_v1,sha256:d8359569165ce83b9a1efebd29b2ea6e813271b6b74e3aa51d66b8dbf84c8973,b86ad540-b07a-432d-997e-806e15eb7a29,8e5e3e49-8e7b-4f4c-b011-aaf3b92f5acb,,exp_st,exp_st,st_predicate_match:algorithm+graph_or_domain
result,99ceab3c-2307-4d59-a3c6-94634d44614d,99ceab3c-2307-4d59-a3c6-94634d44614d,dcrnn,9c389b69-245e-478a-a0e1-678aab50dea7,fa9c7108-176e-4c68-840d-6acf3a3e59e4,test,COMPLETED,spatiotemporal,spatiotemporal,correlation_train_v1,sha256:d8359569165ce83b9a1efebd29b2ea6e813271b6b74e3aa51d66b8dbf84c8973,b86ad540-b07a-432d-997e-806e15eb7a29,8e5e3e49-8e7b-4f4c-b011-aaf3b92f5acb,,exp_st,exp_st,st_predicate_match:algorithm+graph_or_domain
result,e8d9501d-fe63-402f-ab68-56c92be045dd,e8d9501d-fe63-402f-ab68-56c92be045dd,dcrnn,9c389b69-245e-478a-a0e1-678aab50dea7,fa9c7108-176e-4c68-840d-6acf3a3e59e4,test,COMPLETED,spatiotemporal,spatiotemporal,correlation_train_v1,sha256:d8359569165ce83b9a1efebd29b2ea6e813271b6b74e3aa51d66b8dbf84c8973,b86ad540-b07a-432d-997e-806e15eb7a29,8e5e3e49-8e7b-4f4c-b011-aaf3b92f5acb,,exp_st,exp_st,st_predicate_match:algorithm+graph_or_domain
result,6d53fbe2-0045-47e4-a237-6e742227348d,6d53fbe2-0045-47e4-a237-6e742227348d,dcrnn,9c389b69-245e-478a-a0e1-678aab50dea7,fa9c7108-176e-4c68-840d-6acf3a3e59e4,test,COMPLETED,spatiotemporal,spatiotemporal,correlation_train_v1,sha256:d8359569165ce83b9a1efebd29b2ea6e813271b6b74e3aa51d66b8dbf84c8973,b86ad540-b07a-432d-997e-806e15eb7a29,8e5e3e49-8e7b-4f4c-b011-aaf3b92f5acb,,exp_st,exp_st,st_predicate_match:algorithm+graph_or_domain
result,0f1b4fae-4206-41b4-a223-9c9113a2c2cd,0f1b4fae-4206-41b4-a223-9c9113a2c2cd,dcrnn,9c389b69-245e-478a-a0e1-678aab50dea7,fa9c7108-176e-4c68-840d-6acf3a3e59e4,test,COMPLETED,spatiotemporal,spatiotemporal,correlation_train_v1,sha256:d8359569165ce83b9a1efebd29b2ea6e813271b6b74e3aa51d66b8dbf84c8973,b86ad540-b07a-432d-997e-806e15eb7a29,8e5e3e49-8e7b-4f4c-b011-aaf3b92f5acb,,exp_st,exp_st,st_predicate_match:algorithm+graph_or_domain
result,714685e7-a106-42b1-852f-6cd69e1e4246,714685e7-a106-42b1-852f-6cd69e1e4246,dcrnn,6dccbabb-e941-4ee1-b47a-5ac07c2f7c05,fa9c7108-176e-4c68-840d-6acf3a3e59e4,test,COMPLETED,spatiotemporal,spatiotemporal,correlation_train_v1,sha256:d8359569165ce83b9a1efebd29b2ea6e813271b6b74e3aa51d66b8dbf84c8973,9c64218f-4808-4e17-81d4-dfe3626e3f1d,21b875b3-c50f-4bae-b1c5-502a50ebe170,,exp_st,exp_st,st_predicate_match:algorithm+graph_or_domain
result,89e926c7-06f1-4528-aff3-9d7ed08b345d,89e926c7-06f1-4528-aff3-9d7ed08b345d,dcrnn,6dccbabb-e941-4ee1-b47a-5ac07c2f7c05,fa9c7108-176e-4c68-840d-6acf3a3e59e4,test,COMPLETED,spatiotemporal,spatiotemporal,correlation_train_v1,sha256:d8359569165ce83b9a1efebd29b2ea6e813271b6b74e3aa51d66b8dbf84c8973,9c64218f-4808-4e17-81d4-dfe3626e3f1d,21b875b3-c50f-4bae-b1c5-502a50ebe170,,exp_st,exp_st,st_predicate_match:algorithm+graph_or_domain
result,dcb09869-240b-45ec-91fd-2704a339cf72,dcb09869-240b-45ec-91fd-2704a339cf72,dcrnn,6dccbabb-e941-4ee1-b47a-5ac07c2f7c05,fa9c7108-176e-4c68-840d-6acf3a3e59e4,test,COMPLETED,spatiotemporal,spatiotemporal,correlation_train_v1,sha256:d8359569165ce83b9a1efebd29b2ea6e813271b6b74e3aa51d66b8dbf84c8973,9c64218f-4808-4e17-81d4-dfe3626e3f1d,21b875b3-c50f-4bae-b1c5-502a50ebe170,,exp_st,exp_st,st_predicate_match:algorithm+graph_or_domain
result,5fb6d899-d004-43bf-b4d7-4b7606dc7945,5fb6d899-d004-43bf-b4d7-4b7606dc7945,dcrnn,6dccbabb-e941-4ee1-b47a-5ac07c2f7c05,fa9c7108-176e-4c68-840d-6acf3a3e59e4,test,COMPLETED,spatiotemporal,spatiotemporal,correlation_train_v1,sha256:d8359569165ce83b9a1efebd29b2ea6e813271b6b74e3aa51d66b8dbf84c8973,9c64218f-4808-4e17-81d4-dfe3626e3f1d,21b875b3-c50f-4bae-b1c5-502a50ebe170,,exp_st,exp_st,st_predicate_match:algorithm+graph_or_domain
result,692283f4-8f1b-4d19-89cb-49d3595af76e,692283f4-8f1b-4d19-89cb-49d3595af76e,dcrnn,6dccbabb-e941-4ee1-b47a-5ac07c2f7c05,fa9c7108-176e-4c68-840d-6acf3a3e59e4,test,COMPLETED,spatiotemporal,spatiotemporal,correlation_train_v1,sha256:d8359569165ce83b9a1efebd29b2ea6e813271b6b74e3aa51d66b8dbf84c8973,9c64218f-4808-4e17-81d4-dfe3626e3f1d,21b875b3-c50f-4bae-b1c5-502a50ebe170,,exp_st,exp_st,st_predicate_match:algorithm+graph_or_domain
result,e186e289-d0bc-416b-8cd1-8cf325980dda,e186e289-d0bc-416b-8cd1-8cf325980dda,dcrnn,8925b637-8120-4fde-bd68-24216921cd7f,fa9c7108-176e-4c68-840d-6acf3a3e59e4,test,COMPLETED,spatiotemporal,spatiotemporal,correlation_train_v1,sha256:d8359569165ce83b9a1efebd29b2ea6e813271b6b74e3aa51d66b8dbf84c8973,2cd4313d-5234-419f-bffa-f3a6ebc40d44,eb05218f-44d9-409d-8c51-cf4ce7ee312c,,exp_st,exp_st,st_predicate_match:algorithm+graph_or_domain
result,67238822-e3b5-4efd-8ef9-3a68ae8d598e,67238822-e3b5-4efd-8ef9-3a68ae8d598e,dcrnn,8925b637-8120-4fde-bd68-24216921cd7f,fa9c7108-176e-4c68-840d-6acf3a3e59e4,test,COMPLETED,spatiotemporal,spatiotemporal,correlation_train_v1,sha256:d8359569165ce83b9a1efebd29b2ea6e813271b6b74e3aa51d66b8dbf84c8973,2cd4313d-5234-419f-bffa-f3a6ebc40d44,eb05218f-44d9-409d-8c51-cf4ce7ee312c,,exp_st,exp_st,st_predicate_match:algorithm+graph_or_domain
result,ddd4f4da-eded-481c-b855-e13b9f587b4d,ddd4f4da-eded-481c-b855-e13b9f587b4d,dcrnn,8925b637-8120-4fde-bd68-24216921cd7f,fa9c7108-176e-4c68-840d-6acf3a3e59e4,test,COMPLETED,spatiotemporal,spatiotemporal,correlation_train_v1,sha256:d8359569165ce83b9a1efebd29b2ea6e813271b6b74e3aa51d66b8dbf84c8973,2cd4313d-5234-419f-bffa-f3a6ebc40d44,eb05218f-44d9-409d-8c51-cf4ce7ee312c,,exp_st,exp_st,st_predicate_match:algorithm+graph_or_domain
result,7943cc0c-c02f-4f20-8834-016cd7c2e131,7943cc0c-c02f-4f20-8834-016cd7c2e131,dcrnn,8925b637-8120-4fde-bd68-24216921cd7f,fa9c7108-176e-4c68-840d-6acf3a3e59e4,test,COMPLETED,spatiotemporal,spatiotemporal,correlation_train_v1,sha256:d8359569165ce83b9a1efebd29b2ea6e813271b6b74e3aa51d66b8dbf84c8973,2cd4313d-5234-419f-bffa-f3a6ebc40d44,eb05218f-44d9-409d-8c51-cf4ce7ee312c,,exp_st,exp_st,st_predicate_match:algorithm+graph_or_domain
result,49bd525d-a55f-447f-9749-d9faca90a0a5,49bd525d-a55f-447f-9749-d9faca90a0a5,dcrnn,8925b637-8120-4fde-bd68-24216921cd7f,fa9c7108-176e-4c68-840d-6acf3a3e59e4,test,COMPLETED,spatiotemporal,spatiotemporal,correlation_train_v1,sha256:d8359569165ce83b9a1efebd29b2ea6e813271b6b74e3aa51d66b8dbf84c8973,2cd4313d-5234-419f-bffa-f3a6ebc40d44,eb05218f-44d9-409d-8c51-cf4ce7ee312c,,exp_st,exp_st,st_predicate_match:algorithm+graph_or_domain
result,8f6c51ea-09b5-472d-add8-191057d87f13,8f6c51ea-09b5-472d-add8-191057d87f13,dcrnn,98cc3f29-7ed7-4690-98af-2c72dc325a2c,fa9c7108-176e-4c68-840d-6acf3a3e59e4,test,COMPLETED,spatiotemporal,spatiotemporal,correlation_train_v1,sha256:d8359569165ce83b9a1efebd29b2ea6e813271b6b74e3aa51d66b8dbf84c8973,7ff42eb6-d2d4-4725-9556-42acce3f56fe,7f01e746-aa0e-48f4-b56b-cb8ebb1e01bc,,exp_st,exp_st,st_predicate_match:algorithm+graph_or_domain
result,b78e04ac-c648-4182-8d00-843fe39589df,b78e04ac-c648-4182-8d00-843fe39589df,dcrnn,98cc3f29-7ed7-4690-98af-2c72dc325a2c,fa9c7108-176e-4c68-840d-6acf3a3e59e4,test,COMPLETED,spatiotemporal,spatiotemporal,correlation_train_v1,sha256:d8359569165ce83b9a1efebd29b2ea6e813271b6b74e3aa51d66b8dbf84c8973,7ff42eb6-d2d4-4725-9556-42acce3f56fe,7f01e746-aa0e-48f4-b56b-cb8ebb1e01bc,,exp_st,exp_st,st_predicate_match:algorithm+graph_or_domain
result,a2e66235-dd10-4221-9359-01b727b7c4dd,a2e66235-dd10-4221-9359-01b727b7c4dd,dcrnn,98cc3f29-7ed7-4690-98af-2c72dc325a2c,fa9c7108-176e-4c68-840d-6acf3a3e59e4,test,COMPLETED,spatiotemporal,spatiotemporal,correlation_train_v1,sha256:d8359569165ce83b9a1efebd29b2ea6e813271b6b74e3aa51d66b8dbf84c8973,7ff42eb6-d2d4-4725-9556-42acce3f56fe,7f01e746-aa0e-48f4-b56b-cb8ebb1e01bc,,exp_st,exp_st,st_predicate_match:algorithm+graph_or_domain
result,c7bc5ab8-ceee-46ae-9bb2-7aa7013efa9b,c7bc5ab8-ceee-46ae-9bb2-7aa7013efa9b,dcrnn,98cc3f29-7ed7-4690-98af-2c72dc325a2c,fa9c7108-176e-4c68-840d-6acf3a3e59e4,test,COMPLETED,spatiotemporal,spatiotemporal,correlation_train_v1,sha256:d8359569165ce83b9a1efebd29b2ea6e813271b6b74e3aa51d66b8dbf84c8973,7ff42eb6-d2d4-4725-9556-42acce3f56fe,7f01e746-aa0e-48f4-b56b-cb8ebb1e01bc,,exp_st,exp_st,st_predicate_match:algorithm+graph_or_domain
result,df9a6f54-4766-43f5-96e4-ff88d3750106,df9a6f54-4766-43f5-96e4-ff88d3750106,dcrnn,98cc3f29-7ed7-4690-98af-2c72dc325a2c,fa9c7108-176e-4c68-840d-6acf3a3e59e4,test,COMPLETED,spatiotemporal,spatiotemporal,correlation_train_v1,sha256:d8359569165ce83b9a1efebd29b2ea6e813271b6b74e3aa51d66b8dbf84c8973,7ff42eb6-d2d4-4725-9556-42acce3f56fe,7f01e746-aa0e-48f4-b56b-cb8ebb1e01bc,,exp_st,exp_st,st_predicate_match:algorithm+graph_or_domain
result,51e8cd9f-e467-4c6b-84e6-3a04b3b2d8e2,51e8cd9f-e467-4c6b-84e6-3a04b3b2d8e2,dcrnn,da63aa96-42b9-40ca-830a-68b2977fd6d1,fa9c7108-176e-4c68-840d-6acf3a3e59e4,test,COMPLETED,spatiotemporal,spatiotemporal,correlation_train_v1,sha256:d8359569165ce83b9a1efebd29b2ea6e813271b6b74e3aa51d66b8dbf84c8973,dda1590c-4ac1-4eb9-b622-a60d355ff491,2741d847-1007-4916-8332-279259eaccb8,,exp_st,exp_st,st_predicate_match:algorithm+graph_or_domain
result,bfef3f33-10db-405e-a399-e8830adbe7fc,bfef3f33-10db-405e-a399-e8830adbe7fc,dcrnn,da63aa96-42b9-40ca-830a-68b2977fd6d1,fa9c7108-176e-4c68-840d-6acf3a3e59e4,test,COMPLETED,spatiotemporal,spatiotemporal,correlation_train_v1,sha256:d8359569165ce83b9a1efebd29b2ea6e813271b6b74e3aa51d66b8dbf84c8973,dda1590c-4ac1-4eb9-b622-a60d355ff491,2741d847-1007-4916-8332-279259eaccb8,,exp_st,exp_st,st_predicate_match:algorithm+graph_or_domain
result,cd2bc3b0-8e20-4aad-8b11-e98ef98590fb,cd2bc3b0-8e20-4aad-8b11-e98ef98590fb,dcrnn,da63aa96-42b9-40ca-830a-68b2977fd6d1,fa9c7108-176e-4c68-840d-6acf3a3e59e4,test,COMPLETED,spatiotemporal,spatiotemporal,correlation_train_v1,sha256:d8359569165ce83b9a1efebd29b2ea6e813271b6b74e3aa51d66b8dbf84c8973,dda1590c-4ac1-4eb9-b622-a60d355ff491,2741d847-1007-4916-8332-279259eaccb8,,exp_st,exp_st,st_predicate_match:algorithm+graph_or_domain
result,24628905-770c-424d-a40c-245fe2c645dc,24628905-770c-424d-a40c-245fe2c645dc,dcrnn,da63aa96-42b9-40ca-830a-68b2977fd6d1,fa9c7108-176e-4c68-840d-6acf3a3e59e4,test,COMPLETED,spatiotemporal,spatiotemporal,correlation_train_v1,sha256:d8359569165ce83b9a1efebd29b2ea6e813271b6b74e3aa51d66b8dbf84c8973,dda1590c-4ac1-4eb9-b622-a60d355ff491,2741d847-1007-4916-8332-279259eaccb8,,exp_st,exp_st,st_predicate_match:algorithm+graph_or_domain
result,170460ff-edf3-483c-94dc-8806ca8e78b2,170460ff-edf3-483c-94dc-8806ca8e78b2,dcrnn,da63aa96-42b9-40ca-830a-68b2977fd6d1,fa9c7108-176e-4c68-840d-6acf3a3e59e4,test,COMPLETED,spatiotemporal,spatiotemporal,correlation_train_v1,sha256:d8359569165ce83b9a1efebd29b2ea6e813271b6b74e3aa51d66b8dbf84c8973,dda1590c-4ac1-4eb9-b622-a60d355ff491,2741d847-1007-4916-8332-279259eaccb8,,exp_st,exp_st,st_predicate_match:algorithm+graph_or_domain
result,e9ea0bd4-bd72-423d-af61-d0b789600969,e9ea0bd4-bd72-423d-af61-d0b789600969,dcrnn,c9e44da8-8fb8-4a3c-87c7-cf0135b9acd3,fa9c7108-176e-4c68-840d-6acf3a3e59e4,test,COMPLETED,spatiotemporal,spatiotemporal,correlation_train_v1,sha256:d8359569165ce83b9a1efebd29b2ea6e813271b6b74e3aa51d66b8dbf84c8973,4a2bec8f-5e78-406b-95d1-3c5fe8ef2cfb,81aa0e38-ad70-41ae-b22a-ad46b05ce209,,exp_st,exp_st,st_predicate_match:algorithm+graph_or_domain
result,8f26e176-846d-4606-b380-66877c880fb8,8f26e176-846d-4606-b380-66877c880fb8,dcrnn,c9e44da8-8fb8-4a3c-87c7-cf0135b9acd3,fa9c7108-176e-4c68-840d-6acf3a3e59e4,test,COMPLETED,spatiotemporal,spatiotemporal,correlation_train_v1,sha256:d8359569165ce83b9a1efebd29b2ea6e813271b6b74e3aa51d66b8dbf84c8973,4a2bec8f-5e78-406b-95d1-3c5fe8ef2cfb,81aa0e38-ad70-41ae-b22a-ad46b05ce209,,exp_st,exp_st,st_predicate_match:algorithm+graph_or_domain
result,1432fa31-e0a5-485b-8b92-eb135655daa9,1432fa31-e0a5-485b-8b92-eb135655daa9,dcrnn,c9e44da8-8fb8-4a3c-87c7-cf0135b9acd3,fa9c7108-176e-4c68-840d-6acf3a3e59e4,test,COMPLETED,spatiotemporal,spatiotemporal,correlation_train_v1,sha256:d8359569165ce83b9a1efebd29b2ea6e813271b6b74e3aa51d66b8dbf84c8973,4a2bec8f-5e78-406b-95d1-3c5fe8ef2cfb,81aa0e38-ad70-41ae-b22a-ad46b05ce209,,exp_st,exp_st,st_predicate_match:algorithm+graph_or_domain
result,e0ec8fd7-8c21-4f1b-a4e6-b43b005e436f,e0ec8fd7-8c21-4f1b-a4e6-b43b005e436f,dcrnn,c9e44da8-8fb8-4a3c-87c7-cf0135b9acd3,fa9c7108-176e-4c68-840d-6acf3a3e59e4,test,COMPLETED,spatiotemporal,spatiotemporal,correlation_train_v1,sha256:d8359569165ce83b9a1efebd29b2ea6e813271b6b74e3aa51d66b8dbf84c8973,4a2bec8f-5e78-406b-95d1-3c5fe8ef2cfb,81aa0e38-ad70-41ae-b22a-ad46b05ce209,,exp_st,exp_st,st_predicate_match:algorithm+graph_or_domain
result,552f9b80-ba39-4e52-96f5-4b3952703c16,552f9b80-ba39-4e52-96f5-4b3952703c16,dcrnn,c9e44da8-8fb8-4a3c-87c7-cf0135b9acd3,fa9c7108-176e-4c68-840d-6acf3a3e59e4,test,COMPLETED,spatiotemporal,spatiotemporal,correlation_train_v1,sha256:d8359569165ce83b9a1efebd29b2ea6e813271b6b74e3aa51d66b8dbf84c8973,4a2bec8f-5e78-406b-95d1-3c5fe8ef2cfb,81aa0e38-ad70-41ae-b22a-ad46b05ce209,,exp_st,exp_st,st_predicate_match:algorithm+graph_or_domain
result,1d565e51-8524-4ae4-8038-7b1a535d2982,1d565e51-8524-4ae4-8038-7b1a535d2982,stgcn,1a4d0218-673c-4f3e-89a9-a79daa9b31d8,london_aq,test,COMPLETED,spatiotemporal,spatiotemporal,grid_4n_v1,sha256:ff68c2f545d16f90d1e3b4a9b00305d1b291b92f29d9cd1557f2a1e30e9bd432,9e43c64c-4b2e-48b9-8305-78478e7f0c99,69038d85-61c2-43ab-a5e5-0ec680aa00e2,,exp_st,exp_st,st_predicate_match:algorithm+graph_or_domain
result,2cc2c42c-59db-4acd-8ea8-1245161a9796,2cc2c42c-59db-4acd-8ea8-1245161a9796,grin,de454b48-03de-467d-ab13-fbfab80cf3fb,london_aq,test,COMPLETED,spatiotemporal,spatiotemporal,grid_4n_v1,sha256:ff68c2f545d16f90d1e3b4a9b00305d1b291b92f29d9cd1557f2a1e30e9bd432,5766d735-aad1-41d4-ac64-38e6d0a21e0d,69038d85-61c2-43ab-a5e5-0ec680aa00e2,,exp_st,exp_st,st_predicate_match:algorithm+graph_or_domain
result,a58ff2fb-67a0-4237-8282-f2f81596688f,a58ff2fb-67a0-4237-8282-f2f81596688f,ignnk,4b035601-2117-426e-8414-8d84cab4b381,london_aq,test,COMPLETED,spatiotemporal,spatiotemporal,grid_4n_v1,sha256:ff68c2f545d16f90d1e3b4a9b00305d1b291b92f29d9cd1557f2a1e30e9bd432,e22f8942-eaa4-4ce2-9158-1a887e2c8176,69038d85-61c2-43ab-a5e5-0ec680aa00e2,,exp_st,exp_st,st_predicate_match:algorithm+graph_or_domain
result,23c210e6-9e6e-435f-87ba-eaf2b43fae36,23c210e6-9e6e-435f-87ba-eaf2b43fae36,dcrnn,1ea02065-0075-43dd-811b-2a02de0fb99c,london_aq,test,COMPLETED,spatiotemporal,spatiotemporal,grid_4n_v1,sha256:ff68c2f545d16f90d1e3b4a9b00305d1b291b92f29d9cd1557f2a1e30e9bd432,80362507-43f6-4b1e-b3d7-c3cd99d7fe71,69038d85-61c2-43ab-a5e5-0ec680aa00e2,,exp_st,exp_st,st_predicate_match:algorithm+graph_or_domain
result,b9ddfb22-ebf5-4f87-b6d2-8bf871476469,b9ddfb22-ebf5-4f87-b6d2-8bf871476469,stgcn,de78cace-1137-4fe3-b3bd-81dfbed63031,fa9c7108-176e-4c68-840d-6acf3a3e59e4,test,COMPLETED,spatiotemporal,spatiotemporal,correlation_train_v1,sha256:1691d10769e12e8c48659d0a20c0fa0d8776aa38ccac0352c22d9b8373a26443,db7f45da-e307-4aff-8b72-e67d4790b04f,62f28d80-a2cd-4b2e-93ad-722540b0800c,,exp_st,exp_st,st_predicate_match:algorithm+graph_or_domain
result,8f17eae8-23ec-48bb-af92-eb61bed87168,8f17eae8-23ec-48bb-af92-eb61bed87168,dcrnn,62591452-9f48-4858-9b50-0b18a8112f82,fa9c7108-176e-4c68-840d-6acf3a3e59e4,test,COMPLETED,spatiotemporal,spatiotemporal,correlation_train_v1,sha256:1691d10769e12e8c48659d0a20c0fa0d8776aa38ccac0352c22d9b8373a26443,db7f45da-e307-4aff-8b72-e67d4790b04f,62f28d80-a2cd-4b2e-93ad-722540b0800c,,exp_st,exp_st,st_predicate_match:algorithm+graph_or_domain
result,b015ecb5-868e-4e6d-abbc-11517b97e07a,b015ecb5-868e-4e6d-abbc-11517b97e07a,grin,224ca9b0-d930-4ba1-bf13-dff240699e68,fa9c7108-176e-4c68-840d-6acf3a3e59e4,test,COMPLETED,spatiotemporal,spatiotemporal,correlation_train_v1,sha256:1691d10769e12e8c48659d0a20c0fa0d8776aa38ccac0352c22d9b8373a26443,db7f45da-e307-4aff-8b72-e67d4790b04f,62f28d80-a2cd-4b2e-93ad-722540b0800c,,exp_st,exp_st,st_predicate_match:algorithm+graph_or_domain
result,ace4993e-406b-4b95-89af-785c8927c013,ace4993e-406b-4b95-89af-785c8927c013,ignnk,ecaceee9-e7c3-4cf3-bdab-8f43e24a2d04,fa9c7108-176e-4c68-840d-6acf3a3e59e4,test,COMPLETED,spatiotemporal,spatiotemporal,correlation_train_v1,sha256:1691d10769e12e8c48659d0a20c0fa0d8776aa38ccac0352c22d9b8373a26443,db7f45da-e307-4aff-8b72-e67d4790b04f,62f28d80-a2cd-4b2e-93ad-722540b0800c,,exp_st,exp_st,st_predicate_match:algorithm+graph_or_domain
result,bc84f2c5-ab44-4bb9-ba40-94a14e4bef74,bc84f2c5-ab44-4bb9-ba40-94a14e4bef74,stgcn,de78cace-1137-4fe3-b3bd-81dfbed63031,fa9c7108-176e-4c68-840d-6acf3a3e59e4,test,COMPLETED,spatiotemporal,spatiotemporal,correlation_train_v1,sha256:1691d10769e12e8c48659d0a20c0fa0d8776aa38ccac0352c22d9b8373a26443,db7f45da-e307-4aff-8b72-e67d4790b04f,62f28d80-a2cd-4b2e-93ad-722540b0800c,,exp_st,exp_st,st_predicate_match:algorithm+graph_or_domain
result,d1aa4c82-89d0-4a92-94c0-a0253e3a3686,d1aa4c82-89d0-4a92-94c0-a0253e3a3686,stgcn,de78cace-1137-4fe3-b3bd-81dfbed63031,fa9c7108-176e-4c68-840d-6acf3a3e59e4,test,COMPLETED,spatiotemporal,spatiotemporal,correlation_train_v1,sha256:1691d10769e12e8c48659d0a20c0fa0d8776aa38ccac0352c22d9b8373a26443,db7f45da-e307-4aff-8b72-e67d4790b04f,62f28d80-a2cd-4b2e-93ad-722540b0800c,,exp_st,exp_st,st_predicate_match:algorithm+graph_or_domain
result,76a6e271-472c-465a-a391-3c883181160b,76a6e271-472c-465a-a391-3c883181160b,grin,224ca9b0-d930-4ba1-bf13-dff240699e68,fa9c7108-176e-4c68-840d-6acf3a3e59e4,test,COMPLETED,spatiotemporal,spatiotemporal,correlation_train_v1,sha256:1691d10769e12e8c48659d0a20c0fa0d8776aa38ccac0352c22d9b8373a26443,db7f45da-e307-4aff-8b72-e67d4790b04f,62f28d80-a2cd-4b2e-93ad-722540b0800c,,exp_st,exp_st,st_predicate_match:algorithm+graph_or_domain
result,d1295247-9d73-4cb8-b366-55eb2e4fab6a,d1295247-9d73-4cb8-b366-55eb2e4fab6a,ignnk,ecaceee9-e7c3-4cf3-bdab-8f43e24a2d04,fa9c7108-176e-4c68-840d-6acf3a3e59e4,test,COMPLETED,spatiotemporal,spatiotemporal,correlation_train_v1,sha256:1691d10769e12e8c48659d0a20c0fa0d8776aa38ccac0352c22d9b8373a26443,db7f45da-e307-4aff-8b72-e67d4790b04f,62f28d80-a2cd-4b2e-93ad-722540b0800c,,exp_st,exp_st,st_predicate_match:algorithm+graph_or_domain
result,81ad0d7a-bd11-4d89-b623-11870b528f8f,81ad0d7a-bd11-4d89-b623-11870b528f8f,dcrnn,62591452-9f48-4858-9b50-0b18a8112f82,fa9c7108-176e-4c68-840d-6acf3a3e59e4,test,COMPLETED,spatiotemporal,spatiotemporal,correlation_train_v1,sha256:1691d10769e12e8c48659d0a20c0fa0d8776aa38ccac0352c22d9b8373a26443,db7f45da-e307-4aff-8b72-e67d4790b04f,62f28d80-a2cd-4b2e-93ad-722540b0800c,,exp_st,exp_st,st_predicate_match:algorithm+graph_or_domain
result,53396f25-3d48-460c-9c35-a610f317d5d9,53396f25-3d48-460c-9c35-a610f317d5d9,stgcn,099f9978-5acb-49f4-bd39-1f54f8c9f174,fa9c7108-176e-4c68-840d-6acf3a3e59e4,test,COMPLETED,spatiotemporal,spatiotemporal,correlation_train_v1,sha256:1691d10769e12e8c48659d0a20c0fa0d8776aa38ccac0352c22d9b8373a26443,074816f9-e07c-40b7-adb2-d42f6c231bd5,41c4af2e-8508-4f01-b31c-d321bfcb9dd3,,exp_st,exp_st,st_predicate_match:algorithm+graph_or_domain
result,39f51aa7-b9d2-45a2-a494-bc655578acc9,39f51aa7-b9d2-45a2-a494-bc655578acc9,stgcn,099f9978-5acb-49f4-bd39-1f54f8c9f174,fa9c7108-176e-4c68-840d-6acf3a3e59e4,test,COMPLETED,spatiotemporal,spatiotemporal,correlation_train_v1,sha256:1691d10769e12e8c48659d0a20c0fa0d8776aa38ccac0352c22d9b8373a26443,074816f9-e07c-40b7-adb2-d42f6c231bd5,41c4af2e-8508-4f01-b31c-d321bfcb9dd3,,exp_st,exp_st,st_predicate_match:algorithm+graph_or_domain
result,d62a5330-f5c6-492e-958a-1c432e7c2cec,d62a5330-f5c6-492e-958a-1c432e7c2cec,stgcn,099f9978-5acb-49f4-bd39-1f54f8c9f174,fa9c7108-176e-4c68-840d-6acf3a3e59e4,test,COMPLETED,spatiotemporal,spatiotemporal,correlation_train_v1,sha256:1691d10769e12e8c48659d0a20c0fa0d8776aa38ccac0352c22d9b8373a26443,074816f9-e07c-40b7-adb2-d42f6c231bd5,41c4af2e-8508-4f01-b31c-d321bfcb9dd3,,exp_st,exp_st,st_predicate_match:algorithm+graph_or_domain
result,a4b0e54e-ff01-4b32-a493-f13436f5494b,a4b0e54e-ff01-4b32-a493-f13436f5494b,stgcn,099f9978-5acb-49f4-bd39-1f54f8c9f174,fa9c7108-176e-4c68-840d-6acf3a3e59e4,test,COMPLETED,spatiotemporal,spatiotemporal,correlation_train_v1,sha256:1691d10769e12e8c48659d0a20c0fa0d8776aa38ccac0352c22d9b8373a26443,074816f9-e07c-40b7-adb2-d42f6c231bd5,41c4af2e-8508-4f01-b31c-d321bfcb9dd3,,exp_st,exp_st,st_predicate_match:algorithm+graph_or_domain
result,c9422772-858b-4074-882c-1eb9c19fa4c7,c9422772-858b-4074-882c-1eb9c19fa4c7,stgcn,099f9978-5acb-49f4-bd39-1f54f8c9f174,fa9c7108-176e-4c68-840d-6acf3a3e59e4,test,COMPLETED,spatiotemporal,spatiotemporal,correlation_train_v1,sha256:1691d10769e12e8c48659d0a20c0fa0d8776aa38ccac0352c22d9b8373a26443,074816f9-e07c-40b7-adb2-d42f6c231bd5,41c4af2e-8508-4f01-b31c-d321bfcb9dd3,,exp_st,exp_st,st_predicate_match:algorithm+graph_or_domain
result,3ca119ef-7284-47f7-a581-1f7486ae34ee,3ca119ef-7284-47f7-a581-1f7486ae34ee,stgcn,57e801ba-a878-4c04-aa5f-3f732e1e6988,fa9c7108-176e-4c68-840d-6acf3a3e59e4,test,COMPLETED,spatiotemporal,spatiotemporal,correlation_train_v1,sha256:1691d10769e12e8c48659d0a20c0fa0d8776aa38ccac0352c22d9b8373a26443,f0244c11-a627-43fe-8f40-98befbc650de,94979a3d-6585-401c-942e-f010dc566a01,,exp_st,exp_st,st_predicate_match:algorithm+graph_or_domain
result,49063585-a0f2-4bb5-9c2f-1a60002f9573,49063585-a0f2-4bb5-9c2f-1a60002f9573,stgcn,57e801ba-a878-4c04-aa5f-3f732e1e6988,fa9c7108-176e-4c68-840d-6acf3a3e59e4,test,COMPLETED,spatiotemporal,spatiotemporal,correlation_train_v1,sha256:1691d10769e12e8c48659d0a20c0fa0d8776aa38ccac0352c22d9b8373a26443,f0244c11-a627-43fe-8f40-98befbc650de,94979a3d-6585-401c-942e-f010dc566a01,,exp_st,exp_st,st_predicate_match:algorithm+graph_or_domain
result,ed594fef-9915-4b3f-97d8-6ad64e167910,ed594fef-9915-4b3f-97d8-6ad64e167910,stgcn,57e801ba-a878-4c04-aa5f-3f732e1e6988,fa9c7108-176e-4c68-840d-6acf3a3e59e4,test,COMPLETED,spatiotemporal,spatiotemporal,correlation_train_v1,sha256:1691d10769e12e8c48659d0a20c0fa0d8776aa38ccac0352c22d9b8373a26443,f0244c11-a627-43fe-8f40-98befbc650de,94979a3d-6585-401c-942e-f010dc566a01,,exp_st,exp_st,st_predicate_match:algorithm+graph_or_domain
result,dcd2970f-f670-418e-a936-9ba3d453f08d,dcd2970f-f670-418e-a936-9ba3d453f08d,stgcn,57e801ba-a878-4c04-aa5f-3f732e1e6988,fa9c7108-176e-4c68-840d-6acf3a3e59e4,test,COMPLETED,spatiotemporal,spatiotemporal,correlation_train_v1,sha256:1691d10769e12e8c48659d0a20c0fa0d8776aa38ccac0352c22d9b8373a26443,f0244c11-a627-43fe-8f40-98befbc650de,94979a3d-6585-401c-942e-f010dc566a01,,exp_st,exp_st,st_predicate_match:algorithm+graph_or_domain
result,3c1cb661-de00-462b-aff4-f5d8b55de369,3c1cb661-de00-462b-aff4-f5d8b55de369,stgcn,57e801ba-a878-4c04-aa5f-3f732e1e6988,fa9c7108-176e-4c68-840d-6acf3a3e59e4,test,COMPLETED,spatiotemporal,spatiotemporal,correlation_train_v1,sha256:1691d10769e12e8c48659d0a20c0fa0d8776aa38ccac0352c22d9b8373a26443,f0244c11-a627-43fe-8f40-98befbc650de,94979a3d-6585-401c-942e-f010dc566a01,,exp_st,exp_st,st_predicate_match:algorithm+graph_or_domain
result,c193986f-5443-4499-af71-b8bcb2bf5c0c,c193986f-5443-4499-af71-b8bcb2bf5c0c,stgcn,e72fea51-02d1-489d-becc-76ce0614ca5f,fa9c7108-176e-4c68-840d-6acf3a3e59e4,test,COMPLETED,spatiotemporal,spatiotemporal,correlation_train_v1,sha256:1691d10769e12e8c48659d0a20c0fa0d8776aa38ccac0352c22d9b8373a26443,6536ec92-7ef6-4862-8fde-5261a838d033,9ba847bf-9fc8-41a5-a0bd-ce481782d9a8,,exp_st,exp_st,st_predicate_match:algorithm+graph_or_domain
result,c41564fa-b88a-4bd6-81d8-24900cf9e353,c41564fa-b88a-4bd6-81d8-24900cf9e353,stgcn,e72fea51-02d1-489d-becc-76ce0614ca5f,fa9c7108-176e-4c68-840d-6acf3a3e59e4,test,COMPLETED,spatiotemporal,spatiotemporal,correlation_train_v1,sha256:1691d10769e12e8c48659d0a20c0fa0d8776aa38ccac0352c22d9b8373a26443,6536ec92-7ef6-4862-8fde-5261a838d033,9ba847bf-9fc8-41a5-a0bd-ce481782d9a8,,exp_st,exp_st,st_predicate_match:algorithm+graph_or_domain
result,c10f88fb-f89d-4348-b5cb-d4557c52ba53,c10f88fb-f89d-4348-b5cb-d4557c52ba53,stgcn,e72fea51-02d1-489d-becc-76ce0614ca5f,fa9c7108-176e-4c68-840d-6acf3a3e59e4,test,COMPLETED,spatiotemporal,spatiotemporal,correlation_train_v1,sha256:1691d10769e12e8c48659d0a20c0fa0d8776aa38ccac0352c22d9b8373a26443,6536ec92-7ef6-4862-8fde-5261a838d033,9ba847bf-9fc8-41a5-a0bd-ce481782d9a8,,exp_st,exp_st,st_predicate_match:algorithm+graph_or_domain
result,e4b6d98f-e75a-45d0-8fa8-1dc3ed600d9a,e4b6d98f-e75a-45d0-8fa8-1dc3ed600d9a,stgcn,e72fea51-02d1-489d-becc-76ce0614ca5f,fa9c7108-176e-4c68-840d-6acf3a3e59e4,test,COMPLETED,spatiotemporal,spatiotemporal,correlation_train_v1,sha256:1691d10769e12e8c48659d0a20c0fa0d8776aa38ccac0352c22d9b8373a26443,6536ec92-7ef6-4862-8fde-5261a838d033,9ba847bf-9fc8-41a5-a0bd-ce481782d9a8,,exp_st,exp_st,st_predicate_match:algorithm+graph_or_domain
result,66204dd3-1c9e-4bc6-8c50-51a833c7447b,66204dd3-1c9e-4bc6-8c50-51a833c7447b,stgcn,e72fea51-02d1-489d-becc-76ce0614ca5f,fa9c7108-176e-4c68-840d-6acf3a3e59e4,test,COMPLETED,spatiotemporal,spatiotemporal,correlation_train_v1,sha256:1691d10769e12e8c48659d0a20c0fa0d8776aa38ccac0352c22d9b8373a26443,6536ec92-7ef6-4862-8fde-5261a838d033,9ba847bf-9fc8-41a5-a0bd-ce481782d9a8,,exp_st,exp_st,st_predicate_match:algorithm+graph_or_domain
result,9a25fd47-1202-4bbb-879f-e701c71f3fa6,9a25fd47-1202-4bbb-879f-e701c71f3fa6,stgcn,599b6125-b4e5-482d-b6aa-16747a230c1e,fa9c7108-176e-4c68-840d-6acf3a3e59e4,test,COMPLETED,spatiotemporal,spatiotemporal,correlation_train_v1,sha256:1691d10769e12e8c48659d0a20c0fa0d8776aa38ccac0352c22d9b8373a26443,360def2a-39a8-4db5-a040-d800bb8437db,9d1f5fd8-736f-4a31-8163-dac91c17217a,,exp_st,exp_st,st_predicate_match:algorithm+graph_or_domain
result,4d1022e7-395f-4b33-90fd-35112b9aadbf,4d1022e7-395f-4b33-90fd-35112b9aadbf,stgcn,599b6125-b4e5-482d-b6aa-16747a230c1e,fa9c7108-176e-4c68-840d-6acf3a3e59e4,test,COMPLETED,spatiotemporal,spatiotemporal,correlation_train_v1,sha256:1691d10769e12e8c48659d0a20c0fa0d8776aa38ccac0352c22d9b8373a26443,360def2a-39a8-4db5-a040-d800bb8437db,9d1f5fd8-736f-4a31-8163-dac91c17217a,,exp_st,exp_st,st_predicate_match:algorithm+graph_or_domain
result,c618e71a-082c-4ad3-8d57-502e8e72088a,c618e71a-082c-4ad3-8d57-502e8e72088a,stgcn,599b6125-b4e5-482d-b6aa-16747a230c1e,fa9c7108-176e-4c68-840d-6acf3a3e59e4,test,COMPLETED,spatiotemporal,spatiotemporal,correlation_train_v1,sha256:1691d10769e12e8c48659d0a20c0fa0d8776aa38ccac0352c22d9b8373a26443,360def2a-39a8-4db5-a040-d800bb8437db,9d1f5fd8-736f-4a31-8163-dac91c17217a,,exp_st,exp_st,st_predicate_match:algorithm+graph_or_domain
result,17a15d27-9193-4024-855e-7e742b791ba7,17a15d27-9193-4024-855e-7e742b791ba7,stgcn,599b6125-b4e5-482d-b6aa-16747a230c1e,fa9c7108-176e-4c68-840d-6acf3a3e59e4,test,COMPLETED,spatiotemporal,spatiotemporal,correlation_train_v1,sha256:1691d10769e12e8c48659d0a20c0fa0d8776aa38ccac0352c22d9b8373a26443,360def2a-39a8-4db5-a040-d800bb8437db,9d1f5fd8-736f-4a31-8163-dac91c17217a,,exp_st,exp_st,st_predicate_match:algorithm+graph_or_domain
result,53981ad8-d7a1-4221-aa92-cd745222a875,53981ad8-d7a1-4221-aa92-cd745222a875,stgcn,599b6125-b4e5-482d-b6aa-16747a230c1e,fa9c7108-176e-4c68-840d-6acf3a3e59e4,test,COMPLETED,spatiotemporal,spatiotemporal,correlation_train_v1,sha256:1691d10769e12e8c48659d0a20c0fa0d8776aa38ccac0352c22d9b8373a26443,360def2a-39a8-4db5-a040-d800bb8437db,9d1f5fd8-736f-4a31-8163-dac91c17217a,,exp_st,exp_st,st_predicate_match:algorithm+graph_or_domain
result,3058110a-29ea-45dd-98ba-26372df54d7c,3058110a-29ea-45dd-98ba-26372df54d7c,stgcn,0222409a-48b2-44f1-87d0-1c5bdf3082a6,fa9c7108-176e-4c68-840d-6acf3a3e59e4,test,COMPLETED,spatiotemporal,spatiotemporal,correlation_train_v1,sha256:1691d10769e12e8c48659d0a20c0fa0d8776aa38ccac0352c22d9b8373a26443,faf20517-50bb-4323-9574-72f1a66d8089,e96f0b6c-609a-490e-afd9-d5950670b9fd,,exp_st,exp_st,st_predicate_match:algorithm+graph_or_domain
result,bdc74438-05d0-4b67-a21c-947d06ed56b5,bdc74438-05d0-4b67-a21c-947d06ed56b5,stgcn,0222409a-48b2-44f1-87d0-1c5bdf3082a6,fa9c7108-176e-4c68-840d-6acf3a3e59e4,test,COMPLETED,spatiotemporal,spatiotemporal,correlation_train_v1,sha256:1691d10769e12e8c48659d0a20c0fa0d8776aa38ccac0352c22d9b8373a26443,faf20517-50bb-4323-9574-72f1a66d8089,e96f0b6c-609a-490e-afd9-d5950670b9fd,,exp_st,exp_st,st_predicate_match:algorithm+graph_or_domain
result,4afc4ed6-bf0e-4c65-a6b8-837b0356f4f4,4afc4ed6-bf0e-4c65-a6b8-837b0356f4f4,stgcn,0222409a-48b2-44f1-87d0-1c5bdf3082a6,fa9c7108-176e-4c68-840d-6acf3a3e59e4,test,COMPLETED,spatiotemporal,spatiotemporal,correlation_train_v1,sha256:1691d10769e12e8c48659d0a20c0fa0d8776aa38ccac0352c22d9b8373a26443,faf20517-50bb-4323-9574-72f1a66d8089,e96f0b6c-609a-490e-afd9-d5950670b9fd,,exp_st,exp_st,st_predicate_match:algorithm+graph_or_domain
result,6d7a5a21-1523-497a-9e38-241662c38996,6d7a5a21-1523-497a-9e38-241662c38996,stgcn,0222409a-48b2-44f1-87d0-1c5bdf3082a6,fa9c7108-176e-4c68-840d-6acf3a3e59e4,test,COMPLETED,spatiotemporal,spatiotemporal,correlation_train_v1,sha256:1691d10769e12e8c48659d0a20c0fa0d8776aa38ccac0352c22d9b8373a26443,faf20517-50bb-4323-9574-72f1a66d8089,e96f0b6c-609a-490e-afd9-d5950670b9fd,,exp_st,exp_st,st_predicate_match:algorithm+graph_or_domain
result,b1da1ccf-bdeb-448b-be70-b2f1e67e40cf,b1da1ccf-bdeb-448b-be70-b2f1e67e40cf,stgcn,0222409a-48b2-44f1-87d0-1c5bdf3082a6,fa9c7108-176e-4c68-840d-6acf3a3e59e4,test,COMPLETED,spatiotemporal,spatiotemporal,correlation_train_v1,sha256:1691d10769e12e8c48659d0a20c0fa0d8776aa38ccac0352c22d9b8373a26443,faf20517-50bb-4323-9574-72f1a66d8089,e96f0b6c-609a-490e-afd9-d5950670b9fd,,exp_st,exp_st,st_predicate_match:algorithm+graph_or_domain
result,d4aac70a-732c-4619-9461-67651676599d,d4aac70a-732c-4619-9461-67651676599d,stgcn,e373527c-38ce-48a6-915c-98b74dc5d9f5,fa9c7108-176e-4c68-840d-6acf3a3e59e4,test,COMPLETED,spatiotemporal,spatiotemporal,correlation_train_v1,sha256:1691d10769e12e8c48659d0a20c0fa0d8776aa38ccac0352c22d9b8373a26443,c7a82dea-efcb-4d7a-961a-7f3272f6d347,db5bab9e-8b8a-4153-a363-c847a8982500,,exp_st,exp_st,st_predicate_match:algorithm+graph_or_domain
result,6a17000f-8452-4b4e-9b9a-b56286615d6c,6a17000f-8452-4b4e-9b9a-b56286615d6c,stgcn,e373527c-38ce-48a6-915c-98b74dc5d9f5,fa9c7108-176e-4c68-840d-6acf3a3e59e4,test,COMPLETED,spatiotemporal,spatiotemporal,correlation_train_v1,sha256:1691d10769e12e8c48659d0a20c0fa0d8776aa38ccac0352c22d9b8373a26443,c7a82dea-efcb-4d7a-961a-7f3272f6d347,db5bab9e-8b8a-4153-a363-c847a8982500,,exp_st,exp_st,st_predicate_match:algorithm+graph_or_domain
result,8a9a37a6-b838-406d-bdc3-4763d71b3052,8a9a37a6-b838-406d-bdc3-4763d71b3052,stgcn,e373527c-38ce-48a6-915c-98b74dc5d9f5,fa9c7108-176e-4c68-840d-6acf3a3e59e4,test,COMPLETED,spatiotemporal,spatiotemporal,correlation_train_v1,sha256:1691d10769e12e8c48659d0a20c0fa0d8776aa38ccac0352c22d9b8373a26443,c7a82dea-efcb-4d7a-961a-7f3272f6d347,db5bab9e-8b8a-4153-a363-c847a8982500,,exp_st,exp_st,st_predicate_match:algorithm+graph_or_domain
result,be19a5c2-0efa-439f-bdd7-673c7278c715,be19a5c2-0efa-439f-bdd7-673c7278c715,stgcn,e373527c-38ce-48a6-915c-98b74dc5d9f5,fa9c7108-176e-4c68-840d-6acf3a3e59e4,test,COMPLETED,spatiotemporal,spatiotemporal,correlation_train_v1,sha256:1691d10769e12e8c48659d0a20c0fa0d8776aa38ccac0352c22d9b8373a26443,c7a82dea-efcb-4d7a-961a-7f3272f6d347,db5bab9e-8b8a-4153-a363-c847a8982500,,exp_st,exp_st,st_predicate_match:algorithm+graph_or_domain
result,1d5aa39d-36a2-47f8-80cf-206f2da872e4,1d5aa39d-36a2-47f8-80cf-206f2da872e4,stgcn,e373527c-38ce-48a6-915c-98b74dc5d9f5,fa9c7108-176e-4c68-840d-6acf3a3e59e4,test,COMPLETED,spatiotemporal,spatiotemporal,correlation_train_v1,sha256:1691d10769e12e8c48659d0a20c0fa0d8776aa38ccac0352c22d9b8373a26443,c7a82dea-efcb-4d7a-961a-7f3272f6d347,db5bab9e-8b8a-4153-a363-c847a8982500,,exp_st,exp_st,st_predicate_match:algorithm+graph_or_domain
result,c74d6ca2-c5fa-4fd8-b111-9fcc6108eec4,c74d6ca2-c5fa-4fd8-b111-9fcc6108eec4,grin,f6a43756-f9e2-4cd4-b6cf-d385681aa5c6,fa9c7108-176e-4c68-840d-6acf3a3e59e4,test,COMPLETED,spatiotemporal,spatiotemporal,correlation_train_v1,sha256:1691d10769e12e8c48659d0a20c0fa0d8776aa38ccac0352c22d9b8373a26443,074816f9-e07c-40b7-adb2-d42f6c231bd5,41c4af2e-8508-4f01-b31c-d321bfcb9dd3,,exp_st,exp_st,st_predicate_match:algorithm+graph_or_domain
result,4595dc13-d7d6-4097-99a1-2d0224494853,4595dc13-d7d6-4097-99a1-2d0224494853,grin,f6a43756-f9e2-4cd4-b6cf-d385681aa5c6,fa9c7108-176e-4c68-840d-6acf3a3e59e4,test,COMPLETED,spatiotemporal,spatiotemporal,correlation_train_v1,sha256:1691d10769e12e8c48659d0a20c0fa0d8776aa38ccac0352c22d9b8373a26443,074816f9-e07c-40b7-adb2-d42f6c231bd5,41c4af2e-8508-4f01-b31c-d321bfcb9dd3,,exp_st,exp_st,st_predicate_match:algorithm+graph_or_domain
result,dae0548c-92c3-4d11-ba26-2d67b41b13cc,dae0548c-92c3-4d11-ba26-2d67b41b13cc,grin,f6a43756-f9e2-4cd4-b6cf-d385681aa5c6,fa9c7108-176e-4c68-840d-6acf3a3e59e4,test,COMPLETED,spatiotemporal,spatiotemporal,correlation_train_v1,sha256:1691d10769e12e8c48659d0a20c0fa0d8776aa38ccac0352c22d9b8373a26443,074816f9-e07c-40b7-adb2-d42f6c231bd5,41c4af2e-8508-4f01-b31c-d321bfcb9dd3,,exp_st,exp_st,st_predicate_match:algorithm+graph_or_domain
result,748f19e9-3d48-41a4-88ef-f20e7563ff9f,748f19e9-3d48-41a4-88ef-f20e7563ff9f,grin,f6a43756-f9e2-4cd4-b6cf-d385681aa5c6,fa9c7108-176e-4c68-840d-6acf3a3e59e4,test,COMPLETED,spatiotemporal,spatiotemporal,correlation_train_v1,sha256:1691d10769e12e8c48659d0a20c0fa0d8776aa38ccac0352c22d9b8373a26443,074816f9-e07c-40b7-adb2-d42f6c231bd5,41c4af2e-8508-4f01-b31c-d321bfcb9dd3,,exp_st,exp_st,st_predicate_match:algorithm+graph_or_domain
result,6641099c-010f-4876-b7f7-951c694da67e,6641099c-010f-4876-b7f7-951c694da67e,grin,f6a43756-f9e2-4cd4-b6cf-d385681aa5c6,fa9c7108-176e-4c68-840d-6acf3a3e59e4,test,COMPLETED,spatiotemporal,spatiotemporal,correlation_train_v1,sha256:1691d10769e12e8c48659d0a20c0fa0d8776aa38ccac0352c22d9b8373a26443,074816f9-e07c-40b7-adb2-d42f6c231bd5,41c4af2e-8508-4f01-b31c-d321bfcb9dd3,,exp_st,exp_st,st_predicate_match:algorithm+graph_or_domain
result,4bbbc3d7-2be3-455a-a9a8-2d6cb4d15469,4bbbc3d7-2be3-455a-a9a8-2d6cb4d15469,grin,6c33dee9-761f-4ffe-910a-b10c80d156ab,fa9c7108-176e-4c68-840d-6acf3a3e59e4,test,COMPLETED,spatiotemporal,spatiotemporal,correlation_train_v1,sha256:1691d10769e12e8c48659d0a20c0fa0d8776aa38ccac0352c22d9b8373a26443,f0244c11-a627-43fe-8f40-98befbc650de,94979a3d-6585-401c-942e-f010dc566a01,,exp_st,exp_st,st_predicate_match:algorithm+graph_or_domain
result,ed566ee6-5617-4c59-8847-18e1f10d4e61,ed566ee6-5617-4c59-8847-18e1f10d4e61,grin,6c33dee9-761f-4ffe-910a-b10c80d156ab,fa9c7108-176e-4c68-840d-6acf3a3e59e4,test,COMPLETED,spatiotemporal,spatiotemporal,correlation_train_v1,sha256:1691d10769e12e8c48659d0a20c0fa0d8776aa38ccac0352c22d9b8373a26443,f0244c11-a627-43fe-8f40-98befbc650de,94979a3d-6585-401c-942e-f010dc566a01,,exp_st,exp_st,st_predicate_match:algorithm+graph_or_domain
result,8f92b70e-b9fb-4013-b84c-e1b6edd45636,8f92b70e-b9fb-4013-b84c-e1b6edd45636,grin,6c33dee9-761f-4ffe-910a-b10c80d156ab,fa9c7108-176e-4c68-840d-6acf3a3e59e4,test,COMPLETED,spatiotemporal,spatiotemporal,correlation_train_v1,sha256:1691d10769e12e8c48659d0a20c0fa0d8776aa38ccac0352c22d9b8373a26443,f0244c11-a627-43fe-8f40-98befbc650de,94979a3d-6585-401c-942e-f010dc566a01,,exp_st,exp_st,st_predicate_match:algorithm+graph_or_domain
result,01c8f1fc-ff52-4180-b76f-29f6ccdc1a4e,01c8f1fc-ff52-4180-b76f-29f6ccdc1a4e,grin,6c33dee9-761f-4ffe-910a-b10c80d156ab,fa9c7108-176e-4c68-840d-6acf3a3e59e4,test,COMPLETED,spatiotemporal,spatiotemporal,correlation_train_v1,sha256:1691d10769e12e8c48659d0a20c0fa0d8776aa38ccac0352c22d9b8373a26443,f0244c11-a627-43fe-8f40-98befbc650de,94979a3d-6585-401c-942e-f010dc566a01,,exp_st,exp_st,st_predicate_match:algorithm+graph_or_domain
result,73e7db63-b061-43e6-a7d4-3055ca92c623,73e7db63-b061-43e6-a7d4-3055ca92c623,grin,6c33dee9-761f-4ffe-910a-b10c80d156ab,fa9c7108-176e-4c68-840d-6acf3a3e59e4,test,COMPLETED,spatiotemporal,spatiotemporal,correlation_train_v1,sha256:1691d10769e12e8c48659d0a20c0fa0d8776aa38ccac0352c22d9b8373a26443,f0244c11-a627-43fe-8f40-98befbc650de,94979a3d-6585-401c-942e-f010dc566a01,,exp_st,exp_st,st_predicate_match:algorithm+graph_or_domain
result,2bdd7489-6765-4d7a-a391-0ac8a6e8024a,2bdd7489-6765-4d7a-a391-0ac8a6e8024a,grin,b67af1ce-0b94-4d69-82cc-f8e0020bc53e,fa9c7108-176e-4c68-840d-6acf3a3e59e4,test,COMPLETED,spatiotemporal,spatiotemporal,correlation_train_v1,sha256:1691d10769e12e8c48659d0a20c0fa0d8776aa38ccac0352c22d9b8373a26443,6536ec92-7ef6-4862-8fde-5261a838d033,9ba847bf-9fc8-41a5-a0bd-ce481782d9a8,,exp_st,exp_st,st_predicate_match:algorithm+graph_or_domain
result,ec4590d1-ee47-47aa-b95c-aeff38753118,ec4590d1-ee47-47aa-b95c-aeff38753118,grin,b67af1ce-0b94-4d69-82cc-f8e0020bc53e,fa9c7108-176e-4c68-840d-6acf3a3e59e4,test,COMPLETED,spatiotemporal,spatiotemporal,correlation_train_v1,sha256:1691d10769e12e8c48659d0a20c0fa0d8776aa38ccac0352c22d9b8373a26443,6536ec92-7ef6-4862-8fde-5261a838d033,9ba847bf-9fc8-41a5-a0bd-ce481782d9a8,,exp_st,exp_st,st_predicate_match:algorithm+graph_or_domain
result,fa1adca1-4605-4a0f-9b22-75d41555d34c,fa1adca1-4605-4a0f-9b22-75d41555d34c,grin,b67af1ce-0b94-4d69-82cc-f8e0020bc53e,fa9c7108-176e-4c68-840d-6acf3a3e59e4,test,COMPLETED,spatiotemporal,spatiotemporal,correlation_train_v1,sha256:1691d10769e12e8c48659d0a20c0fa0d8776aa38ccac0352c22d9b8373a26443,6536ec92-7ef6-4862-8fde-5261a838d033,9ba847bf-9fc8-41a5-a0bd-ce481782d9a8,,exp_st,exp_st,st_predicate_match:algorithm+graph_or_domain
result,e3ec5af8-6957-4a49-bdca-9692d32512c3,e3ec5af8-6957-4a49-bdca-9692d32512c3,grin,b67af1ce-0b94-4d69-82cc-f8e0020bc53e,fa9c7108-176e-4c68-840d-6acf3a3e59e4,test,COMPLETED,spatiotemporal,spatiotemporal,correlation_train_v1,sha256:1691d10769e12e8c48659d0a20c0fa0d8776aa38ccac0352c22d9b8373a26443,6536ec92-7ef6-4862-8fde-5261a838d033,9ba847bf-9fc8-41a5-a0bd-ce481782d9a8,,exp_st,exp_st,st_predicate_match:algorithm+graph_or_domain
result,6681bea7-43dc-4959-881d-766e69028713,6681bea7-43dc-4959-881d-766e69028713,grin,b67af1ce-0b94-4d69-82cc-f8e0020bc53e,fa9c7108-176e-4c68-840d-6acf3a3e59e4,test,COMPLETED,spatiotemporal,spatiotemporal,correlation_train_v1,sha256:1691d10769e12e8c48659d0a20c0fa0d8776aa38ccac0352c22d9b8373a26443,6536ec92-7ef6-4862-8fde-5261a838d033,9ba847bf-9fc8-41a5-a0bd-ce481782d9a8,,exp_st,exp_st,st_predicate_match:algorithm+graph_or_domain
result,7845444c-fd40-4b52-b579-b9f8a49d5925,7845444c-fd40-4b52-b579-b9f8a49d5925,grin,5074d2e4-90b5-42bc-abe4-221ede827733,fa9c7108-176e-4c68-840d-6acf3a3e59e4,test,COMPLETED,spatiotemporal,spatiotemporal,correlation_train_v1,sha256:1691d10769e12e8c48659d0a20c0fa0d8776aa38ccac0352c22d9b8373a26443,360def2a-39a8-4db5-a040-d800bb8437db,9d1f5fd8-736f-4a31-8163-dac91c17217a,,exp_st,exp_st,st_predicate_match:algorithm+graph_or_domain
result,1865ce1a-b820-4ddf-8a23-474c3eecc3d7,1865ce1a-b820-4ddf-8a23-474c3eecc3d7,grin,5074d2e4-90b5-42bc-abe4-221ede827733,fa9c7108-176e-4c68-840d-6acf3a3e59e4,test,COMPLETED,spatiotemporal,spatiotemporal,correlation_train_v1,sha256:1691d10769e12e8c48659d0a20c0fa0d8776aa38ccac0352c22d9b8373a26443,360def2a-39a8-4db5-a040-d800bb8437db,9d1f5fd8-736f-4a31-8163-dac91c17217a,,exp_st,exp_st,st_predicate_match:algorithm+graph_or_domain
result,b3674188-bd3b-47e6-979a-306c56a5ffae,b3674188-bd3b-47e6-979a-306c56a5ffae,grin,5074d2e4-90b5-42bc-abe4-221ede827733,fa9c7108-176e-4c68-840d-6acf3a3e59e4,test,COMPLETED,spatiotemporal,spatiotemporal,correlation_train_v1,sha256:1691d10769e12e8c48659d0a20c0fa0d8776aa38ccac0352c22d9b8373a26443,360def2a-39a8-4db5-a040-d800bb8437db,9d1f5fd8-736f-4a31-8163-dac91c17217a,,exp_st,exp_st,st_predicate_match:algorithm+graph_or_domain
result,effc5ba5-10e0-4c64-a60a-870674412df9,effc5ba5-10e0-4c64-a60a-870674412df9,grin,5074d2e4-90b5-42bc-abe4-221ede827733,fa9c7108-176e-4c68-840d-6acf3a3e59e4,test,COMPLETED,spatiotemporal,spatiotemporal,correlation_train_v1,sha256:1691d10769e12e8c48659d0a20c0fa0d8776aa38ccac0352c22d9b8373a26443,360def2a-39a8-4db5-a040-d800bb8437db,9d1f5fd8-736f-4a31-8163-dac91c17217a,,exp_st,exp_st,st_predicate_match:algorithm+graph_or_domain
result,0ce249f7-f879-4e12-bfb7-d32014aa883f,0ce249f7-f879-4e12-bfb7-d32014aa883f,grin,5074d2e4-90b5-42bc-abe4-221ede827733,fa9c7108-176e-4c68-840d-6acf3a3e59e4,test,COMPLETED,spatiotemporal,spatiotemporal,correlation_train_v1,sha256:1691d10769e12e8c48659d0a20c0fa0d8776aa38ccac0352c22d9b8373a26443,360def2a-39a8-4db5-a040-d800bb8437db,9d1f5fd8-736f-4a31-8163-dac91c17217a,,exp_st,exp_st,st_predicate_match:algorithm+graph_or_domain
result,e5a5c0c7-3b47-4e9f-bd6a-5275f11305e4,e5a5c0c7-3b47-4e9f-bd6a-5275f11305e4,grin,d9342496-37ff-41f3-8db1-d009aa9d9bc3,fa9c7108-176e-4c68-840d-6acf3a3e59e4,test,COMPLETED,spatiotemporal,spatiotemporal,correlation_train_v1,sha256:1691d10769e12e8c48659d0a20c0fa0d8776aa38ccac0352c22d9b8373a26443,faf20517-50bb-4323-9574-72f1a66d8089,e96f0b6c-609a-490e-afd9-d5950670b9fd,,exp_st,exp_st,st_predicate_match:algorithm+graph_or_domain
result,4d430f6a-7545-4129-acf9-591cc5a44132,4d430f6a-7545-4129-acf9-591cc5a44132,grin,d9342496-37ff-41f3-8db1-d009aa9d9bc3,fa9c7108-176e-4c68-840d-6acf3a3e59e4,test,COMPLETED,spatiotemporal,spatiotemporal,correlation_train_v1,sha256:1691d10769e12e8c48659d0a20c0fa0d8776aa38ccac0352c22d9b8373a26443,faf20517-50bb-4323-9574-72f1a66d8089,e96f0b6c-609a-490e-afd9-d5950670b9fd,,exp_st,exp_st,st_predicate_match:algorithm+graph_or_domain
result,b49a0762-4cdb-40a0-93e5-3a45a09fd56a,b49a0762-4cdb-40a0-93e5-3a45a09fd56a,grin,d9342496-37ff-41f3-8db1-d009aa9d9bc3,fa9c7108-176e-4c68-840d-6acf3a3e59e4,test,COMPLETED,spatiotemporal,spatiotemporal,correlation_train_v1,sha256:1691d10769e12e8c48659d0a20c0fa0d8776aa38ccac0352c22d9b8373a26443,faf20517-50bb-4323-9574-72f1a66d8089,e96f0b6c-609a-490e-afd9-d5950670b9fd,,exp_st,exp_st,st_predicate_match:algorithm+graph_or_domain
result,8a453066-c993-4f72-b94f-648d641d0f84,8a453066-c993-4f72-b94f-648d641d0f84,grin,d9342496-37ff-41f3-8db1-d009aa9d9bc3,fa9c7108-176e-4c68-840d-6acf3a3e59e4,test,COMPLETED,spatiotemporal,spatiotemporal,correlation_train_v1,sha256:1691d10769e12e8c48659d0a20c0fa0d8776aa38ccac0352c22d9b8373a26443,faf20517-50bb-4323-9574-72f1a66d8089,e96f0b6c-609a-490e-afd9-d5950670b9fd,,exp_st,exp_st,st_predicate_match:algorithm+graph_or_domain
result,7e0ac9a4-6876-48fc-848d-85e21dc56a7a,7e0ac9a4-6876-48fc-848d-85e21dc56a7a,grin,d9342496-37ff-41f3-8db1-d009aa9d9bc3,fa9c7108-176e-4c68-840d-6acf3a3e59e4,test,COMPLETED,spatiotemporal,spatiotemporal,correlation_train_v1,sha256:1691d10769e12e8c48659d0a20c0fa0d8776aa38ccac0352c22d9b8373a26443,faf20517-50bb-4323-9574-72f1a66d8089,e96f0b6c-609a-490e-afd9-d5950670b9fd,,exp_st,exp_st,st_predicate_match:algorithm+graph_or_domain
result,ba0aee27-fa0d-4df8-ba86-684e10f155b6,ba0aee27-fa0d-4df8-ba86-684e10f155b6,grin,c5580478-bc6f-4964-a9dc-541f0f864afc,fa9c7108-176e-4c68-840d-6acf3a3e59e4,test,COMPLETED,spatiotemporal,spatiotemporal,correlation_train_v1,sha256:1691d10769e12e8c48659d0a20c0fa0d8776aa38ccac0352c22d9b8373a26443,c7a82dea-efcb-4d7a-961a-7f3272f6d347,db5bab9e-8b8a-4153-a363-c847a8982500,,exp_st,exp_st,st_predicate_match:algorithm+graph_or_domain
result,5a45c8f6-9947-4c17-a6e4-2db89e673478,5a45c8f6-9947-4c17-a6e4-2db89e673478,grin,c5580478-bc6f-4964-a9dc-541f0f864afc,fa9c7108-176e-4c68-840d-6acf3a3e59e4,test,COMPLETED,spatiotemporal,spatiotemporal,correlation_train_v1,sha256:1691d10769e12e8c48659d0a20c0fa0d8776aa38ccac0352c22d9b8373a26443,c7a82dea-efcb-4d7a-961a-7f3272f6d347,db5bab9e-8b8a-4153-a363-c847a8982500,,exp_st,exp_st,st_predicate_match:algorithm+graph_or_domain
result,3642b2d4-c8fa-4010-ac22-26d820e6168e,3642b2d4-c8fa-4010-ac22-26d820e6168e,grin,c5580478-bc6f-4964-a9dc-541f0f864afc,fa9c7108-176e-4c68-840d-6acf3a3e59e4,test,COMPLETED,spatiotemporal,spatiotemporal,correlation_train_v1,sha256:1691d10769e12e8c48659d0a20c0fa0d8776aa38ccac0352c22d9b8373a26443,c7a82dea-efcb-4d7a-961a-7f3272f6d347,db5bab9e-8b8a-4153-a363-c847a8982500,,exp_st,exp_st,st_predicate_match:algorithm+graph_or_domain
result,7a6790a1-7d77-47ea-aee3-37ff2b5c6fe8,7a6790a1-7d77-47ea-aee3-37ff2b5c6fe8,grin,c5580478-bc6f-4964-a9dc-541f0f864afc,fa9c7108-176e-4c68-840d-6acf3a3e59e4,test,COMPLETED,spatiotemporal,spatiotemporal,correlation_train_v1,sha256:1691d10769e12e8c48659d0a20c0fa0d8776aa38ccac0352c22d9b8373a26443,c7a82dea-efcb-4d7a-961a-7f3272f6d347,db5bab9e-8b8a-4153-a363-c847a8982500,,exp_st,exp_st,st_predicate_match:algorithm+graph_or_domain
result,ee614dc4-8448-4c65-9dbd-54a1a95e1185,ee614dc4-8448-4c65-9dbd-54a1a95e1185,grin,c5580478-bc6f-4964-a9dc-541f0f864afc,fa9c7108-176e-4c68-840d-6acf3a3e59e4,test,COMPLETED,spatiotemporal,spatiotemporal,correlation_train_v1,sha256:1691d10769e12e8c48659d0a20c0fa0d8776aa38ccac0352c22d9b8373a26443,c7a82dea-efcb-4d7a-961a-7f3272f6d347,db5bab9e-8b8a-4153-a363-c847a8982500,,exp_st,exp_st,st_predicate_match:algorithm+graph_or_domain
result,dfc89dc8-dbb5-4648-abc1-8316808bb205,dfc89dc8-dbb5-4648-abc1-8316808bb205,ignnk,c932b6bc-7bf4-45ae-8760-3e132e99b544,fa9c7108-176e-4c68-840d-6acf3a3e59e4,test,COMPLETED,spatiotemporal,spatiotemporal,correlation_train_v1,sha256:1691d10769e12e8c48659d0a20c0fa0d8776aa38ccac0352c22d9b8373a26443,074816f9-e07c-40b7-adb2-d42f6c231bd5,41c4af2e-8508-4f01-b31c-d321bfcb9dd3,,exp_st,exp_st,st_predicate_match:algorithm+graph_or_domain
result,10ddfe70-b3ef-4547-8b18-109dadebabc8,10ddfe70-b3ef-4547-8b18-109dadebabc8,ignnk,c932b6bc-7bf4-45ae-8760-3e132e99b544,fa9c7108-176e-4c68-840d-6acf3a3e59e4,test,COMPLETED,spatiotemporal,spatiotemporal,correlation_train_v1,sha256:1691d10769e12e8c48659d0a20c0fa0d8776aa38ccac0352c22d9b8373a26443,074816f9-e07c-40b7-adb2-d42f6c231bd5,41c4af2e-8508-4f01-b31c-d321bfcb9dd3,,exp_st,exp_st,st_predicate_match:algorithm+graph_or_domain
result,26b3888f-b39d-44af-8a66-aa4563e616b8,26b3888f-b39d-44af-8a66-aa4563e616b8,ignnk,c932b6bc-7bf4-45ae-8760-3e132e99b544,fa9c7108-176e-4c68-840d-6acf3a3e59e4,test,COMPLETED,spatiotemporal,spatiotemporal,correlation_train_v1,sha256:1691d10769e12e8c48659d0a20c0fa0d8776aa38ccac0352c22d9b8373a26443,074816f9-e07c-40b7-adb2-d42f6c231bd5,41c4af2e-8508-4f01-b31c-d321bfcb9dd3,,exp_st,exp_st,st_predicate_match:algorithm+graph_or_domain
result,06374b76-6783-4798-aa02-115267e2cf70,06374b76-6783-4798-aa02-115267e2cf70,ignnk,c932b6bc-7bf4-45ae-8760-3e132e99b544,fa9c7108-176e-4c68-840d-6acf3a3e59e4,test,COMPLETED,spatiotemporal,spatiotemporal,correlation_train_v1,sha256:1691d10769e12e8c48659d0a20c0fa0d8776aa38ccac0352c22d9b8373a26443,074816f9-e07c-40b7-adb2-d42f6c231bd5,41c4af2e-8508-4f01-b31c-d321bfcb9dd3,,exp_st,exp_st,st_predicate_match:algorithm+graph_or_domain
result,27f65b63-136c-4c2e-b0a8-8c1cb45a516b,27f65b63-136c-4c2e-b0a8-8c1cb45a516b,ignnk,c932b6bc-7bf4-45ae-8760-3e132e99b544,fa9c7108-176e-4c68-840d-6acf3a3e59e4,test,COMPLETED,spatiotemporal,spatiotemporal,correlation_train_v1,sha256:1691d10769e12e8c48659d0a20c0fa0d8776aa38ccac0352c22d9b8373a26443,074816f9-e07c-40b7-adb2-d42f6c231bd5,41c4af2e-8508-4f01-b31c-d321bfcb9dd3,,exp_st,exp_st,st_predicate_match:algorithm+graph_or_domain
result,2b0834d5-c4c3-460f-9e35-300e76a75691,2b0834d5-c4c3-460f-9e35-300e76a75691,ignnk,123a3681-7ec2-4d61-b4d3-061615c6d02f,fa9c7108-176e-4c68-840d-6acf3a3e59e4,test,COMPLETED,spatiotemporal,spatiotemporal,correlation_train_v1,sha256:1691d10769e12e8c48659d0a20c0fa0d8776aa38ccac0352c22d9b8373a26443,f0244c11-a627-43fe-8f40-98befbc650de,94979a3d-6585-401c-942e-f010dc566a01,,exp_st,exp_st,st_predicate_match:algorithm+graph_or_domain
result,c2a660a5-196b-4f78-bc80-e36384541a4a,c2a660a5-196b-4f78-bc80-e36384541a4a,ignnk,123a3681-7ec2-4d61-b4d3-061615c6d02f,fa9c7108-176e-4c68-840d-6acf3a3e59e4,test,COMPLETED,spatiotemporal,spatiotemporal,correlation_train_v1,sha256:1691d10769e12e8c48659d0a20c0fa0d8776aa38ccac0352c22d9b8373a26443,f0244c11-a627-43fe-8f40-98befbc650de,94979a3d-6585-401c-942e-f010dc566a01,,exp_st,exp_st,st_predicate_match:algorithm+graph_or_domain
result,f73c26cf-1394-40ea-a6d6-50ae8b09bf43,f73c26cf-1394-40ea-a6d6-50ae8b09bf43,ignnk,123a3681-7ec2-4d61-b4d3-061615c6d02f,fa9c7108-176e-4c68-840d-6acf3a3e59e4,test,COMPLETED,spatiotemporal,spatiotemporal,correlation_train_v1,sha256:1691d10769e12e8c48659d0a20c0fa0d8776aa38ccac0352c22d9b8373a26443,f0244c11-a627-43fe-8f40-98befbc650de,94979a3d-6585-401c-942e-f010dc566a01,,exp_st,exp_st,st_predicate_match:algorithm+graph_or_domain
result,738f59b1-23fe-4dfe-bc91-f85eff3b6a99,738f59b1-23fe-4dfe-bc91-f85eff3b6a99,ignnk,123a3681-7ec2-4d61-b4d3-061615c6d02f,fa9c7108-176e-4c68-840d-6acf3a3e59e4,test,COMPLETED,spatiotemporal,spatiotemporal,correlation_train_v1,sha256:1691d10769e12e8c48659d0a20c0fa0d8776aa38ccac0352c22d9b8373a26443,f0244c11-a627-43fe-8f40-98befbc650de,94979a3d-6585-401c-942e-f010dc566a01,,exp_st,exp_st,st_predicate_match:algorithm+graph_or_domain
result,77e477c0-ce0d-4f69-a952-13d5f2a7a091,77e477c0-ce0d-4f69-a952-13d5f2a7a091,ignnk,123a3681-7ec2-4d61-b4d3-061615c6d02f,fa9c7108-176e-4c68-840d-6acf3a3e59e4,test,COMPLETED,spatiotemporal,spatiotemporal,correlation_train_v1,sha256:1691d10769e12e8c48659d0a20c0fa0d8776aa38ccac0352c22d9b8373a26443,f0244c11-a627-43fe-8f40-98befbc650de,94979a3d-6585-401c-942e-f010dc566a01,,exp_st,exp_st,st_predicate_match:algorithm+graph_or_domain
result,268a55d9-2cb7-4555-aac7-0a6c2a906d81,268a55d9-2cb7-4555-aac7-0a6c2a906d81,ignnk,d460f33c-6b10-46f5-b599-dfd2b879d892,fa9c7108-176e-4c68-840d-6acf3a3e59e4,test,COMPLETED,spatiotemporal,spatiotemporal,correlation_train_v1,sha256:1691d10769e12e8c48659d0a20c0fa0d8776aa38ccac0352c22d9b8373a26443,6536ec92-7ef6-4862-8fde-5261a838d033,9ba847bf-9fc8-41a5-a0bd-ce481782d9a8,,exp_st,exp_st,st_predicate_match:algorithm+graph_or_domain
result,c63f7d36-cf6a-446b-88f7-e8ecb2055b0b,c63f7d36-cf6a-446b-88f7-e8ecb2055b0b,ignnk,d460f33c-6b10-46f5-b599-dfd2b879d892,fa9c7108-176e-4c68-840d-6acf3a3e59e4,test,COMPLETED,spatiotemporal,spatiotemporal,correlation_train_v1,sha256:1691d10769e12e8c48659d0a20c0fa0d8776aa38ccac0352c22d9b8373a26443,6536ec92-7ef6-4862-8fde-5261a838d033,9ba847bf-9fc8-41a5-a0bd-ce481782d9a8,,exp_st,exp_st,st_predicate_match:algorithm+graph_or_domain
result,b210387b-a2cd-4845-82ed-9affe18f8493,b210387b-a2cd-4845-82ed-9affe18f8493,ignnk,d460f33c-6b10-46f5-b599-dfd2b879d892,fa9c7108-176e-4c68-840d-6acf3a3e59e4,test,COMPLETED,spatiotemporal,spatiotemporal,correlation_train_v1,sha256:1691d10769e12e8c48659d0a20c0fa0d8776aa38ccac0352c22d9b8373a26443,6536ec92-7ef6-4862-8fde-5261a838d033,9ba847bf-9fc8-41a5-a0bd-ce481782d9a8,,exp_st,exp_st,st_predicate_match:algorithm+graph_or_domain
result,d89ec4bc-4b51-4d45-b20a-4e5a130e9613,d89ec4bc-4b51-4d45-b20a-4e5a130e9613,ignnk,d460f33c-6b10-46f5-b599-dfd2b879d892,fa9c7108-176e-4c68-840d-6acf3a3e59e4,test,COMPLETED,spatiotemporal,spatiotemporal,correlation_train_v1,sha256:1691d10769e12e8c48659d0a20c0fa0d8776aa38ccac0352c22d9b8373a26443,6536ec92-7ef6-4862-8fde-5261a838d033,9ba847bf-9fc8-41a5-a0bd-ce481782d9a8,,exp_st,exp_st,st_predicate_match:algorithm+graph_or_domain
result,a42a6d43-a722-4725-810a-5c3ad42637df,a42a6d43-a722-4725-810a-5c3ad42637df,ignnk,d460f33c-6b10-46f5-b599-dfd2b879d892,fa9c7108-176e-4c68-840d-6acf3a3e59e4,test,COMPLETED,spatiotemporal,spatiotemporal,correlation_train_v1,sha256:1691d10769e12e8c48659d0a20c0fa0d8776aa38ccac0352c22d9b8373a26443,6536ec92-7ef6-4862-8fde-5261a838d033,9ba847bf-9fc8-41a5-a0bd-ce481782d9a8,,exp_st,exp_st,st_predicate_match:algorithm+graph_or_domain
result,88fe9235-401f-477a-b3fd-38130d1302d4,88fe9235-401f-477a-b3fd-38130d1302d4,ignnk,4e2cdf00-4bc2-4d8d-a42a-bf615bf8dcf8,fa9c7108-176e-4c68-840d-6acf3a3e59e4,test,COMPLETED,spatiotemporal,spatiotemporal,correlation_train_v1,sha256:1691d10769e12e8c48659d0a20c0fa0d8776aa38ccac0352c22d9b8373a26443,360def2a-39a8-4db5-a040-d800bb8437db,9d1f5fd8-736f-4a31-8163-dac91c17217a,,exp_st,exp_st,st_predicate_match:algorithm+graph_or_domain
result,1a19047e-1025-49d4-acc9-efa1ad15bab0,1a19047e-1025-49d4-acc9-efa1ad15bab0,ignnk,4e2cdf00-4bc2-4d8d-a42a-bf615bf8dcf8,fa9c7108-176e-4c68-840d-6acf3a3e59e4,test,COMPLETED,spatiotemporal,spatiotemporal,correlation_train_v1,sha256:1691d10769e12e8c48659d0a20c0fa0d8776aa38ccac0352c22d9b8373a26443,360def2a-39a8-4db5-a040-d800bb8437db,9d1f5fd8-736f-4a31-8163-dac91c17217a,,exp_st,exp_st,st_predicate_match:algorithm+graph_or_domain
result,d4b90187-0fdd-4bb5-afe2-8c57cad63ba3,d4b90187-0fdd-4bb5-afe2-8c57cad63ba3,ignnk,4e2cdf00-4bc2-4d8d-a42a-bf615bf8dcf8,fa9c7108-176e-4c68-840d-6acf3a3e59e4,test,COMPLETED,spatiotemporal,spatiotemporal,correlation_train_v1,sha256:1691d10769e12e8c48659d0a20c0fa0d8776aa38ccac0352c22d9b8373a26443,360def2a-39a8-4db5-a040-d800bb8437db,9d1f5fd8-736f-4a31-8163-dac91c17217a,,exp_st,exp_st,st_predicate_match:algorithm+graph_or_domain
result,4df0575b-89bf-44ca-bed1-821a629b966a,4df0575b-89bf-44ca-bed1-821a629b966a,ignnk,4e2cdf00-4bc2-4d8d-a42a-bf615bf8dcf8,fa9c7108-176e-4c68-840d-6acf3a3e59e4,test,COMPLETED,spatiotemporal,spatiotemporal,correlation_train_v1,sha256:1691d10769e12e8c48659d0a20c0fa0d8776aa38ccac0352c22d9b8373a26443,360def2a-39a8-4db5-a040-d800bb8437db,9d1f5fd8-736f-4a31-8163-dac91c17217a,,exp_st,exp_st,st_predicate_match:algorithm+graph_or_domain
result,9dc30b07-496a-4eab-90e5-39dc3ec54bd7,9dc30b07-496a-4eab-90e5-39dc3ec54bd7,ignnk,4e2cdf00-4bc2-4d8d-a42a-bf615bf8dcf8,fa9c7108-176e-4c68-840d-6acf3a3e59e4,test,COMPLETED,spatiotemporal,spatiotemporal,correlation_train_v1,sha256:1691d10769e12e8c48659d0a20c0fa0d8776aa38ccac0352c22d9b8373a26443,360def2a-39a8-4db5-a040-d800bb8437db,9d1f5fd8-736f-4a31-8163-dac91c17217a,,exp_st,exp_st,st_predicate_match:algorithm+graph_or_domain
result,3eeb1b9c-3ce5-48a9-ae23-233c5840fd45,3eeb1b9c-3ce5-48a9-ae23-233c5840fd45,ignnk,a8804ecd-b512-4b47-90cc-eaa04f2a774c,fa9c7108-176e-4c68-840d-6acf3a3e59e4,test,COMPLETED,spatiotemporal,spatiotemporal,correlation_train_v1,sha256:1691d10769e12e8c48659d0a20c0fa0d8776aa38ccac0352c22d9b8373a26443,faf20517-50bb-4323-9574-72f1a66d8089,e96f0b6c-609a-490e-afd9-d5950670b9fd,,exp_st,exp_st,st_predicate_match:algorithm+graph_or_domain
result,1417dc7f-450a-49b3-b2b7-0f479829a11c,1417dc7f-450a-49b3-b2b7-0f479829a11c,ignnk,a8804ecd-b512-4b47-90cc-eaa04f2a774c,fa9c7108-176e-4c68-840d-6acf3a3e59e4,test,COMPLETED,spatiotemporal,spatiotemporal,correlation_train_v1,sha256:1691d10769e12e8c48659d0a20c0fa0d8776aa38ccac0352c22d9b8373a26443,faf20517-50bb-4323-9574-72f1a66d8089,e96f0b6c-609a-490e-afd9-d5950670b9fd,,exp_st,exp_st,st_predicate_match:algorithm+graph_or_domain
result,b4e22ad4-3c75-4ec2-8ec7-1ddb23abc939,b4e22ad4-3c75-4ec2-8ec7-1ddb23abc939,ignnk,a8804ecd-b512-4b47-90cc-eaa04f2a774c,fa9c7108-176e-4c68-840d-6acf3a3e59e4,test,COMPLETED,spatiotemporal,spatiotemporal,correlation_train_v1,sha256:1691d10769e12e8c48659d0a20c0fa0d8776aa38ccac0352c22d9b8373a26443,faf20517-50bb-4323-9574-72f1a66d8089,e96f0b6c-609a-490e-afd9-d5950670b9fd,,exp_st,exp_st,st_predicate_match:algorithm+graph_or_domain
result,199da137-a231-40d2-af46-bbedd49160c9,199da137-a231-40d2-af46-bbedd49160c9,ignnk,a8804ecd-b512-4b47-90cc-eaa04f2a774c,fa9c7108-176e-4c68-840d-6acf3a3e59e4,test,COMPLETED,spatiotemporal,spatiotemporal,correlation_train_v1,sha256:1691d10769e12e8c48659d0a20c0fa0d8776aa38ccac0352c22d9b8373a26443,faf20517-50bb-4323-9574-72f1a66d8089,e96f0b6c-609a-490e-afd9-d5950670b9fd,,exp_st,exp_st,st_predicate_match:algorithm+graph_or_domain
result,43f84683-218a-47d3-9262-1f408d3f021b,43f84683-218a-47d3-9262-1f408d3f021b,ignnk,a8804ecd-b512-4b47-90cc-eaa04f2a774c,fa9c7108-176e-4c68-840d-6acf3a3e59e4,test,COMPLETED,spatiotemporal,spatiotemporal,correlation_train_v1,sha256:1691d10769e12e8c48659d0a20c0fa0d8776aa38ccac0352c22d9b8373a26443,faf20517-50bb-4323-9574-72f1a66d8089,e96f0b6c-609a-490e-afd9-d5950670b9fd,,exp_st,exp_st,st_predicate_match:algorithm+graph_or_domain
result,5ca68912-8007-492a-a202-97d67246b23b,5ca68912-8007-492a-a202-97d67246b23b,ignnk,7b896e1d-db47-4582-af66-3c44dfd43e21,fa9c7108-176e-4c68-840d-6acf3a3e59e4,test,COMPLETED,spatiotemporal,spatiotemporal,correlation_train_v1,sha256:1691d10769e12e8c48659d0a20c0fa0d8776aa38ccac0352c22d9b8373a26443,c7a82dea-efcb-4d7a-961a-7f3272f6d347,db5bab9e-8b8a-4153-a363-c847a8982500,,exp_st,exp_st,st_predicate_match:algorithm+graph_or_domain
result,b1c6b182-a444-4193-9fa1-66457befc2c9,b1c6b182-a444-4193-9fa1-66457befc2c9,ignnk,7b896e1d-db47-4582-af66-3c44dfd43e21,fa9c7108-176e-4c68-840d-6acf3a3e59e4,test,COMPLETED,spatiotemporal,spatiotemporal,correlation_train_v1,sha256:1691d10769e12e8c48659d0a20c0fa0d8776aa38ccac0352c22d9b8373a26443,c7a82dea-efcb-4d7a-961a-7f3272f6d347,db5bab9e-8b8a-4153-a363-c847a8982500,,exp_st,exp_st,st_predicate_match:algorithm+graph_or_domain
result,4b9915b7-c655-48e2-b1a6-1bd6c02ace13,4b9915b7-c655-48e2-b1a6-1bd6c02ace13,ignnk,7b896e1d-db47-4582-af66-3c44dfd43e21,fa9c7108-176e-4c68-840d-6acf3a3e59e4,test,COMPLETED,spatiotemporal,spatiotemporal,correlation_train_v1,sha256:1691d10769e12e8c48659d0a20c0fa0d8776aa38ccac0352c22d9b8373a26443,c7a82dea-efcb-4d7a-961a-7f3272f6d347,db5bab9e-8b8a-4153-a363-c847a8982500,,exp_st,exp_st,st_predicate_match:algorithm+graph_or_domain
result,781bf6d8-578d-4d16-bdbb-8f54318fc471,781bf6d8-578d-4d16-bdbb-8f54318fc471,ignnk,7b896e1d-db47-4582-af66-3c44dfd43e21,fa9c7108-176e-4c68-840d-6acf3a3e59e4,test,COMPLETED,spatiotemporal,spatiotemporal,correlation_train_v1,sha256:1691d10769e12e8c48659d0a20c0fa0d8776aa38ccac0352c22d9b8373a26443,c7a82dea-efcb-4d7a-961a-7f3272f6d347,db5bab9e-8b8a-4153-a363-c847a8982500,,exp_st,exp_st,st_predicate_match:algorithm+graph_or_domain
result,d0304cc5-3e7e-4232-9576-8d150aaaa21a,d0304cc5-3e7e-4232-9576-8d150aaaa21a,ignnk,7b896e1d-db47-4582-af66-3c44dfd43e21,fa9c7108-176e-4c68-840d-6acf3a3e59e4,test,COMPLETED,spatiotemporal,spatiotemporal,correlation_train_v1,sha256:1691d10769e12e8c48659d0a20c0fa0d8776aa38ccac0352c22d9b8373a26443,c7a82dea-efcb-4d7a-961a-7f3272f6d347,db5bab9e-8b8a-4153-a363-c847a8982500,,exp_st,exp_st,st_predicate_match:algorithm+graph_or_domain
result,e9d01837-41a6-4155-8b09-76211842dcca,e9d01837-41a6-4155-8b09-76211842dcca,dcrnn,a5cf438f-b5c7-4da1-9646-94d34f506135,fa9c7108-176e-4c68-840d-6acf3a3e59e4,test,COMPLETED,spatiotemporal,spatiotemporal,correlation_train_v1,sha256:1691d10769e12e8c48659d0a20c0fa0d8776aa38ccac0352c22d9b8373a26443,074816f9-e07c-40b7-adb2-d42f6c231bd5,41c4af2e-8508-4f01-b31c-d321bfcb9dd3,,exp_st,exp_st,st_predicate_match:algorithm+graph_or_domain
result,dd89c75b-3e09-40ac-8529-7616cf34fbaa,dd89c75b-3e09-40ac-8529-7616cf34fbaa,dcrnn,a5cf438f-b5c7-4da1-9646-94d34f506135,fa9c7108-176e-4c68-840d-6acf3a3e59e4,test,COMPLETED,spatiotemporal,spatiotemporal,correlation_train_v1,sha256:1691d10769e12e8c48659d0a20c0fa0d8776aa38ccac0352c22d9b8373a26443,074816f9-e07c-40b7-adb2-d42f6c231bd5,41c4af2e-8508-4f01-b31c-d321bfcb9dd3,,exp_st,exp_st,st_predicate_match:algorithm+graph_or_domain
result,a2b1ddb2-abad-4e87-9d63-7f1fb8c7fa71,a2b1ddb2-abad-4e87-9d63-7f1fb8c7fa71,dcrnn,a5cf438f-b5c7-4da1-9646-94d34f506135,fa9c7108-176e-4c68-840d-6acf3a3e59e4,test,COMPLETED,spatiotemporal,spatiotemporal,correlation_train_v1,sha256:1691d10769e12e8c48659d0a20c0fa0d8776aa38ccac0352c22d9b8373a26443,074816f9-e07c-40b7-adb2-d42f6c231bd5,41c4af2e-8508-4f01-b31c-d321bfcb9dd3,,exp_st,exp_st,st_predicate_match:algorithm+graph_or_domain
result,ab4b5856-b62b-45ae-8dc9-048415371602,ab4b5856-b62b-45ae-8dc9-048415371602,dcrnn,a5cf438f-b5c7-4da1-9646-94d34f506135,fa9c7108-176e-4c68-840d-6acf3a3e59e4,test,COMPLETED,spatiotemporal,spatiotemporal,correlation_train_v1,sha256:1691d10769e12e8c48659d0a20c0fa0d8776aa38ccac0352c22d9b8373a26443,074816f9-e07c-40b7-adb2-d42f6c231bd5,41c4af2e-8508-4f01-b31c-d321bfcb9dd3,,exp_st,exp_st,st_predicate_match:algorithm+graph_or_domain
result,4fe8dc6f-e7ad-496d-94b9-27793755aa6f,4fe8dc6f-e7ad-496d-94b9-27793755aa6f,dcrnn,a5cf438f-b5c7-4da1-9646-94d34f506135,fa9c7108-176e-4c68-840d-6acf3a3e59e4,test,COMPLETED,spatiotemporal,spatiotemporal,correlation_train_v1,sha256:1691d10769e12e8c48659d0a20c0fa0d8776aa38ccac0352c22d9b8373a26443,074816f9-e07c-40b7-adb2-d42f6c231bd5,41c4af2e-8508-4f01-b31c-d321bfcb9dd3,,exp_st,exp_st,st_predicate_match:algorithm+graph_or_domain
result,09e82789-a59a-48f4-b804-466a26b6f734,09e82789-a59a-48f4-b804-466a26b6f734,dcrnn,ed76e506-2dce-424a-bb26-699980f8d0af,fa9c7108-176e-4c68-840d-6acf3a3e59e4,test,COMPLETED,spatiotemporal,spatiotemporal,correlation_train_v1,sha256:1691d10769e12e8c48659d0a20c0fa0d8776aa38ccac0352c22d9b8373a26443,f0244c11-a627-43fe-8f40-98befbc650de,94979a3d-6585-401c-942e-f010dc566a01,,exp_st,exp_st,st_predicate_match:algorithm+graph_or_domain
result,6053c208-678b-49a8-9cc2-1f3788737e59,6053c208-678b-49a8-9cc2-1f3788737e59,dcrnn,ed76e506-2dce-424a-bb26-699980f8d0af,fa9c7108-176e-4c68-840d-6acf3a3e59e4,test,COMPLETED,spatiotemporal,spatiotemporal,correlation_train_v1,sha256:1691d10769e12e8c48659d0a20c0fa0d8776aa38ccac0352c22d9b8373a26443,f0244c11-a627-43fe-8f40-98befbc650de,94979a3d-6585-401c-942e-f010dc566a01,,exp_st,exp_st,st_predicate_match:algorithm+graph_or_domain
result,b9ba422c-16b3-4563-b64a-5ce4e520d02b,b9ba422c-16b3-4563-b64a-5ce4e520d02b,dcrnn,ed76e506-2dce-424a-bb26-699980f8d0af,fa9c7108-176e-4c68-840d-6acf3a3e59e4,test,COMPLETED,spatiotemporal,spatiotemporal,correlation_train_v1,sha256:1691d10769e12e8c48659d0a20c0fa0d8776aa38ccac0352c22d9b8373a26443,f0244c11-a627-43fe-8f40-98befbc650de,94979a3d-6585-401c-942e-f010dc566a01,,exp_st,exp_st,st_predicate_match:algorithm+graph_or_domain
result,1780afda-54cb-46ee-840c-5838f0715567,1780afda-54cb-46ee-840c-5838f0715567,dcrnn,ed76e506-2dce-424a-bb26-699980f8d0af,fa9c7108-176e-4c68-840d-6acf3a3e59e4,test,COMPLETED,spatiotemporal,spatiotemporal,correlation_train_v1,sha256:1691d10769e12e8c48659d0a20c0fa0d8776aa38ccac0352c22d9b8373a26443,f0244c11-a627-43fe-8f40-98befbc650de,94979a3d-6585-401c-942e-f010dc566a01,,exp_st,exp_st,st_predicate_match:algorithm+graph_or_domain
result,e399cb81-dfc8-43af-9c75-6b43f79c3560,e399cb81-dfc8-43af-9c75-6b43f79c3560,dcrnn,ed76e506-2dce-424a-bb26-699980f8d0af,fa9c7108-176e-4c68-840d-6acf3a3e59e4,test,COMPLETED,spatiotemporal,spatiotemporal,correlation_train_v1,sha256:1691d10769e12e8c48659d0a20c0fa0d8776aa38ccac0352c22d9b8373a26443,f0244c11-a627-43fe-8f40-98befbc650de,94979a3d-6585-401c-942e-f010dc566a01,,exp_st,exp_st,st_predicate_match:algorithm+graph_or_domain
result,b828e19c-6704-43fc-8906-9c7889554adb,b828e19c-6704-43fc-8906-9c7889554adb,dcrnn,b18396a5-e455-47fb-baa5-744d11244039,fa9c7108-176e-4c68-840d-6acf3a3e59e4,test,COMPLETED,spatiotemporal,spatiotemporal,correlation_train_v1,sha256:1691d10769e12e8c48659d0a20c0fa0d8776aa38ccac0352c22d9b8373a26443,6536ec92-7ef6-4862-8fde-5261a838d033,9ba847bf-9fc8-41a5-a0bd-ce481782d9a8,,exp_st,exp_st,st_predicate_match:algorithm+graph_or_domain
result,5c5ac881-4b7a-4083-997e-20e1744151b7,5c5ac881-4b7a-4083-997e-20e1744151b7,dcrnn,b18396a5-e455-47fb-baa5-744d11244039,fa9c7108-176e-4c68-840d-6acf3a3e59e4,test,COMPLETED,spatiotemporal,spatiotemporal,correlation_train_v1,sha256:1691d10769e12e8c48659d0a20c0fa0d8776aa38ccac0352c22d9b8373a26443,6536ec92-7ef6-4862-8fde-5261a838d033,9ba847bf-9fc8-41a5-a0bd-ce481782d9a8,,exp_st,exp_st,st_predicate_match:algorithm+graph_or_domain
result,021091cb-7f10-4855-ade6-c89c8560e850,021091cb-7f10-4855-ade6-c89c8560e850,dcrnn,b18396a5-e455-47fb-baa5-744d11244039,fa9c7108-176e-4c68-840d-6acf3a3e59e4,test,COMPLETED,spatiotemporal,spatiotemporal,correlation_train_v1,sha256:1691d10769e12e8c48659d0a20c0fa0d8776aa38ccac0352c22d9b8373a26443,6536ec92-7ef6-4862-8fde-5261a838d033,9ba847bf-9fc8-41a5-a0bd-ce481782d9a8,,exp_st,exp_st,st_predicate_match:algorithm+graph_or_domain
result,2295f070-0679-42af-9019-6905f9f14385,2295f070-0679-42af-9019-6905f9f14385,dcrnn,b18396a5-e455-47fb-baa5-744d11244039,fa9c7108-176e-4c68-840d-6acf3a3e59e4,test,COMPLETED,spatiotemporal,spatiotemporal,correlation_train_v1,sha256:1691d10769e12e8c48659d0a20c0fa0d8776aa38ccac0352c22d9b8373a26443,6536ec92-7ef6-4862-8fde-5261a838d033,9ba847bf-9fc8-41a5-a0bd-ce481782d9a8,,exp_st,exp_st,st_predicate_match:algorithm+graph_or_domain
result,6f06288b-05e8-4e93-9bce-03397455ec61,6f06288b-05e8-4e93-9bce-03397455ec61,dcrnn,b18396a5-e455-47fb-baa5-744d11244039,fa9c7108-176e-4c68-840d-6acf3a3e59e4,test,COMPLETED,spatiotemporal,spatiotemporal,correlation_train_v1,sha256:1691d10769e12e8c48659d0a20c0fa0d8776aa38ccac0352c22d9b8373a26443,6536ec92-7ef6-4862-8fde-5261a838d033,9ba847bf-9fc8-41a5-a0bd-ce481782d9a8,,exp_st,exp_st,st_predicate_match:algorithm+graph_or_domain
result,db1eec4d-0c39-4710-bd3d-4b06dcfcf64a,db1eec4d-0c39-4710-bd3d-4b06dcfcf64a,dcrnn,a9983fe4-9079-4939-9bfd-bfbb7ab9204f,fa9c7108-176e-4c68-840d-6acf3a3e59e4,test,COMPLETED,spatiotemporal,spatiotemporal,correlation_train_v1,sha256:1691d10769e12e8c48659d0a20c0fa0d8776aa38ccac0352c22d9b8373a26443,360def2a-39a8-4db5-a040-d800bb8437db,9d1f5fd8-736f-4a31-8163-dac91c17217a,,exp_st,exp_st,st_predicate_match:algorithm+graph_or_domain
result,46cd1a1d-e935-483f-a708-0fd355ce43a6,46cd1a1d-e935-483f-a708-0fd355ce43a6,dcrnn,a9983fe4-9079-4939-9bfd-bfbb7ab9204f,fa9c7108-176e-4c68-840d-6acf3a3e59e4,test,COMPLETED,spatiotemporal,spatiotemporal,correlation_train_v1,sha256:1691d10769e12e8c48659d0a20c0fa0d8776aa38ccac0352c22d9b8373a26443,360def2a-39a8-4db5-a040-d800bb8437db,9d1f5fd8-736f-4a31-8163-dac91c17217a,,exp_st,exp_st,st_predicate_match:algorithm+graph_or_domain
result,7d3e9d05-ab05-45e9-884e-46dab9a14db2,7d3e9d05-ab05-45e9-884e-46dab9a14db2,dcrnn,a9983fe4-9079-4939-9bfd-bfbb7ab9204f,fa9c7108-176e-4c68-840d-6acf3a3e59e4,test,COMPLETED,spatiotemporal,spatiotemporal,correlation_train_v1,sha256:1691d10769e12e8c48659d0a20c0fa0d8776aa38ccac0352c22d9b8373a26443,360def2a-39a8-4db5-a040-d800bb8437db,9d1f5fd8-736f-4a31-8163-dac91c17217a,,exp_st,exp_st,st_predicate_match:algorithm+graph_or_domain
result,bc6c9ac2-9253-4337-a4d4-ce90527a07a4,bc6c9ac2-9253-4337-a4d4-ce90527a07a4,dcrnn,a9983fe4-9079-4939-9bfd-bfbb7ab9204f,fa9c7108-176e-4c68-840d-6acf3a3e59e4,test,COMPLETED,spatiotemporal,spatiotemporal,correlation_train_v1,sha256:1691d10769e12e8c48659d0a20c0fa0d8776aa38ccac0352c22d9b8373a26443,360def2a-39a8-4db5-a040-d800bb8437db,9d1f5fd8-736f-4a31-8163-dac91c17217a,,exp_st,exp_st,st_predicate_match:algorithm+graph_or_domain
result,9cdc3b75-d21a-404f-944c-5dbc5c156348,9cdc3b75-d21a-404f-944c-5dbc5c156348,dcrnn,a9983fe4-9079-4939-9bfd-bfbb7ab9204f,fa9c7108-176e-4c68-840d-6acf3a3e59e4,test,COMPLETED,spatiotemporal,spatiotemporal,correlation_train_v1,sha256:1691d10769e12e8c48659d0a20c0fa0d8776aa38ccac0352c22d9b8373a26443,360def2a-39a8-4db5-a040-d800bb8437db,9d1f5fd8-736f-4a31-8163-dac91c17217a,,exp_st,exp_st,st_predicate_match:algorithm+graph_or_domain
result,725e376f-6768-4204-8267-e205146dd3f4,725e376f-6768-4204-8267-e205146dd3f4,dcrnn,baf96702-cc3f-48a9-9289-68ff1f14dfae,fa9c7108-176e-4c68-840d-6acf3a3e59e4,test,COMPLETED,spatiotemporal,spatiotemporal,correlation_train_v1,sha256:1691d10769e12e8c48659d0a20c0fa0d8776aa38ccac0352c22d9b8373a26443,faf20517-50bb-4323-9574-72f1a66d8089,e96f0b6c-609a-490e-afd9-d5950670b9fd,,exp_st,exp_st,st_predicate_match:algorithm+graph_or_domain
result,6414c020-7163-4b8b-accd-134ffd0756ca,6414c020-7163-4b8b-accd-134ffd0756ca,dcrnn,baf96702-cc3f-48a9-9289-68ff1f14dfae,fa9c7108-176e-4c68-840d-6acf3a3e59e4,test,COMPLETED,spatiotemporal,spatiotemporal,correlation_train_v1,sha256:1691d10769e12e8c48659d0a20c0fa0d8776aa38ccac0352c22d9b8373a26443,faf20517-50bb-4323-9574-72f1a66d8089,e96f0b6c-609a-490e-afd9-d5950670b9fd,,exp_st,exp_st,st_predicate_match:algorithm+graph_or_domain
result,7195ce80-d33b-4562-8125-aad50f1056e4,7195ce80-d33b-4562-8125-aad50f1056e4,dcrnn,baf96702-cc3f-48a9-9289-68ff1f14dfae,fa9c7108-176e-4c68-840d-6acf3a3e59e4,test,COMPLETED,spatiotemporal,spatiotemporal,correlation_train_v1,sha256:1691d10769e12e8c48659d0a20c0fa0d8776aa38ccac0352c22d9b8373a26443,faf20517-50bb-4323-9574-72f1a66d8089,e96f0b6c-609a-490e-afd9-d5950670b9fd,,exp_st,exp_st,st_predicate_match:algorithm+graph_or_domain
result,3d163a0b-4a67-4b2c-8bb1-46923a33c08c,3d163a0b-4a67-4b2c-8bb1-46923a33c08c,dcrnn,baf96702-cc3f-48a9-9289-68ff1f14dfae,fa9c7108-176e-4c68-840d-6acf3a3e59e4,test,COMPLETED,spatiotemporal,spatiotemporal,correlation_train_v1,sha256:1691d10769e12e8c48659d0a20c0fa0d8776aa38ccac0352c22d9b8373a26443,faf20517-50bb-4323-9574-72f1a66d8089,e96f0b6c-609a-490e-afd9-d5950670b9fd,,exp_st,exp_st,st_predicate_match:algorithm+graph_or_domain
result,b970c103-bad6-4e56-b58e-6e1ea0510169,b970c103-bad6-4e56-b58e-6e1ea0510169,dcrnn,baf96702-cc3f-48a9-9289-68ff1f14dfae,fa9c7108-176e-4c68-840d-6acf3a3e59e4,test,COMPLETED,spatiotemporal,spatiotemporal,correlation_train_v1,sha256:1691d10769e12e8c48659d0a20c0fa0d8776aa38ccac0352c22d9b8373a26443,faf20517-50bb-4323-9574-72f1a66d8089,e96f0b6c-609a-490e-afd9-d5950670b9fd,,exp_st,exp_st,st_predicate_match:algorithm+graph_or_domain
result,0780a08e-b536-4b59-b9b7-5285549218d0,0780a08e-b536-4b59-b9b7-5285549218d0,dcrnn,25b4ba6e-749c-46d9-aa07-a0cb2902ac2f,fa9c7108-176e-4c68-840d-6acf3a3e59e4,test,COMPLETED,spatiotemporal,spatiotemporal,correlation_train_v1,sha256:1691d10769e12e8c48659d0a20c0fa0d8776aa38ccac0352c22d9b8373a26443,c7a82dea-efcb-4d7a-961a-7f3272f6d347,db5bab9e-8b8a-4153-a363-c847a8982500,,exp_st,exp_st,st_predicate_match:algorithm+graph_or_domain
result,d84b3bf0-5740-4aa3-b43a-e5750dd1750d,d84b3bf0-5740-4aa3-b43a-e5750dd1750d,dcrnn,25b4ba6e-749c-46d9-aa07-a0cb2902ac2f,fa9c7108-176e-4c68-840d-6acf3a3e59e4,test,COMPLETED,spatiotemporal,spatiotemporal,correlation_train_v1,sha256:1691d10769e12e8c48659d0a20c0fa0d8776aa38ccac0352c22d9b8373a26443,c7a82dea-efcb-4d7a-961a-7f3272f6d347,db5bab9e-8b8a-4153-a363-c847a8982500,,exp_st,exp_st,st_predicate_match:algorithm+graph_or_domain
result,1927643c-a47e-4788-8684-a4a19824899d,1927643c-a47e-4788-8684-a4a19824899d,dcrnn,25b4ba6e-749c-46d9-aa07-a0cb2902ac2f,fa9c7108-176e-4c68-840d-6acf3a3e59e4,test,COMPLETED,spatiotemporal,spatiotemporal,correlation_train_v1,sha256:1691d10769e12e8c48659d0a20c0fa0d8776aa38ccac0352c22d9b8373a26443,c7a82dea-efcb-4d7a-961a-7f3272f6d347,db5bab9e-8b8a-4153-a363-c847a8982500,,exp_st,exp_st,st_predicate_match:algorithm+graph_or_domain
result,fc295e15-5392-4e40-b81b-93d8ea70193d,fc295e15-5392-4e40-b81b-93d8ea70193d,dcrnn,25b4ba6e-749c-46d9-aa07-a0cb2902ac2f,fa9c7108-176e-4c68-840d-6acf3a3e59e4,test,COMPLETED,spatiotemporal,spatiotemporal,correlation_train_v1,sha256:1691d10769e12e8c48659d0a20c0fa0d8776aa38ccac0352c22d9b8373a26443,c7a82dea-efcb-4d7a-961a-7f3272f6d347,db5bab9e-8b8a-4153-a363-c847a8982500,,exp_st,exp_st,st_predicate_match:algorithm+graph_or_domain
result,d035827a-09f4-4f96-9739-8a3e32b508ec,d035827a-09f4-4f96-9739-8a3e32b508ec,dcrnn,25b4ba6e-749c-46d9-aa07-a0cb2902ac2f,fa9c7108-176e-4c68-840d-6acf3a3e59e4,test,COMPLETED,spatiotemporal,spatiotemporal,correlation_train_v1,sha256:1691d10769e12e8c48659d0a20c0fa0d8776aa38ccac0352c22d9b8373a26443,c7a82dea-efcb-4d7a-961a-7f3272f6d347,db5bab9e-8b8a-4153-a363-c847a8982500,,exp_st,exp_st,st_predicate_match:algorithm+graph_or_domain
result,82191fc2-2bb8-4108-9c40-5f3e4c671cb2,82191fc2-2bb8-4108-9c40-5f3e4c671cb2,stgcn,d8cfebef-6571-4c94-97c7-6cc8bdfea127,fa9c7108-176e-4c68-840d-6acf3a3e59e4,test,COMPLETED,spatiotemporal,spatiotemporal,correlation_train_v1,sha256:1691d10769e12e8c48659d0a20c0fa0d8776aa38ccac0352c22d9b8373a26443,8e0a433f-dcd1-48c1-99e9-b22db45e5311,0cb68898-cab6-41ff-878e-3e8479494e52,,exp_st,exp_st,st_predicate_match:algorithm+graph_or_domain
result,60b41d12-77bc-4821-8ccc-40ac4e23054b,60b41d12-77bc-4821-8ccc-40ac4e23054b,stgcn,d8cfebef-6571-4c94-97c7-6cc8bdfea127,fa9c7108-176e-4c68-840d-6acf3a3e59e4,test,COMPLETED,spatiotemporal,spatiotemporal,correlation_train_v1,sha256:1691d10769e12e8c48659d0a20c0fa0d8776aa38ccac0352c22d9b8373a26443,8e0a433f-dcd1-48c1-99e9-b22db45e5311,0cb68898-cab6-41ff-878e-3e8479494e52,,exp_st,exp_st,st_predicate_match:algorithm+graph_or_domain
result,9ae59e26-3674-4f25-8849-d85be44778da,9ae59e26-3674-4f25-8849-d85be44778da,stgcn,d8cfebef-6571-4c94-97c7-6cc8bdfea127,fa9c7108-176e-4c68-840d-6acf3a3e59e4,test,COMPLETED,spatiotemporal,spatiotemporal,correlation_train_v1,sha256:1691d10769e12e8c48659d0a20c0fa0d8776aa38ccac0352c22d9b8373a26443,8e0a433f-dcd1-48c1-99e9-b22db45e5311,0cb68898-cab6-41ff-878e-3e8479494e52,,exp_st,exp_st,st_predicate_match:algorithm+graph_or_domain
result,e6be242e-b8b6-4cea-bb2e-4cfbeacb2421,e6be242e-b8b6-4cea-bb2e-4cfbeacb2421,stgcn,d8cfebef-6571-4c94-97c7-6cc8bdfea127,fa9c7108-176e-4c68-840d-6acf3a3e59e4,test,COMPLETED,spatiotemporal,spatiotemporal,correlation_train_v1,sha256:1691d10769e12e8c48659d0a20c0fa0d8776aa38ccac0352c22d9b8373a26443,8e0a433f-dcd1-48c1-99e9-b22db45e5311,0cb68898-cab6-41ff-878e-3e8479494e52,,exp_st,exp_st,st_predicate_match:algorithm+graph_or_domain
result,7499a0e7-7e9c-4f9c-9b3a-9a549ec94432,7499a0e7-7e9c-4f9c-9b3a-9a549ec94432,stgcn,d8cfebef-6571-4c94-97c7-6cc8bdfea127,fa9c7108-176e-4c68-840d-6acf3a3e59e4,test,COMPLETED,spatiotemporal,spatiotemporal,correlation_train_v1,sha256:1691d10769e12e8c48659d0a20c0fa0d8776aa38ccac0352c22d9b8373a26443,8e0a433f-dcd1-48c1-99e9-b22db45e5311,0cb68898-cab6-41ff-878e-3e8479494e52,,exp_st,exp_st,st_predicate_match:algorithm+graph_or_domain
result,564a3744-7857-4d95-8220-7e6cce255e06,564a3744-7857-4d95-8220-7e6cce255e06,stgcn,2076c8ce-29c6-48d8-8335-e20d5bccb10d,fa9c7108-176e-4c68-840d-6acf3a3e59e4,test,COMPLETED,spatiotemporal,spatiotemporal,correlation_train_v1,sha256:1691d10769e12e8c48659d0a20c0fa0d8776aa38ccac0352c22d9b8373a26443,9be8e551-47f2-45f1-bfd8-4d3f0f45d5da,ee437dbf-267f-4711-bd5a-534c6c50cba0,,exp_st,exp_st,st_predicate_match:algorithm+graph_or_domain
result,dcf5ccb0-7e57-4dfb-b6f2-252818e2be61,dcf5ccb0-7e57-4dfb-b6f2-252818e2be61,stgcn,2076c8ce-29c6-48d8-8335-e20d5bccb10d,fa9c7108-176e-4c68-840d-6acf3a3e59e4,test,COMPLETED,spatiotemporal,spatiotemporal,correlation_train_v1,sha256:1691d10769e12e8c48659d0a20c0fa0d8776aa38ccac0352c22d9b8373a26443,9be8e551-47f2-45f1-bfd8-4d3f0f45d5da,ee437dbf-267f-4711-bd5a-534c6c50cba0,,exp_st,exp_st,st_predicate_match:algorithm+graph_or_domain
result,1475df27-b77c-4156-b740-3ee74c098756,1475df27-b77c-4156-b740-3ee74c098756,stgcn,2076c8ce-29c6-48d8-8335-e20d5bccb10d,fa9c7108-176e-4c68-840d-6acf3a3e59e4,test,COMPLETED,spatiotemporal,spatiotemporal,correlation_train_v1,sha256:1691d10769e12e8c48659d0a20c0fa0d8776aa38ccac0352c22d9b8373a26443,9be8e551-47f2-45f1-bfd8-4d3f0f45d5da,ee437dbf-267f-4711-bd5a-534c6c50cba0,,exp_st,exp_st,st_predicate_match:algorithm+graph_or_domain
result,692d7e64-92e0-4b00-9485-b7716bcf95e9,692d7e64-92e0-4b00-9485-b7716bcf95e9,stgcn,2076c8ce-29c6-48d8-8335-e20d5bccb10d,fa9c7108-176e-4c68-840d-6acf3a3e59e4,test,COMPLETED,spatiotemporal,spatiotemporal,correlation_train_v1,sha256:1691d10769e12e8c48659d0a20c0fa0d8776aa38ccac0352c22d9b8373a26443,9be8e551-47f2-45f1-bfd8-4d3f0f45d5da,ee437dbf-267f-4711-bd5a-534c6c50cba0,,exp_st,exp_st,st_predicate_match:algorithm+graph_or_domain
result,97a60139-cd9d-4553-96c4-3eb5b09a459f,97a60139-cd9d-4553-96c4-3eb5b09a459f,stgcn,2076c8ce-29c6-48d8-8335-e20d5bccb10d,fa9c7108-176e-4c68-840d-6acf3a3e59e4,test,COMPLETED,spatiotemporal,spatiotemporal,correlation_train_v1,sha256:1691d10769e12e8c48659d0a20c0fa0d8776aa38ccac0352c22d9b8373a26443,9be8e551-47f2-45f1-bfd8-4d3f0f45d5da,ee437dbf-267f-4711-bd5a-534c6c50cba0,,exp_st,exp_st,st_predicate_match:algorithm+graph_or_domain
result,2900993c-e1b5-409a-8012-b985ab40d4c6,2900993c-e1b5-409a-8012-b985ab40d4c6,stgcn,2386b8dd-ea8a-4928-a14b-21fbdb19cafa,fa9c7108-176e-4c68-840d-6acf3a3e59e4,test,COMPLETED,spatiotemporal,spatiotemporal,correlation_train_v1,sha256:1691d10769e12e8c48659d0a20c0fa0d8776aa38ccac0352c22d9b8373a26443,2e8830f6-5776-4072-b4ec-a3e72d2aa840,dd3d1d8d-419d-41d5-9e11-145bddd7fb8c,,exp_st,exp_st,st_predicate_match:algorithm+graph_or_domain
result,6c00f15e-6354-493c-b261-ec3de016ef1d,6c00f15e-6354-493c-b261-ec3de016ef1d,stgcn,2386b8dd-ea8a-4928-a14b-21fbdb19cafa,fa9c7108-176e-4c68-840d-6acf3a3e59e4,test,COMPLETED,spatiotemporal,spatiotemporal,correlation_train_v1,sha256:1691d10769e12e8c48659d0a20c0fa0d8776aa38ccac0352c22d9b8373a26443,2e8830f6-5776-4072-b4ec-a3e72d2aa840,dd3d1d8d-419d-41d5-9e11-145bddd7fb8c,,exp_st,exp_st,st_predicate_match:algorithm+graph_or_domain
result,74774b57-e377-4d3b-8255-6828fb3278a3,74774b57-e377-4d3b-8255-6828fb3278a3,stgcn,2386b8dd-ea8a-4928-a14b-21fbdb19cafa,fa9c7108-176e-4c68-840d-6acf3a3e59e4,test,COMPLETED,spatiotemporal,spatiotemporal,correlation_train_v1,sha256:1691d10769e12e8c48659d0a20c0fa0d8776aa38ccac0352c22d9b8373a26443,2e8830f6-5776-4072-b4ec-a3e72d2aa840,dd3d1d8d-419d-41d5-9e11-145bddd7fb8c,,exp_st,exp_st,st_predicate_match:algorithm+graph_or_domain
result,c459ffb5-3d6c-4189-8bb3-f16bc5c718c3,c459ffb5-3d6c-4189-8bb3-f16bc5c718c3,stgcn,2386b8dd-ea8a-4928-a14b-21fbdb19cafa,fa9c7108-176e-4c68-840d-6acf3a3e59e4,test,COMPLETED,spatiotemporal,spatiotemporal,correlation_train_v1,sha256:1691d10769e12e8c48659d0a20c0fa0d8776aa38ccac0352c22d9b8373a26443,2e8830f6-5776-4072-b4ec-a3e72d2aa840,dd3d1d8d-419d-41d5-9e11-145bddd7fb8c,,exp_st,exp_st,st_predicate_match:algorithm+graph_or_domain
result,9e250e89-a510-400d-ad18-0ddc3e393258,9e250e89-a510-400d-ad18-0ddc3e393258,stgcn,2386b8dd-ea8a-4928-a14b-21fbdb19cafa,fa9c7108-176e-4c68-840d-6acf3a3e59e4,test,COMPLETED,spatiotemporal,spatiotemporal,correlation_train_v1,sha256:1691d10769e12e8c48659d0a20c0fa0d8776aa38ccac0352c22d9b8373a26443,2e8830f6-5776-4072-b4ec-a3e72d2aa840,dd3d1d8d-419d-41d5-9e11-145bddd7fb8c,,exp_st,exp_st,st_predicate_match:algorithm+graph_or_domain
result,5840165e-0cd2-4dbd-9cd0-1ee83e56bcfa,5840165e-0cd2-4dbd-9cd0-1ee83e56bcfa,stgcn,0ea58da5-0939-4e1f-8997-fe8e6e69eb52,fa9c7108-176e-4c68-840d-6acf3a3e59e4,test,COMPLETED,spatiotemporal,spatiotemporal,correlation_train_v1,sha256:1691d10769e12e8c48659d0a20c0fa0d8776aa38ccac0352c22d9b8373a26443,bbeecdc4-ea1d-442e-a30b-909fb7ab36f8,8185d211-6ab7-4d1e-8580-1affb5199a6b,,exp_st,exp_st,st_predicate_match:algorithm+graph_or_domain
result,c2e5940c-548a-49d0-a255-bafbabe71a2f,c2e5940c-548a-49d0-a255-bafbabe71a2f,stgcn,0ea58da5-0939-4e1f-8997-fe8e6e69eb52,fa9c7108-176e-4c68-840d-6acf3a3e59e4,test,COMPLETED,spatiotemporal,spatiotemporal,correlation_train_v1,sha256:1691d10769e12e8c48659d0a20c0fa0d8776aa38ccac0352c22d9b8373a26443,bbeecdc4-ea1d-442e-a30b-909fb7ab36f8,8185d211-6ab7-4d1e-8580-1affb5199a6b,,exp_st,exp_st,st_predicate_match:algorithm+graph_or_domain
result,affba2dd-715e-40bb-b7b5-425d1aba79aa,affba2dd-715e-40bb-b7b5-425d1aba79aa,stgcn,0ea58da5-0939-4e1f-8997-fe8e6e69eb52,fa9c7108-176e-4c68-840d-6acf3a3e59e4,test,COMPLETED,spatiotemporal,spatiotemporal,correlation_train_v1,sha256:1691d10769e12e8c48659d0a20c0fa0d8776aa38ccac0352c22d9b8373a26443,bbeecdc4-ea1d-442e-a30b-909fb7ab36f8,8185d211-6ab7-4d1e-8580-1affb5199a6b,,exp_st,exp_st,st_predicate_match:algorithm+graph_or_domain
result,49271b6c-28ef-42c4-b3fb-fb11c6423e90,49271b6c-28ef-42c4-b3fb-fb11c6423e90,stgcn,0ea58da5-0939-4e1f-8997-fe8e6e69eb52,fa9c7108-176e-4c68-840d-6acf3a3e59e4,test,COMPLETED,spatiotemporal,spatiotemporal,correlation_train_v1,sha256:1691d10769e12e8c48659d0a20c0fa0d8776aa38ccac0352c22d9b8373a26443,bbeecdc4-ea1d-442e-a30b-909fb7ab36f8,8185d211-6ab7-4d1e-8580-1affb5199a6b,,exp_st,exp_st,st_predicate_match:algorithm+graph_or_domain
result,0b18420d-9ea1-444a-9de5-78264b56ce46,0b18420d-9ea1-444a-9de5-78264b56ce46,stgcn,0ea58da5-0939-4e1f-8997-fe8e6e69eb52,fa9c7108-176e-4c68-840d-6acf3a3e59e4,test,COMPLETED,spatiotemporal,spatiotemporal,correlation_train_v1,sha256:1691d10769e12e8c48659d0a20c0fa0d8776aa38ccac0352c22d9b8373a26443,bbeecdc4-ea1d-442e-a30b-909fb7ab36f8,8185d211-6ab7-4d1e-8580-1affb5199a6b,,exp_st,exp_st,st_predicate_match:algorithm+graph_or_domain
result,5b9f54b4-95f2-464f-a377-8cbabb5e5e8c,5b9f54b4-95f2-464f-a377-8cbabb5e5e8c,stgcn,46c046fc-de27-4072-9b2f-0a5b564c3cbc,fa9c7108-176e-4c68-840d-6acf3a3e59e4,test,COMPLETED,spatiotemporal,spatiotemporal,correlation_train_v1,sha256:1691d10769e12e8c48659d0a20c0fa0d8776aa38ccac0352c22d9b8373a26443,9046e23b-dd48-478d-bb09-14c7ff63f6ff,5b2d1748-2330-4cb9-ad32-33b145f05b63,,exp_st,exp_st,st_predicate_match:algorithm+graph_or_domain
result,102ef8ca-6d8d-4957-9b0c-97cb238b792d,102ef8ca-6d8d-4957-9b0c-97cb238b792d,stgcn,46c046fc-de27-4072-9b2f-0a5b564c3cbc,fa9c7108-176e-4c68-840d-6acf3a3e59e4,test,COMPLETED,spatiotemporal,spatiotemporal,correlation_train_v1,sha256:1691d10769e12e8c48659d0a20c0fa0d8776aa38ccac0352c22d9b8373a26443,9046e23b-dd48-478d-bb09-14c7ff63f6ff,5b2d1748-2330-4cb9-ad32-33b145f05b63,,exp_st,exp_st,st_predicate_match:algorithm+graph_or_domain
result,977f870b-58cc-4896-830e-3ffeb8968061,977f870b-58cc-4896-830e-3ffeb8968061,stgcn,46c046fc-de27-4072-9b2f-0a5b564c3cbc,fa9c7108-176e-4c68-840d-6acf3a3e59e4,test,COMPLETED,spatiotemporal,spatiotemporal,correlation_train_v1,sha256:1691d10769e12e8c48659d0a20c0fa0d8776aa38ccac0352c22d9b8373a26443,9046e23b-dd48-478d-bb09-14c7ff63f6ff,5b2d1748-2330-4cb9-ad32-33b145f05b63,,exp_st,exp_st,st_predicate_match:algorithm+graph_or_domain
result,99231b8b-fea6-4135-b6d1-87c46ee2fd4d,99231b8b-fea6-4135-b6d1-87c46ee2fd4d,stgcn,46c046fc-de27-4072-9b2f-0a5b564c3cbc,fa9c7108-176e-4c68-840d-6acf3a3e59e4,test,COMPLETED,spatiotemporal,spatiotemporal,correlation_train_v1,sha256:1691d10769e12e8c48659d0a20c0fa0d8776aa38ccac0352c22d9b8373a26443,9046e23b-dd48-478d-bb09-14c7ff63f6ff,5b2d1748-2330-4cb9-ad32-33b145f05b63,,exp_st,exp_st,st_predicate_match:algorithm+graph_or_domain
result,8c9c1470-0ae3-4496-b396-d00a6ab27219,8c9c1470-0ae3-4496-b396-d00a6ab27219,stgcn,46c046fc-de27-4072-9b2f-0a5b564c3cbc,fa9c7108-176e-4c68-840d-6acf3a3e59e4,test,COMPLETED,spatiotemporal,spatiotemporal,correlation_train_v1,sha256:1691d10769e12e8c48659d0a20c0fa0d8776aa38ccac0352c22d9b8373a26443,9046e23b-dd48-478d-bb09-14c7ff63f6ff,5b2d1748-2330-4cb9-ad32-33b145f05b63,,exp_st,exp_st,st_predicate_match:algorithm+graph_or_domain
result,b5658362-7499-44c7-9d38-34b3682e24cb,b5658362-7499-44c7-9d38-34b3682e24cb,stgcn,af8c5fd9-3c98-4d50-a1f4-a46487dbad3a,fa9c7108-176e-4c68-840d-6acf3a3e59e4,test,COMPLETED,spatiotemporal,spatiotemporal,correlation_train_v1,sha256:1691d10769e12e8c48659d0a20c0fa0d8776aa38ccac0352c22d9b8373a26443,129c08dc-4aca-49cc-abf4-1e43c7bfb8db,5b55c4b5-390e-44af-a062-e7f9cca40eec,,exp_st,exp_st,st_predicate_match:algorithm+graph_or_domain
result,303b7268-5977-46b2-836d-d115ac1514fb,303b7268-5977-46b2-836d-d115ac1514fb,stgcn,af8c5fd9-3c98-4d50-a1f4-a46487dbad3a,fa9c7108-176e-4c68-840d-6acf3a3e59e4,test,COMPLETED,spatiotemporal,spatiotemporal,correlation_train_v1,sha256:1691d10769e12e8c48659d0a20c0fa0d8776aa38ccac0352c22d9b8373a26443,129c08dc-4aca-49cc-abf4-1e43c7bfb8db,5b55c4b5-390e-44af-a062-e7f9cca40eec,,exp_st,exp_st,st_predicate_match:algorithm+graph_or_domain
result,1dd0c808-a7c0-4ae8-b9ba-ea3ce8b62d9b,1dd0c808-a7c0-4ae8-b9ba-ea3ce8b62d9b,stgcn,af8c5fd9-3c98-4d50-a1f4-a46487dbad3a,fa9c7108-176e-4c68-840d-6acf3a3e59e4,test,COMPLETED,spatiotemporal,spatiotemporal,correlation_train_v1,sha256:1691d10769e12e8c48659d0a20c0fa0d8776aa38ccac0352c22d9b8373a26443,129c08dc-4aca-49cc-abf4-1e43c7bfb8db,5b55c4b5-390e-44af-a062-e7f9cca40eec,,exp_st,exp_st,st_predicate_match:algorithm+graph_or_domain
result,bfc7e5a0-5cf2-4ae8-9540-b0a0615640c3,bfc7e5a0-5cf2-4ae8-9540-b0a0615640c3,stgcn,af8c5fd9-3c98-4d50-a1f4-a46487dbad3a,fa9c7108-176e-4c68-840d-6acf3a3e59e4,test,COMPLETED,spatiotemporal,spatiotemporal,correlation_train_v1,sha256:1691d10769e12e8c48659d0a20c0fa0d8776aa38ccac0352c22d9b8373a26443,129c08dc-4aca-49cc-abf4-1e43c7bfb8db,5b55c4b5-390e-44af-a062-e7f9cca40eec,,exp_st,exp_st,st_predicate_match:algorithm+graph_or_domain
result,37e6719d-6119-4fbe-83c1-09df9387fff0,37e6719d-6119-4fbe-83c1-09df9387fff0,stgcn,af8c5fd9-3c98-4d50-a1f4-a46487dbad3a,fa9c7108-176e-4c68-840d-6acf3a3e59e4,test,COMPLETED,spatiotemporal,spatiotemporal,correlation_train_v1,sha256:1691d10769e12e8c48659d0a20c0fa0d8776aa38ccac0352c22d9b8373a26443,129c08dc-4aca-49cc-abf4-1e43c7bfb8db,5b55c4b5-390e-44af-a062-e7f9cca40eec,,exp_st,exp_st,st_predicate_match:algorithm+graph_or_domain
result,554e930e-0615-4798-bfbb-46bf4463b619,554e930e-0615-4798-bfbb-46bf4463b619,grin,27091999-4fcd-4fc7-b6bc-543280f9a5f7,fa9c7108-176e-4c68-840d-6acf3a3e59e4,test,COMPLETED,spatiotemporal,spatiotemporal,correlation_train_v1,sha256:1691d10769e12e8c48659d0a20c0fa0d8776aa38ccac0352c22d9b8373a26443,8e0a433f-dcd1-48c1-99e9-b22db45e5311,0cb68898-cab6-41ff-878e-3e8479494e52,,exp_st,exp_st,st_predicate_match:algorithm+graph_or_domain
result,e82d73eb-c23a-4bb3-aa23-d5f6aa5f96a2,e82d73eb-c23a-4bb3-aa23-d5f6aa5f96a2,grin,27091999-4fcd-4fc7-b6bc-543280f9a5f7,fa9c7108-176e-4c68-840d-6acf3a3e59e4,test,COMPLETED,spatiotemporal,spatiotemporal,correlation_train_v1,sha256:1691d10769e12e8c48659d0a20c0fa0d8776aa38ccac0352c22d9b8373a26443,8e0a433f-dcd1-48c1-99e9-b22db45e5311,0cb68898-cab6-41ff-878e-3e8479494e52,,exp_st,exp_st,st_predicate_match:algorithm+graph_or_domain
result,b2e27077-d950-4675-a94d-3cf37fa0bbc2,b2e27077-d950-4675-a94d-3cf37fa0bbc2,grin,27091999-4fcd-4fc7-b6bc-543280f9a5f7,fa9c7108-176e-4c68-840d-6acf3a3e59e4,test,COMPLETED,spatiotemporal,spatiotemporal,correlation_train_v1,sha256:1691d10769e12e8c48659d0a20c0fa0d8776aa38ccac0352c22d9b8373a26443,8e0a433f-dcd1-48c1-99e9-b22db45e5311,0cb68898-cab6-41ff-878e-3e8479494e52,,exp_st,exp_st,st_predicate_match:algorithm+graph_or_domain
result,1e363d2a-47a5-458a-b4b4-1cedae943416,1e363d2a-47a5-458a-b4b4-1cedae943416,grin,27091999-4fcd-4fc7-b6bc-543280f9a5f7,fa9c7108-176e-4c68-840d-6acf3a3e59e4,test,COMPLETED,spatiotemporal,spatiotemporal,correlation_train_v1,sha256:1691d10769e12e8c48659d0a20c0fa0d8776aa38ccac0352c22d9b8373a26443,8e0a433f-dcd1-48c1-99e9-b22db45e5311,0cb68898-cab6-41ff-878e-3e8479494e52,,exp_st,exp_st,st_predicate_match:algorithm+graph_or_domain
result,29ed2f0e-2b38-4dc4-87f1-f6e1f7521026,29ed2f0e-2b38-4dc4-87f1-f6e1f7521026,grin,27091999-4fcd-4fc7-b6bc-543280f9a5f7,fa9c7108-176e-4c68-840d-6acf3a3e59e4,test,COMPLETED,spatiotemporal,spatiotemporal,correlation_train_v1,sha256:1691d10769e12e8c48659d0a20c0fa0d8776aa38ccac0352c22d9b8373a26443,8e0a433f-dcd1-48c1-99e9-b22db45e5311,0cb68898-cab6-41ff-878e-3e8479494e52,,exp_st,exp_st,st_predicate_match:algorithm+graph_or_domain
result,3f748947-2ad4-47ff-8d63-d06109328d9b,3f748947-2ad4-47ff-8d63-d06109328d9b,grin,4cb1a566-1c75-44c4-924d-5ceac4707a55,fa9c7108-176e-4c68-840d-6acf3a3e59e4,test,COMPLETED,spatiotemporal,spatiotemporal,correlation_train_v1,sha256:1691d10769e12e8c48659d0a20c0fa0d8776aa38ccac0352c22d9b8373a26443,9be8e551-47f2-45f1-bfd8-4d3f0f45d5da,ee437dbf-267f-4711-bd5a-534c6c50cba0,,exp_st,exp_st,st_predicate_match:algorithm+graph_or_domain
result,152dce53-d6ef-417b-ada6-f40982620b08,152dce53-d6ef-417b-ada6-f40982620b08,grin,4cb1a566-1c75-44c4-924d-5ceac4707a55,fa9c7108-176e-4c68-840d-6acf3a3e59e4,test,COMPLETED,spatiotemporal,spatiotemporal,correlation_train_v1,sha256:1691d10769e12e8c48659d0a20c0fa0d8776aa38ccac0352c22d9b8373a26443,9be8e551-47f2-45f1-bfd8-4d3f0f45d5da,ee437dbf-267f-4711-bd5a-534c6c50cba0,,exp_st,exp_st,st_predicate_match:algorithm+graph_or_domain
result,fbebea00-bdd6-445b-af5f-172b08a9b6eb,fbebea00-bdd6-445b-af5f-172b08a9b6eb,grin,4cb1a566-1c75-44c4-924d-5ceac4707a55,fa9c7108-176e-4c68-840d-6acf3a3e59e4,test,COMPLETED,spatiotemporal,spatiotemporal,correlation_train_v1,sha256:1691d10769e12e8c48659d0a20c0fa0d8776aa38ccac0352c22d9b8373a26443,9be8e551-47f2-45f1-bfd8-4d3f0f45d5da,ee437dbf-267f-4711-bd5a-534c6c50cba0,,exp_st,exp_st,st_predicate_match:algorithm+graph_or_domain
result,37098bd5-75ca-4af2-87e2-111b3a728b97,37098bd5-75ca-4af2-87e2-111b3a728b97,grin,4cb1a566-1c75-44c4-924d-5ceac4707a55,fa9c7108-176e-4c68-840d-6acf3a3e59e4,test,COMPLETED,spatiotemporal,spatiotemporal,correlation_train_v1,sha256:1691d10769e12e8c48659d0a20c0fa0d8776aa38ccac0352c22d9b8373a26443,9be8e551-47f2-45f1-bfd8-4d3f0f45d5da,ee437dbf-267f-4711-bd5a-534c6c50cba0,,exp_st,exp_st,st_predicate_match:algorithm+graph_or_domain
result,3ac8683d-e895-4d13-8b01-16224cb555e8,3ac8683d-e895-4d13-8b01-16224cb555e8,grin,4cb1a566-1c75-44c4-924d-5ceac4707a55,fa9c7108-176e-4c68-840d-6acf3a3e59e4,test,COMPLETED,spatiotemporal,spatiotemporal,correlation_train_v1,sha256:1691d10769e12e8c48659d0a20c0fa0d8776aa38ccac0352c22d9b8373a26443,9be8e551-47f2-45f1-bfd8-4d3f0f45d5da,ee437dbf-267f-4711-bd5a-534c6c50cba0,,exp_st,exp_st,st_predicate_match:algorithm+graph_or_domain
result,27be93e1-820c-4941-ac6f-d9740d54a7a4,27be93e1-820c-4941-ac6f-d9740d54a7a4,grin,7c456c3e-0223-4cb5-aaa4-35bc20a821e2,fa9c7108-176e-4c68-840d-6acf3a3e59e4,test,COMPLETED,spatiotemporal,spatiotemporal,correlation_train_v1,sha256:1691d10769e12e8c48659d0a20c0fa0d8776aa38ccac0352c22d9b8373a26443,2e8830f6-5776-4072-b4ec-a3e72d2aa840,dd3d1d8d-419d-41d5-9e11-145bddd7fb8c,,exp_st,exp_st,st_predicate_match:algorithm+graph_or_domain
result,60e57a0a-8ee9-4052-9c60-dbed2c7551b6,60e57a0a-8ee9-4052-9c60-dbed2c7551b6,grin,7c456c3e-0223-4cb5-aaa4-35bc20a821e2,fa9c7108-176e-4c68-840d-6acf3a3e59e4,test,COMPLETED,spatiotemporal,spatiotemporal,correlation_train_v1,sha256:1691d10769e12e8c48659d0a20c0fa0d8776aa38ccac0352c22d9b8373a26443,2e8830f6-5776-4072-b4ec-a3e72d2aa840,dd3d1d8d-419d-41d5-9e11-145bddd7fb8c,,exp_st,exp_st,st_predicate_match:algorithm+graph_or_domain
result,c2d65a02-0532-4125-ac10-a4eeac0c79bd,c2d65a02-0532-4125-ac10-a4eeac0c79bd,grin,7c456c3e-0223-4cb5-aaa4-35bc20a821e2,fa9c7108-176e-4c68-840d-6acf3a3e59e4,test,COMPLETED,spatiotemporal,spatiotemporal,correlation_train_v1,sha256:1691d10769e12e8c48659d0a20c0fa0d8776aa38ccac0352c22d9b8373a26443,2e8830f6-5776-4072-b4ec-a3e72d2aa840,dd3d1d8d-419d-41d5-9e11-145bddd7fb8c,,exp_st,exp_st,st_predicate_match:algorithm+graph_or_domain
result,5dc1dc98-e14c-4001-8270-a783b3a5f583,5dc1dc98-e14c-4001-8270-a783b3a5f583,grin,7c456c3e-0223-4cb5-aaa4-35bc20a821e2,fa9c7108-176e-4c68-840d-6acf3a3e59e4,test,COMPLETED,spatiotemporal,spatiotemporal,correlation_train_v1,sha256:1691d10769e12e8c48659d0a20c0fa0d8776aa38ccac0352c22d9b8373a26443,2e8830f6-5776-4072-b4ec-a3e72d2aa840,dd3d1d8d-419d-41d5-9e11-145bddd7fb8c,,exp_st,exp_st,st_predicate_match:algorithm+graph_or_domain
result,df7d4512-339e-4d88-90f5-1af6a4cbf778,df7d4512-339e-4d88-90f5-1af6a4cbf778,grin,7c456c3e-0223-4cb5-aaa4-35bc20a821e2,fa9c7108-176e-4c68-840d-6acf3a3e59e4,test,COMPLETED,spatiotemporal,spatiotemporal,correlation_train_v1,sha256:1691d10769e12e8c48659d0a20c0fa0d8776aa38ccac0352c22d9b8373a26443,2e8830f6-5776-4072-b4ec-a3e72d2aa840,dd3d1d8d-419d-41d5-9e11-145bddd7fb8c,,exp_st,exp_st,st_predicate_match:algorithm+graph_or_domain
result,ae809942-6850-43da-aa48-e3d952261ae8,ae809942-6850-43da-aa48-e3d952261ae8,grin,86c534b8-c20a-41fb-80ff-48727b7ee048,fa9c7108-176e-4c68-840d-6acf3a3e59e4,test,COMPLETED,spatiotemporal,spatiotemporal,correlation_train_v1,sha256:1691d10769e12e8c48659d0a20c0fa0d8776aa38ccac0352c22d9b8373a26443,bbeecdc4-ea1d-442e-a30b-909fb7ab36f8,8185d211-6ab7-4d1e-8580-1affb5199a6b,,exp_st,exp_st,st_predicate_match:algorithm+graph_or_domain
result,e264d09f-67b9-4743-9a69-c5dc970359ca,e264d09f-67b9-4743-9a69-c5dc970359ca,grin,86c534b8-c20a-41fb-80ff-48727b7ee048,fa9c7108-176e-4c68-840d-6acf3a3e59e4,test,COMPLETED,spatiotemporal,spatiotemporal,correlation_train_v1,sha256:1691d10769e12e8c48659d0a20c0fa0d8776aa38ccac0352c22d9b8373a26443,bbeecdc4-ea1d-442e-a30b-909fb7ab36f8,8185d211-6ab7-4d1e-8580-1affb5199a6b,,exp_st,exp_st,st_predicate_match:algorithm+graph_or_domain
result,785357df-c2d9-49d8-aedb-0661dda4cf6d,785357df-c2d9-49d8-aedb-0661dda4cf6d,grin,86c534b8-c20a-41fb-80ff-48727b7ee048,fa9c7108-176e-4c68-840d-6acf3a3e59e4,test,COMPLETED,spatiotemporal,spatiotemporal,correlation_train_v1,sha256:1691d10769e12e8c48659d0a20c0fa0d8776aa38ccac0352c22d9b8373a26443,bbeecdc4-ea1d-442e-a30b-909fb7ab36f8,8185d211-6ab7-4d1e-8580-1affb5199a6b,,exp_st,exp_st,st_predicate_match:algorithm+graph_or_domain
result,97766e06-1a7c-4fb1-8ad8-8ec3a81cf7f5,97766e06-1a7c-4fb1-8ad8-8ec3a81cf7f5,grin,86c534b8-c20a-41fb-80ff-48727b7ee048,fa9c7108-176e-4c68-840d-6acf3a3e59e4,test,COMPLETED,spatiotemporal,spatiotemporal,correlation_train_v1,sha256:1691d10769e12e8c48659d0a20c0fa0d8776aa38ccac0352c22d9b8373a26443,bbeecdc4-ea1d-442e-a30b-909fb7ab36f8,8185d211-6ab7-4d1e-8580-1affb5199a6b,,exp_st,exp_st,st_predicate_match:algorithm+graph_or_domain
result,5a8a67ba-df44-4e89-8009-795873dd4339,5a8a67ba-df44-4e89-8009-795873dd4339,grin,86c534b8-c20a-41fb-80ff-48727b7ee048,fa9c7108-176e-4c68-840d-6acf3a3e59e4,test,COMPLETED,spatiotemporal,spatiotemporal,correlation_train_v1,sha256:1691d10769e12e8c48659d0a20c0fa0d8776aa38ccac0352c22d9b8373a26443,bbeecdc4-ea1d-442e-a30b-909fb7ab36f8,8185d211-6ab7-4d1e-8580-1affb5199a6b,,exp_st,exp_st,st_predicate_match:algorithm+graph_or_domain
result,32c5873c-5c00-4100-8e95-c934019d2449,32c5873c-5c00-4100-8e95-c934019d2449,grin,9534b5f7-e3be-40c3-b7e5-861add1c3aa3,fa9c7108-176e-4c68-840d-6acf3a3e59e4,test,COMPLETED,spatiotemporal,spatiotemporal,correlation_train_v1,sha256:1691d10769e12e8c48659d0a20c0fa0d8776aa38ccac0352c22d9b8373a26443,9046e23b-dd48-478d-bb09-14c7ff63f6ff,5b2d1748-2330-4cb9-ad32-33b145f05b63,,exp_st,exp_st,st_predicate_match:algorithm+graph_or_domain
result,13bff23f-2413-4a64-8d30-5a7ae8146901,13bff23f-2413-4a64-8d30-5a7ae8146901,grin,9534b5f7-e3be-40c3-b7e5-861add1c3aa3,fa9c7108-176e-4c68-840d-6acf3a3e59e4,test,COMPLETED,spatiotemporal,spatiotemporal,correlation_train_v1,sha256:1691d10769e12e8c48659d0a20c0fa0d8776aa38ccac0352c22d9b8373a26443,9046e23b-dd48-478d-bb09-14c7ff63f6ff,5b2d1748-2330-4cb9-ad32-33b145f05b63,,exp_st,exp_st,st_predicate_match:algorithm+graph_or_domain
result,e261d347-4fd4-4715-9469-a790b29e59bc,e261d347-4fd4-4715-9469-a790b29e59bc,grin,9534b5f7-e3be-40c3-b7e5-861add1c3aa3,fa9c7108-176e-4c68-840d-6acf3a3e59e4,test,COMPLETED,spatiotemporal,spatiotemporal,correlation_train_v1,sha256:1691d10769e12e8c48659d0a20c0fa0d8776aa38ccac0352c22d9b8373a26443,9046e23b-dd48-478d-bb09-14c7ff63f6ff,5b2d1748-2330-4cb9-ad32-33b145f05b63,,exp_st,exp_st,st_predicate_match:algorithm+graph_or_domain
result,56b2c90a-7318-4bc2-8bc8-96de18977972,56b2c90a-7318-4bc2-8bc8-96de18977972,grin,9534b5f7-e3be-40c3-b7e5-861add1c3aa3,fa9c7108-176e-4c68-840d-6acf3a3e59e4,test,COMPLETED,spatiotemporal,spatiotemporal,correlation_train_v1,sha256:1691d10769e12e8c48659d0a20c0fa0d8776aa38ccac0352c22d9b8373a26443,9046e23b-dd48-478d-bb09-14c7ff63f6ff,5b2d1748-2330-4cb9-ad32-33b145f05b63,,exp_st,exp_st,st_predicate_match:algorithm+graph_or_domain
result,b80ed026-32f3-4e2c-820c-9d747b2ead2d,b80ed026-32f3-4e2c-820c-9d747b2ead2d,grin,9534b5f7-e3be-40c3-b7e5-861add1c3aa3,fa9c7108-176e-4c68-840d-6acf3a3e59e4,test,COMPLETED,spatiotemporal,spatiotemporal,correlation_train_v1,sha256:1691d10769e12e8c48659d0a20c0fa0d8776aa38ccac0352c22d9b8373a26443,9046e23b-dd48-478d-bb09-14c7ff63f6ff,5b2d1748-2330-4cb9-ad32-33b145f05b63,,exp_st,exp_st,st_predicate_match:algorithm+graph_or_domain
result,173f7e73-5cd7-43f3-9202-ceed81000a06,173f7e73-5cd7-43f3-9202-ceed81000a06,grin,e35c8377-50a4-4af1-8307-21ff0e1260fe,fa9c7108-176e-4c68-840d-6acf3a3e59e4,test,COMPLETED,spatiotemporal,spatiotemporal,correlation_train_v1,sha256:1691d10769e12e8c48659d0a20c0fa0d8776aa38ccac0352c22d9b8373a26443,129c08dc-4aca-49cc-abf4-1e43c7bfb8db,5b55c4b5-390e-44af-a062-e7f9cca40eec,,exp_st,exp_st,st_predicate_match:algorithm+graph_or_domain
result,258206af-84d9-49c8-9c11-faf60c680407,258206af-84d9-49c8-9c11-faf60c680407,grin,e35c8377-50a4-4af1-8307-21ff0e1260fe,fa9c7108-176e-4c68-840d-6acf3a3e59e4,test,COMPLETED,spatiotemporal,spatiotemporal,correlation_train_v1,sha256:1691d10769e12e8c48659d0a20c0fa0d8776aa38ccac0352c22d9b8373a26443,129c08dc-4aca-49cc-abf4-1e43c7bfb8db,5b55c4b5-390e-44af-a062-e7f9cca40eec,,exp_st,exp_st,st_predicate_match:algorithm+graph_or_domain
result,64989f24-4ad7-4a0a-adaf-ccc4f856870c,64989f24-4ad7-4a0a-adaf-ccc4f856870c,grin,e35c8377-50a4-4af1-8307-21ff0e1260fe,fa9c7108-176e-4c68-840d-6acf3a3e59e4,test,COMPLETED,spatiotemporal,spatiotemporal,correlation_train_v1,sha256:1691d10769e12e8c48659d0a20c0fa0d8776aa38ccac0352c22d9b8373a26443,129c08dc-4aca-49cc-abf4-1e43c7bfb8db,5b55c4b5-390e-44af-a062-e7f9cca40eec,,exp_st,exp_st,st_predicate_match:algorithm+graph_or_domain
result,42895d9e-4bd5-438c-b480-895a30779ce9,42895d9e-4bd5-438c-b480-895a30779ce9,grin,e35c8377-50a4-4af1-8307-21ff0e1260fe,fa9c7108-176e-4c68-840d-6acf3a3e59e4,test,COMPLETED,spatiotemporal,spatiotemporal,correlation_train_v1,sha256:1691d10769e12e8c48659d0a20c0fa0d8776aa38ccac0352c22d9b8373a26443,129c08dc-4aca-49cc-abf4-1e43c7bfb8db,5b55c4b5-390e-44af-a062-e7f9cca40eec,,exp_st,exp_st,st_predicate_match:algorithm+graph_or_domain
result,f636d7a6-d3cd-400a-a905-b0b841872b8b,f636d7a6-d3cd-400a-a905-b0b841872b8b,grin,e35c8377-50a4-4af1-8307-21ff0e1260fe,fa9c7108-176e-4c68-840d-6acf3a3e59e4,test,COMPLETED,spatiotemporal,spatiotemporal,correlation_train_v1,sha256:1691d10769e12e8c48659d0a20c0fa0d8776aa38ccac0352c22d9b8373a26443,129c08dc-4aca-49cc-abf4-1e43c7bfb8db,5b55c4b5-390e-44af-a062-e7f9cca40eec,,exp_st,exp_st,st_predicate_match:algorithm+graph_or_domain
result,d52b7532-e6e2-4b6e-824b-faca301b320e,d52b7532-e6e2-4b6e-824b-faca301b320e,ignnk,1bbeb965-db9c-497f-a33d-19b5dd04e086,fa9c7108-176e-4c68-840d-6acf3a3e59e4,test,COMPLETED,spatiotemporal,spatiotemporal,correlation_train_v1,sha256:1691d10769e12e8c48659d0a20c0fa0d8776aa38ccac0352c22d9b8373a26443,8e0a433f-dcd1-48c1-99e9-b22db45e5311,0cb68898-cab6-41ff-878e-3e8479494e52,,exp_st,exp_st,st_predicate_match:algorithm+graph_or_domain
result,f971b1dc-b22d-4015-a350-a51084318f64,f971b1dc-b22d-4015-a350-a51084318f64,ignnk,1bbeb965-db9c-497f-a33d-19b5dd04e086,fa9c7108-176e-4c68-840d-6acf3a3e59e4,test,COMPLETED,spatiotemporal,spatiotemporal,correlation_train_v1,sha256:1691d10769e12e8c48659d0a20c0fa0d8776aa38ccac0352c22d9b8373a26443,8e0a433f-dcd1-48c1-99e9-b22db45e5311,0cb68898-cab6-41ff-878e-3e8479494e52,,exp_st,exp_st,st_predicate_match:algorithm+graph_or_domain
result,7dfdd0fa-2b4e-46ce-8411-7d9ae0c1c8f6,7dfdd0fa-2b4e-46ce-8411-7d9ae0c1c8f6,ignnk,1bbeb965-db9c-497f-a33d-19b5dd04e086,fa9c7108-176e-4c68-840d-6acf3a3e59e4,test,COMPLETED,spatiotemporal,spatiotemporal,correlation_train_v1,sha256:1691d10769e12e8c48659d0a20c0fa0d8776aa38ccac0352c22d9b8373a26443,8e0a433f-dcd1-48c1-99e9-b22db45e5311,0cb68898-cab6-41ff-878e-3e8479494e52,,exp_st,exp_st,st_predicate_match:algorithm+graph_or_domain
result,4ebf3e0b-3748-4025-aa4c-71b7e060d52c,4ebf3e0b-3748-4025-aa4c-71b7e060d52c,ignnk,1bbeb965-db9c-497f-a33d-19b5dd04e086,fa9c7108-176e-4c68-840d-6acf3a3e59e4,test,COMPLETED,spatiotemporal,spatiotemporal,correlation_train_v1,sha256:1691d10769e12e8c48659d0a20c0fa0d8776aa38ccac0352c22d9b8373a26443,8e0a433f-dcd1-48c1-99e9-b22db45e5311,0cb68898-cab6-41ff-878e-3e8479494e52,,exp_st,exp_st,st_predicate_match:algorithm+graph_or_domain
result,3a7b93e1-a25a-4dcf-b58b-20ddca734c26,3a7b93e1-a25a-4dcf-b58b-20ddca734c26,ignnk,1bbeb965-db9c-497f-a33d-19b5dd04e086,fa9c7108-176e-4c68-840d-6acf3a3e59e4,test,COMPLETED,spatiotemporal,spatiotemporal,correlation_train_v1,sha256:1691d10769e12e8c48659d0a20c0fa0d8776aa38ccac0352c22d9b8373a26443,8e0a433f-dcd1-48c1-99e9-b22db45e5311,0cb68898-cab6-41ff-878e-3e8479494e52,,exp_st,exp_st,st_predicate_match:algorithm+graph_or_domain
result,c11e5a35-1ce7-454a-bb1b-a11c37c7745a,c11e5a35-1ce7-454a-bb1b-a11c37c7745a,ignnk,ec287e1c-8389-4c7c-a281-c2f1cbaedff5,fa9c7108-176e-4c68-840d-6acf3a3e59e4,test,COMPLETED,spatiotemporal,spatiotemporal,correlation_train_v1,sha256:1691d10769e12e8c48659d0a20c0fa0d8776aa38ccac0352c22d9b8373a26443,9be8e551-47f2-45f1-bfd8-4d3f0f45d5da,ee437dbf-267f-4711-bd5a-534c6c50cba0,,exp_st,exp_st,st_predicate_match:algorithm+graph_or_domain
result,9961165a-90f4-4c63-a453-e313788c7f75,9961165a-90f4-4c63-a453-e313788c7f75,ignnk,ec287e1c-8389-4c7c-a281-c2f1cbaedff5,fa9c7108-176e-4c68-840d-6acf3a3e59e4,test,COMPLETED,spatiotemporal,spatiotemporal,correlation_train_v1,sha256:1691d10769e12e8c48659d0a20c0fa0d8776aa38ccac0352c22d9b8373a26443,9be8e551-47f2-45f1-bfd8-4d3f0f45d5da,ee437dbf-267f-4711-bd5a-534c6c50cba0,,exp_st,exp_st,st_predicate_match:algorithm+graph_or_domain
result,49bee4c9-9f7f-4a56-9918-f1654e0056b0,49bee4c9-9f7f-4a56-9918-f1654e0056b0,ignnk,ec287e1c-8389-4c7c-a281-c2f1cbaedff5,fa9c7108-176e-4c68-840d-6acf3a3e59e4,test,COMPLETED,spatiotemporal,spatiotemporal,correlation_train_v1,sha256:1691d10769e12e8c48659d0a20c0fa0d8776aa38ccac0352c22d9b8373a26443,9be8e551-47f2-45f1-bfd8-4d3f0f45d5da,ee437dbf-267f-4711-bd5a-534c6c50cba0,,exp_st,exp_st,st_predicate_match:algorithm+graph_or_domain
result,15226c51-cb70-4b37-b00a-9e0d27de32bf,15226c51-cb70-4b37-b00a-9e0d27de32bf,ignnk,ec287e1c-8389-4c7c-a281-c2f1cbaedff5,fa9c7108-176e-4c68-840d-6acf3a3e59e4,test,COMPLETED,spatiotemporal,spatiotemporal,correlation_train_v1,sha256:1691d10769e12e8c48659d0a20c0fa0d8776aa38ccac0352c22d9b8373a26443,9be8e551-47f2-45f1-bfd8-4d3f0f45d5da,ee437dbf-267f-4711-bd5a-534c6c50cba0,,exp_st,exp_st,st_predicate_match:algorithm+graph_or_domain
result,46899d5f-a826-430d-a2cf-5c8718039bda,46899d5f-a826-430d-a2cf-5c8718039bda,ignnk,ec287e1c-8389-4c7c-a281-c2f1cbaedff5,fa9c7108-176e-4c68-840d-6acf3a3e59e4,test,COMPLETED,spatiotemporal,spatiotemporal,correlation_train_v1,sha256:1691d10769e12e8c48659d0a20c0fa0d8776aa38ccac0352c22d9b8373a26443,9be8e551-47f2-45f1-bfd8-4d3f0f45d5da,ee437dbf-267f-4711-bd5a-534c6c50cba0,,exp_st,exp_st,st_predicate_match:algorithm+graph_or_domain
result,17a6f8b5-1309-4950-9f02-a0dfac4e3128,17a6f8b5-1309-4950-9f02-a0dfac4e3128,ignnk,bfe146c8-400f-4aa2-9ea9-5345d26d7ee7,fa9c7108-176e-4c68-840d-6acf3a3e59e4,test,COMPLETED,spatiotemporal,spatiotemporal,correlation_train_v1,sha256:1691d10769e12e8c48659d0a20c0fa0d8776aa38ccac0352c22d9b8373a26443,2e8830f6-5776-4072-b4ec-a3e72d2aa840,dd3d1d8d-419d-41d5-9e11-145bddd7fb8c,,exp_st,exp_st,st_predicate_match:algorithm+graph_or_domain
result,678c736d-98e9-4990-9b64-46e4046493c6,678c736d-98e9-4990-9b64-46e4046493c6,ignnk,bfe146c8-400f-4aa2-9ea9-5345d26d7ee7,fa9c7108-176e-4c68-840d-6acf3a3e59e4,test,COMPLETED,spatiotemporal,spatiotemporal,correlation_train_v1,sha256:1691d10769e12e8c48659d0a20c0fa0d8776aa38ccac0352c22d9b8373a26443,2e8830f6-5776-4072-b4ec-a3e72d2aa840,dd3d1d8d-419d-41d5-9e11-145bddd7fb8c,,exp_st,exp_st,st_predicate_match:algorithm+graph_or_domain
result,92015774-6d3a-4ccf-839d-3da2e14b173d,92015774-6d3a-4ccf-839d-3da2e14b173d,ignnk,bfe146c8-400f-4aa2-9ea9-5345d26d7ee7,fa9c7108-176e-4c68-840d-6acf3a3e59e4,test,COMPLETED,spatiotemporal,spatiotemporal,correlation_train_v1,sha256:1691d10769e12e8c48659d0a20c0fa0d8776aa38ccac0352c22d9b8373a26443,2e8830f6-5776-4072-b4ec-a3e72d2aa840,dd3d1d8d-419d-41d5-9e11-145bddd7fb8c,,exp_st,exp_st,st_predicate_match:algorithm+graph_or_domain
result,e07447df-624c-41e8-a701-6d0b6eba110e,e07447df-624c-41e8-a701-6d0b6eba110e,ignnk,bfe146c8-400f-4aa2-9ea9-5345d26d7ee7,fa9c7108-176e-4c68-840d-6acf3a3e59e4,test,COMPLETED,spatiotemporal,spatiotemporal,correlation_train_v1,sha256:1691d10769e12e8c48659d0a20c0fa0d8776aa38ccac0352c22d9b8373a26443,2e8830f6-5776-4072-b4ec-a3e72d2aa840,dd3d1d8d-419d-41d5-9e11-145bddd7fb8c,,exp_st,exp_st,st_predicate_match:algorithm+graph_or_domain
result,b09c59e7-3667-4e19-95cc-983beb8037e5,b09c59e7-3667-4e19-95cc-983beb8037e5,ignnk,bfe146c8-400f-4aa2-9ea9-5345d26d7ee7,fa9c7108-176e-4c68-840d-6acf3a3e59e4,test,COMPLETED,spatiotemporal,spatiotemporal,correlation_train_v1,sha256:1691d10769e12e8c48659d0a20c0fa0d8776aa38ccac0352c22d9b8373a26443,2e8830f6-5776-4072-b4ec-a3e72d2aa840,dd3d1d8d-419d-41d5-9e11-145bddd7fb8c,,exp_st,exp_st,st_predicate_match:algorithm+graph_or_domain
result,2fd01429-5da0-412a-b26b-813a0471a521,2fd01429-5da0-412a-b26b-813a0471a521,ignnk,f809bd08-f77d-4e03-a3cc-b6b0992c4da4,fa9c7108-176e-4c68-840d-6acf3a3e59e4,test,COMPLETED,spatiotemporal,spatiotemporal,correlation_train_v1,sha256:1691d10769e12e8c48659d0a20c0fa0d8776aa38ccac0352c22d9b8373a26443,bbeecdc4-ea1d-442e-a30b-909fb7ab36f8,8185d211-6ab7-4d1e-8580-1affb5199a6b,,exp_st,exp_st,st_predicate_match:algorithm+graph_or_domain
result,cc268b94-a646-4806-aa54-16b3cf0ca35f,cc268b94-a646-4806-aa54-16b3cf0ca35f,ignnk,f809bd08-f77d-4e03-a3cc-b6b0992c4da4,fa9c7108-176e-4c68-840d-6acf3a3e59e4,test,COMPLETED,spatiotemporal,spatiotemporal,correlation_train_v1,sha256:1691d10769e12e8c48659d0a20c0fa0d8776aa38ccac0352c22d9b8373a26443,bbeecdc4-ea1d-442e-a30b-909fb7ab36f8,8185d211-6ab7-4d1e-8580-1affb5199a6b,,exp_st,exp_st,st_predicate_match:algorithm+graph_or_domain
result,716a8b95-9b29-4b4b-b575-7fd0a96dd555,716a8b95-9b29-4b4b-b575-7fd0a96dd555,ignnk,f809bd08-f77d-4e03-a3cc-b6b0992c4da4,fa9c7108-176e-4c68-840d-6acf3a3e59e4,test,COMPLETED,spatiotemporal,spatiotemporal,correlation_train_v1,sha256:1691d10769e12e8c48659d0a20c0fa0d8776aa38ccac0352c22d9b8373a26443,bbeecdc4-ea1d-442e-a30b-909fb7ab36f8,8185d211-6ab7-4d1e-8580-1affb5199a6b,,exp_st,exp_st,st_predicate_match:algorithm+graph_or_domain
result,4b59e168-4c69-499d-81cb-bf49cc302997,4b59e168-4c69-499d-81cb-bf49cc302997,ignnk,f809bd08-f77d-4e03-a3cc-b6b0992c4da4,fa9c7108-176e-4c68-840d-6acf3a3e59e4,test,COMPLETED,spatiotemporal,spatiotemporal,correlation_train_v1,sha256:1691d10769e12e8c48659d0a20c0fa0d8776aa38ccac0352c22d9b8373a26443,bbeecdc4-ea1d-442e-a30b-909fb7ab36f8,8185d211-6ab7-4d1e-8580-1affb5199a6b,,exp_st,exp_st,st_predicate_match:algorithm+graph_or_domain
result,28116d72-bd33-41b5-9e4f-94bf381c2c14,28116d72-bd33-41b5-9e4f-94bf381c2c14,ignnk,f809bd08-f77d-4e03-a3cc-b6b0992c4da4,fa9c7108-176e-4c68-840d-6acf3a3e59e4,test,COMPLETED,spatiotemporal,spatiotemporal,correlation_train_v1,sha256:1691d10769e12e8c48659d0a20c0fa0d8776aa38ccac0352c22d9b8373a26443,bbeecdc4-ea1d-442e-a30b-909fb7ab36f8,8185d211-6ab7-4d1e-8580-1affb5199a6b,,exp_st,exp_st,st_predicate_match:algorithm+graph_or_domain
result,56e6168c-2808-401d-a1f1-f091ac5efa79,56e6168c-2808-401d-a1f1-f091ac5efa79,ignnk,ef2c67df-fe39-4acc-b14f-cf8dbc747eb2,fa9c7108-176e-4c68-840d-6acf3a3e59e4,test,COMPLETED,spatiotemporal,spatiotemporal,correlation_train_v1,sha256:1691d10769e12e8c48659d0a20c0fa0d8776aa38ccac0352c22d9b8373a26443,9046e23b-dd48-478d-bb09-14c7ff63f6ff,5b2d1748-2330-4cb9-ad32-33b145f05b63,,exp_st,exp_st,st_predicate_match:algorithm+graph_or_domain
result,94e42610-0a58-4000-b99b-bcd4e3676e7f,94e42610-0a58-4000-b99b-bcd4e3676e7f,ignnk,ef2c67df-fe39-4acc-b14f-cf8dbc747eb2,fa9c7108-176e-4c68-840d-6acf3a3e59e4,test,COMPLETED,spatiotemporal,spatiotemporal,correlation_train_v1,sha256:1691d10769e12e8c48659d0a20c0fa0d8776aa38ccac0352c22d9b8373a26443,9046e23b-dd48-478d-bb09-14c7ff63f6ff,5b2d1748-2330-4cb9-ad32-33b145f05b63,,exp_st,exp_st,st_predicate_match:algorithm+graph_or_domain
result,134979a6-79b2-4aeb-94bf-dc444df0fe67,134979a6-79b2-4aeb-94bf-dc444df0fe67,ignnk,ef2c67df-fe39-4acc-b14f-cf8dbc747eb2,fa9c7108-176e-4c68-840d-6acf3a3e59e4,test,COMPLETED,spatiotemporal,spatiotemporal,correlation_train_v1,sha256:1691d10769e12e8c48659d0a20c0fa0d8776aa38ccac0352c22d9b8373a26443,9046e23b-dd48-478d-bb09-14c7ff63f6ff,5b2d1748-2330-4cb9-ad32-33b145f05b63,,exp_st,exp_st,st_predicate_match:algorithm+graph_or_domain
result,9bcf2c1b-9d28-46e8-a560-71b277b1bba2,9bcf2c1b-9d28-46e8-a560-71b277b1bba2,ignnk,ef2c67df-fe39-4acc-b14f-cf8dbc747eb2,fa9c7108-176e-4c68-840d-6acf3a3e59e4,test,COMPLETED,spatiotemporal,spatiotemporal,correlation_train_v1,sha256:1691d10769e12e8c48659d0a20c0fa0d8776aa38ccac0352c22d9b8373a26443,9046e23b-dd48-478d-bb09-14c7ff63f6ff,5b2d1748-2330-4cb9-ad32-33b145f05b63,,exp_st,exp_st,st_predicate_match:algorithm+graph_or_domain
result,3b4be353-b5e9-40d3-bba5-c113ed2c398a,3b4be353-b5e9-40d3-bba5-c113ed2c398a,ignnk,ef2c67df-fe39-4acc-b14f-cf8dbc747eb2,fa9c7108-176e-4c68-840d-6acf3a3e59e4,test,COMPLETED,spatiotemporal,spatiotemporal,correlation_train_v1,sha256:1691d10769e12e8c48659d0a20c0fa0d8776aa38ccac0352c22d9b8373a26443,9046e23b-dd48-478d-bb09-14c7ff63f6ff,5b2d1748-2330-4cb9-ad32-33b145f05b63,,exp_st,exp_st,st_predicate_match:algorithm+graph_or_domain
result,4fb7cfe0-3e62-471d-91dd-4bf81d840dbf,4fb7cfe0-3e62-471d-91dd-4bf81d840dbf,ignnk,a5434f59-7566-47da-96d7-22f5122451fb,fa9c7108-176e-4c68-840d-6acf3a3e59e4,test,COMPLETED,spatiotemporal,spatiotemporal,correlation_train_v1,sha256:1691d10769e12e8c48659d0a20c0fa0d8776aa38ccac0352c22d9b8373a26443,129c08dc-4aca-49cc-abf4-1e43c7bfb8db,5b55c4b5-390e-44af-a062-e7f9cca40eec,,exp_st,exp_st,st_predicate_match:algorithm+graph_or_domain
result,eed59fac-a3c9-4ce4-a347-6a2840faaaf0,eed59fac-a3c9-4ce4-a347-6a2840faaaf0,ignnk,a5434f59-7566-47da-96d7-22f5122451fb,fa9c7108-176e-4c68-840d-6acf3a3e59e4,test,COMPLETED,spatiotemporal,spatiotemporal,correlation_train_v1,sha256:1691d10769e12e8c48659d0a20c0fa0d8776aa38ccac0352c22d9b8373a26443,129c08dc-4aca-49cc-abf4-1e43c7bfb8db,5b55c4b5-390e-44af-a062-e7f9cca40eec,,exp_st,exp_st,st_predicate_match:algorithm+graph_or_domain
result,cb57fe39-52b5-41dc-8be6-e524d25b7ec8,cb57fe39-52b5-41dc-8be6-e524d25b7ec8,ignnk,a5434f59-7566-47da-96d7-22f5122451fb,fa9c7108-176e-4c68-840d-6acf3a3e59e4,test,COMPLETED,spatiotemporal,spatiotemporal,correlation_train_v1,sha256:1691d10769e12e8c48659d0a20c0fa0d8776aa38ccac0352c22d9b8373a26443,129c08dc-4aca-49cc-abf4-1e43c7bfb8db,5b55c4b5-390e-44af-a062-e7f9cca40eec,,exp_st,exp_st,st_predicate_match:algorithm+graph_or_domain
result,ed5ff8a1-5de6-4527-af17-cb4684cd97a5,ed5ff8a1-5de6-4527-af17-cb4684cd97a5,ignnk,a5434f59-7566-47da-96d7-22f5122451fb,fa9c7108-176e-4c68-840d-6acf3a3e59e4,test,COMPLETED,spatiotemporal,spatiotemporal,correlation_train_v1,sha256:1691d10769e12e8c48659d0a20c0fa0d8776aa38ccac0352c22d9b8373a26443,129c08dc-4aca-49cc-abf4-1e43c7bfb8db,5b55c4b5-390e-44af-a062-e7f9cca40eec,,exp_st,exp_st,st_predicate_match:algorithm+graph_or_domain
result,734fe2cc-b21f-438d-a5b5-9f186876a8d2,734fe2cc-b21f-438d-a5b5-9f186876a8d2,ignnk,a5434f59-7566-47da-96d7-22f5122451fb,fa9c7108-176e-4c68-840d-6acf3a3e59e4,test,COMPLETED,spatiotemporal,spatiotemporal,correlation_train_v1,sha256:1691d10769e12e8c48659d0a20c0fa0d8776aa38ccac0352c22d9b8373a26443,129c08dc-4aca-49cc-abf4-1e43c7bfb8db,5b55c4b5-390e-44af-a062-e7f9cca40eec,,exp_st,exp_st,st_predicate_match:algorithm+graph_or_domain
result,e994fed7-314f-443d-bd24-dd50ddd7267a,e994fed7-314f-443d-bd24-dd50ddd7267a,dcrnn,e1888e26-9a21-4a8e-94fe-c6265c9cadeb,fa9c7108-176e-4c68-840d-6acf3a3e59e4,test,COMPLETED,spatiotemporal,spatiotemporal,correlation_train_v1,sha256:1691d10769e12e8c48659d0a20c0fa0d8776aa38ccac0352c22d9b8373a26443,8e0a433f-dcd1-48c1-99e9-b22db45e5311,0cb68898-cab6-41ff-878e-3e8479494e52,,exp_st,exp_st,st_predicate_match:algorithm+graph_or_domain
result,4ac53da3-c3c8-4ced-bcc9-c04bee6600e5,4ac53da3-c3c8-4ced-bcc9-c04bee6600e5,dcrnn,e1888e26-9a21-4a8e-94fe-c6265c9cadeb,fa9c7108-176e-4c68-840d-6acf3a3e59e4,test,COMPLETED,spatiotemporal,spatiotemporal,correlation_train_v1,sha256:1691d10769e12e8c48659d0a20c0fa0d8776aa38ccac0352c22d9b8373a26443,8e0a433f-dcd1-48c1-99e9-b22db45e5311,0cb68898-cab6-41ff-878e-3e8479494e52,,exp_st,exp_st,st_predicate_match:algorithm+graph_or_domain
result,04cb9566-73d4-46d4-bc9c-992fefabae7a,04cb9566-73d4-46d4-bc9c-992fefabae7a,dcrnn,e1888e26-9a21-4a8e-94fe-c6265c9cadeb,fa9c7108-176e-4c68-840d-6acf3a3e59e4,test,COMPLETED,spatiotemporal,spatiotemporal,correlation_train_v1,sha256:1691d10769e12e8c48659d0a20c0fa0d8776aa38ccac0352c22d9b8373a26443,8e0a433f-dcd1-48c1-99e9-b22db45e5311,0cb68898-cab6-41ff-878e-3e8479494e52,,exp_st,exp_st,st_predicate_match:algorithm+graph_or_domain
result,0649ed09-5495-497e-9575-ee6910b3f3c0,0649ed09-5495-497e-9575-ee6910b3f3c0,dcrnn,e1888e26-9a21-4a8e-94fe-c6265c9cadeb,fa9c7108-176e-4c68-840d-6acf3a3e59e4,test,COMPLETED,spatiotemporal,spatiotemporal,correlation_train_v1,sha256:1691d10769e12e8c48659d0a20c0fa0d8776aa38ccac0352c22d9b8373a26443,8e0a433f-dcd1-48c1-99e9-b22db45e5311,0cb68898-cab6-41ff-878e-3e8479494e52,,exp_st,exp_st,st_predicate_match:algorithm+graph_or_domain
result,5cc44552-9468-4299-801f-a2ab1fff2246,5cc44552-9468-4299-801f-a2ab1fff2246,dcrnn,e1888e26-9a21-4a8e-94fe-c6265c9cadeb,fa9c7108-176e-4c68-840d-6acf3a3e59e4,test,COMPLETED,spatiotemporal,spatiotemporal,correlation_train_v1,sha256:1691d10769e12e8c48659d0a20c0fa0d8776aa38ccac0352c22d9b8373a26443,8e0a433f-dcd1-48c1-99e9-b22db45e5311,0cb68898-cab6-41ff-878e-3e8479494e52,,exp_st,exp_st,st_predicate_match:algorithm+graph_or_domain
result,cd62c199-59a6-498b-9e65-ad5876549bde,cd62c199-59a6-498b-9e65-ad5876549bde,dcrnn,d6b91d16-a814-4732-8ce1-9fa89446b467,fa9c7108-176e-4c68-840d-6acf3a3e59e4,test,COMPLETED,spatiotemporal,spatiotemporal,correlation_train_v1,sha256:1691d10769e12e8c48659d0a20c0fa0d8776aa38ccac0352c22d9b8373a26443,9be8e551-47f2-45f1-bfd8-4d3f0f45d5da,ee437dbf-267f-4711-bd5a-534c6c50cba0,,exp_st,exp_st,st_predicate_match:algorithm+graph_or_domain
result,2b55cc11-5eb7-499f-8900-b498ed4ca856,2b55cc11-5eb7-499f-8900-b498ed4ca856,dcrnn,d6b91d16-a814-4732-8ce1-9fa89446b467,fa9c7108-176e-4c68-840d-6acf3a3e59e4,test,COMPLETED,spatiotemporal,spatiotemporal,correlation_train_v1,sha256:1691d10769e12e8c48659d0a20c0fa0d8776aa38ccac0352c22d9b8373a26443,9be8e551-47f2-45f1-bfd8-4d3f0f45d5da,ee437dbf-267f-4711-bd5a-534c6c50cba0,,exp_st,exp_st,st_predicate_match:algorithm+graph_or_domain
result,1a0a78b2-a947-4581-abf8-f3b959e985aa,1a0a78b2-a947-4581-abf8-f3b959e985aa,dcrnn,d6b91d16-a814-4732-8ce1-9fa89446b467,fa9c7108-176e-4c68-840d-6acf3a3e59e4,test,COMPLETED,spatiotemporal,spatiotemporal,correlation_train_v1,sha256:1691d10769e12e8c48659d0a20c0fa0d8776aa38ccac0352c22d9b8373a26443,9be8e551-47f2-45f1-bfd8-4d3f0f45d5da,ee437dbf-267f-4711-bd5a-534c6c50cba0,,exp_st,exp_st,st_predicate_match:algorithm+graph_or_domain
result,d579b1a4-6aa5-448a-877e-00b2fe1deab3,d579b1a4-6aa5-448a-877e-00b2fe1deab3,dcrnn,d6b91d16-a814-4732-8ce1-9fa89446b467,fa9c7108-176e-4c68-840d-6acf3a3e59e4,test,COMPLETED,spatiotemporal,spatiotemporal,correlation_train_v1,sha256:1691d10769e12e8c48659d0a20c0fa0d8776aa38ccac0352c22d9b8373a26443,9be8e551-47f2-45f1-bfd8-4d3f0f45d5da,ee437dbf-267f-4711-bd5a-534c6c50cba0,,exp_st,exp_st,st_predicate_match:algorithm+graph_or_domain
result,6b32dcc6-ffb2-4ebe-80ea-665818695a0b,6b32dcc6-ffb2-4ebe-80ea-665818695a0b,dcrnn,d6b91d16-a814-4732-8ce1-9fa89446b467,fa9c7108-176e-4c68-840d-6acf3a3e59e4,test,COMPLETED,spatiotemporal,spatiotemporal,correlation_train_v1,sha256:1691d10769e12e8c48659d0a20c0fa0d8776aa38ccac0352c22d9b8373a26443,9be8e551-47f2-45f1-bfd8-4d3f0f45d5da,ee437dbf-267f-4711-bd5a-534c6c50cba0,,exp_st,exp_st,st_predicate_match:algorithm+graph_or_domain
result,9ad02e78-c7c4-455b-93fc-51319d1cd8f1,9ad02e78-c7c4-455b-93fc-51319d1cd8f1,dcrnn,d221e0cc-105c-4529-8338-7b8ee73b46ae,fa9c7108-176e-4c68-840d-6acf3a3e59e4,test,COMPLETED,spatiotemporal,spatiotemporal,correlation_train_v1,sha256:1691d10769e12e8c48659d0a20c0fa0d8776aa38ccac0352c22d9b8373a26443,2e8830f6-5776-4072-b4ec-a3e72d2aa840,dd3d1d8d-419d-41d5-9e11-145bddd7fb8c,,exp_st,exp_st,st_predicate_match:algorithm+graph_or_domain
result,15192b9c-2e40-45a9-9a80-706c5e5ce920,15192b9c-2e40-45a9-9a80-706c5e5ce920,dcrnn,d221e0cc-105c-4529-8338-7b8ee73b46ae,fa9c7108-176e-4c68-840d-6acf3a3e59e4,test,COMPLETED,spatiotemporal,spatiotemporal,correlation_train_v1,sha256:1691d10769e12e8c48659d0a20c0fa0d8776aa38ccac0352c22d9b8373a26443,2e8830f6-5776-4072-b4ec-a3e72d2aa840,dd3d1d8d-419d-41d5-9e11-145bddd7fb8c,,exp_st,exp_st,st_predicate_match:algorithm+graph_or_domain
result,ba0063de-b979-481f-938a-c92979d2718b,ba0063de-b979-481f-938a-c92979d2718b,dcrnn,d221e0cc-105c-4529-8338-7b8ee73b46ae,fa9c7108-176e-4c68-840d-6acf3a3e59e4,test,COMPLETED,spatiotemporal,spatiotemporal,correlation_train_v1,sha256:1691d10769e12e8c48659d0a20c0fa0d8776aa38ccac0352c22d9b8373a26443,2e8830f6-5776-4072-b4ec-a3e72d2aa840,dd3d1d8d-419d-41d5-9e11-145bddd7fb8c,,exp_st,exp_st,st_predicate_match:algorithm+graph_or_domain
result,c32d1410-9a27-4bf0-af89-baab7d91d47a,c32d1410-9a27-4bf0-af89-baab7d91d47a,dcrnn,d221e0cc-105c-4529-8338-7b8ee73b46ae,fa9c7108-176e-4c68-840d-6acf3a3e59e4,test,COMPLETED,spatiotemporal,spatiotemporal,correlation_train_v1,sha256:1691d10769e12e8c48659d0a20c0fa0d8776aa38ccac0352c22d9b8373a26443,2e8830f6-5776-4072-b4ec-a3e72d2aa840,dd3d1d8d-419d-41d5-9e11-145bddd7fb8c,,exp_st,exp_st,st_predicate_match:algorithm+graph_or_domain
result,f4e71443-6f5c-4c21-a784-bf4256aa63e0,f4e71443-6f5c-4c21-a784-bf4256aa63e0,dcrnn,d221e0cc-105c-4529-8338-7b8ee73b46ae,fa9c7108-176e-4c68-840d-6acf3a3e59e4,test,COMPLETED,spatiotemporal,spatiotemporal,correlation_train_v1,sha256:1691d10769e12e8c48659d0a20c0fa0d8776aa38ccac0352c22d9b8373a26443,2e8830f6-5776-4072-b4ec-a3e72d2aa840,dd3d1d8d-419d-41d5-9e11-145bddd7fb8c,,exp_st,exp_st,st_predicate_match:algorithm+graph_or_domain
result,adfd8d9c-f220-4623-91b8-c12c9e2052c6,adfd8d9c-f220-4623-91b8-c12c9e2052c6,dcrnn,5594a44e-d5e2-4408-b026-9949788facde,fa9c7108-176e-4c68-840d-6acf3a3e59e4,test,COMPLETED,spatiotemporal,spatiotemporal,correlation_train_v1,sha256:1691d10769e12e8c48659d0a20c0fa0d8776aa38ccac0352c22d9b8373a26443,bbeecdc4-ea1d-442e-a30b-909fb7ab36f8,8185d211-6ab7-4d1e-8580-1affb5199a6b,,exp_st,exp_st,st_predicate_match:algorithm+graph_or_domain
result,923129ca-2e8b-442f-9e6a-5ea3e59cd24d,923129ca-2e8b-442f-9e6a-5ea3e59cd24d,dcrnn,5594a44e-d5e2-4408-b026-9949788facde,fa9c7108-176e-4c68-840d-6acf3a3e59e4,test,COMPLETED,spatiotemporal,spatiotemporal,correlation_train_v1,sha256:1691d10769e12e8c48659d0a20c0fa0d8776aa38ccac0352c22d9b8373a26443,bbeecdc4-ea1d-442e-a30b-909fb7ab36f8,8185d211-6ab7-4d1e-8580-1affb5199a6b,,exp_st,exp_st,st_predicate_match:algorithm+graph_or_domain
result,895e1251-849d-4d71-b608-7e268e3daceb,895e1251-849d-4d71-b608-7e268e3daceb,dcrnn,5594a44e-d5e2-4408-b026-9949788facde,fa9c7108-176e-4c68-840d-6acf3a3e59e4,test,COMPLETED,spatiotemporal,spatiotemporal,correlation_train_v1,sha256:1691d10769e12e8c48659d0a20c0fa0d8776aa38ccac0352c22d9b8373a26443,bbeecdc4-ea1d-442e-a30b-909fb7ab36f8,8185d211-6ab7-4d1e-8580-1affb5199a6b,,exp_st,exp_st,st_predicate_match:algorithm+graph_or_domain
result,682be748-4f2b-46f2-9db8-ae06f706f8a3,682be748-4f2b-46f2-9db8-ae06f706f8a3,dcrnn,5594a44e-d5e2-4408-b026-9949788facde,fa9c7108-176e-4c68-840d-6acf3a3e59e4,test,COMPLETED,spatiotemporal,spatiotemporal,correlation_train_v1,sha256:1691d10769e12e8c48659d0a20c0fa0d8776aa38ccac0352c22d9b8373a26443,bbeecdc4-ea1d-442e-a30b-909fb7ab36f8,8185d211-6ab7-4d1e-8580-1affb5199a6b,,exp_st,exp_st,st_predicate_match:algorithm+graph_or_domain
result,68ede3c6-21ea-4d5d-9929-c7528fd6fddf,68ede3c6-21ea-4d5d-9929-c7528fd6fddf,dcrnn,5594a44e-d5e2-4408-b026-9949788facde,fa9c7108-176e-4c68-840d-6acf3a3e59e4,test,COMPLETED,spatiotemporal,spatiotemporal,correlation_train_v1,sha256:1691d10769e12e8c48659d0a20c0fa0d8776aa38ccac0352c22d9b8373a26443,bbeecdc4-ea1d-442e-a30b-909fb7ab36f8,8185d211-6ab7-4d1e-8580-1affb5199a6b,,exp_st,exp_st,st_predicate_match:algorithm+graph_or_domain
result,d34f50e8-e315-4620-82e3-0393963a1e1a,d34f50e8-e315-4620-82e3-0393963a1e1a,dcrnn,b5d0034d-e130-46c0-8929-5744371c880d,fa9c7108-176e-4c68-840d-6acf3a3e59e4,test,COMPLETED,spatiotemporal,spatiotemporal,correlation_train_v1,sha256:1691d10769e12e8c48659d0a20c0fa0d8776aa38ccac0352c22d9b8373a26443,9046e23b-dd48-478d-bb09-14c7ff63f6ff,5b2d1748-2330-4cb9-ad32-33b145f05b63,,exp_st,exp_st,st_predicate_match:algorithm+graph_or_domain
result,3d315bcf-b171-405b-ab5e-bb400f57d6f6,3d315bcf-b171-405b-ab5e-bb400f57d6f6,dcrnn,b5d0034d-e130-46c0-8929-5744371c880d,fa9c7108-176e-4c68-840d-6acf3a3e59e4,test,COMPLETED,spatiotemporal,spatiotemporal,correlation_train_v1,sha256:1691d10769e12e8c48659d0a20c0fa0d8776aa38ccac0352c22d9b8373a26443,9046e23b-dd48-478d-bb09-14c7ff63f6ff,5b2d1748-2330-4cb9-ad32-33b145f05b63,,exp_st,exp_st,st_predicate_match:algorithm+graph_or_domain
result,1e3da482-1588-4b38-af39-e974a2a1ff99,1e3da482-1588-4b38-af39-e974a2a1ff99,dcrnn,b5d0034d-e130-46c0-8929-5744371c880d,fa9c7108-176e-4c68-840d-6acf3a3e59e4,test,COMPLETED,spatiotemporal,spatiotemporal,correlation_train_v1,sha256:1691d10769e12e8c48659d0a20c0fa0d8776aa38ccac0352c22d9b8373a26443,9046e23b-dd48-478d-bb09-14c7ff63f6ff,5b2d1748-2330-4cb9-ad32-33b145f05b63,,exp_st,exp_st,st_predicate_match:algorithm+graph_or_domain
result,026d8ae5-2bec-472f-8ef0-6a75e3a7aedb,026d8ae5-2bec-472f-8ef0-6a75e3a7aedb,dcrnn,b5d0034d-e130-46c0-8929-5744371c880d,fa9c7108-176e-4c68-840d-6acf3a3e59e4,test,COMPLETED,spatiotemporal,spatiotemporal,correlation_train_v1,sha256:1691d10769e12e8c48659d0a20c0fa0d8776aa38ccac0352c22d9b8373a26443,9046e23b-dd48-478d-bb09-14c7ff63f6ff,5b2d1748-2330-4cb9-ad32-33b145f05b63,,exp_st,exp_st,st_predicate_match:algorithm+graph_or_domain
result,01cb38a1-637a-40ed-9964-5e977f4f842e,01cb38a1-637a-40ed-9964-5e977f4f842e,dcrnn,b5d0034d-e130-46c0-8929-5744371c880d,fa9c7108-176e-4c68-840d-6acf3a3e59e4,test,COMPLETED,spatiotemporal,spatiotemporal,correlation_train_v1,sha256:1691d10769e12e8c48659d0a20c0fa0d8776aa38ccac0352c22d9b8373a26443,9046e23b-dd48-478d-bb09-14c7ff63f6ff,5b2d1748-2330-4cb9-ad32-33b145f05b63,,exp_st,exp_st,st_predicate_match:algorithm+graph_or_domain
result,94b3aaff-d240-41a7-8e49-34fac57dc1bb,94b3aaff-d240-41a7-8e49-34fac57dc1bb,dcrnn,ccaeffff-41be-4795-a47b-43fe5249cfa6,fa9c7108-176e-4c68-840d-6acf3a3e59e4,test,COMPLETED,spatiotemporal,spatiotemporal,correlation_train_v1,sha256:1691d10769e12e8c48659d0a20c0fa0d8776aa38ccac0352c22d9b8373a26443,129c08dc-4aca-49cc-abf4-1e43c7bfb8db,5b55c4b5-390e-44af-a062-e7f9cca40eec,,exp_st,exp_st,st_predicate_match:algorithm+graph_or_domain
result,72efe02e-5ec8-460a-9154-401f5856daa7,72efe02e-5ec8-460a-9154-401f5856daa7,dcrnn,ccaeffff-41be-4795-a47b-43fe5249cfa6,fa9c7108-176e-4c68-840d-6acf3a3e59e4,test,COMPLETED,spatiotemporal,spatiotemporal,correlation_train_v1,sha256:1691d10769e12e8c48659d0a20c0fa0d8776aa38ccac0352c22d9b8373a26443,129c08dc-4aca-49cc-abf4-1e43c7bfb8db,5b55c4b5-390e-44af-a062-e7f9cca40eec,,exp_st,exp_st,st_predicate_match:algorithm+graph_or_domain
result,bffd7d90-0c1b-417b-846a-448fda1edc61,bffd7d90-0c1b-417b-846a-448fda1edc61,dcrnn,ccaeffff-41be-4795-a47b-43fe5249cfa6,fa9c7108-176e-4c68-840d-6acf3a3e59e4,test,COMPLETED,spatiotemporal,spatiotemporal,correlation_train_v1,sha256:1691d10769e12e8c48659d0a20c0fa0d8776aa38ccac0352c22d9b8373a26443,129c08dc-4aca-49cc-abf4-1e43c7bfb8db,5b55c4b5-390e-44af-a062-e7f9cca40eec,,exp_st,exp_st,st_predicate_match:algorithm+graph_or_domain
result,3145f3d1-5941-4958-bb94-c580a98fabf5,3145f3d1-5941-4958-bb94-c580a98fabf5,dcrnn,ccaeffff-41be-4795-a47b-43fe5249cfa6,fa9c7108-176e-4c68-840d-6acf3a3e59e4,test,COMPLETED,spatiotemporal,spatiotemporal,correlation_train_v1,sha256:1691d10769e12e8c48659d0a20c0fa0d8776aa38ccac0352c22d9b8373a26443,129c08dc-4aca-49cc-abf4-1e43c7bfb8db,5b55c4b5-390e-44af-a062-e7f9cca40eec,,exp_st,exp_st,st_predicate_match:algorithm+graph_or_domain
result,8ce47096-d3dc-4518-9dd6-d20c932d06a0,8ce47096-d3dc-4518-9dd6-d20c932d06a0,dcrnn,ccaeffff-41be-4795-a47b-43fe5249cfa6,fa9c7108-176e-4c68-840d-6acf3a3e59e4,test,COMPLETED,spatiotemporal,spatiotemporal,correlation_train_v1,sha256:1691d10769e12e8c48659d0a20c0fa0d8776aa38ccac0352c22d9b8373a26443,129c08dc-4aca-49cc-abf4-1e43c7bfb8db,5b55c4b5-390e-44af-a062-e7f9cca40eec,,exp_st,exp_st,st_predicate_match:algorithm+graph_or_domain
result,386b54ae-769e-44b8-acd3-936a584a98d7,386b54ae-769e-44b8-acd3-936a584a98d7,stgcn,a2fba592-e758-4c09-937e-81cfa2c0ea7d,fa9c7108-176e-4c68-840d-6acf3a3e59e4,test,COMPLETED,spatiotemporal,spatiotemporal,correlation_train_v1,sha256:1691d10769e12e8c48659d0a20c0fa0d8776aa38ccac0352c22d9b8373a26443,f7ca7924-6e70-4a24-bff8-e6dcb4c84e1d,982869fc-d5b5-41a8-adae-d33b10ee92c5,,exp_st,exp_st,st_predicate_match:algorithm+graph_or_domain
result,76f028d2-dd03-40e3-8571-00c839a78a32,76f028d2-dd03-40e3-8571-00c839a78a32,stgcn,a2fba592-e758-4c09-937e-81cfa2c0ea7d,fa9c7108-176e-4c68-840d-6acf3a3e59e4,test,COMPLETED,spatiotemporal,spatiotemporal,correlation_train_v1,sha256:1691d10769e12e8c48659d0a20c0fa0d8776aa38ccac0352c22d9b8373a26443,f7ca7924-6e70-4a24-bff8-e6dcb4c84e1d,982869fc-d5b5-41a8-adae-d33b10ee92c5,,exp_st,exp_st,st_predicate_match:algorithm+graph_or_domain
result,6b0f6e88-95d4-4a38-9c2a-0c9570241e74,6b0f6e88-95d4-4a38-9c2a-0c9570241e74,stgcn,a2fba592-e758-4c09-937e-81cfa2c0ea7d,fa9c7108-176e-4c68-840d-6acf3a3e59e4,test,COMPLETED,spatiotemporal,spatiotemporal,correlation_train_v1,sha256:1691d10769e12e8c48659d0a20c0fa0d8776aa38ccac0352c22d9b8373a26443,f7ca7924-6e70-4a24-bff8-e6dcb4c84e1d,982869fc-d5b5-41a8-adae-d33b10ee92c5,,exp_st,exp_st,st_predicate_match:algorithm+graph_or_domain
result,97f10e39-9701-4d3b-9e37-7cc2dcb4343e,97f10e39-9701-4d3b-9e37-7cc2dcb4343e,stgcn,a2fba592-e758-4c09-937e-81cfa2c0ea7d,fa9c7108-176e-4c68-840d-6acf3a3e59e4,test,COMPLETED,spatiotemporal,spatiotemporal,correlation_train_v1,sha256:1691d10769e12e8c48659d0a20c0fa0d8776aa38ccac0352c22d9b8373a26443,f7ca7924-6e70-4a24-bff8-e6dcb4c84e1d,982869fc-d5b5-41a8-adae-d33b10ee92c5,,exp_st,exp_st,st_predicate_match:algorithm+graph_or_domain
result,8ec06c9d-ccb6-45ba-a367-e887d4de7d63,8ec06c9d-ccb6-45ba-a367-e887d4de7d63,stgcn,a2fba592-e758-4c09-937e-81cfa2c0ea7d,fa9c7108-176e-4c68-840d-6acf3a3e59e4,test,COMPLETED,spatiotemporal,spatiotemporal,correlation_train_v1,sha256:1691d10769e12e8c48659d0a20c0fa0d8776aa38ccac0352c22d9b8373a26443,f7ca7924-6e70-4a24-bff8-e6dcb4c84e1d,982869fc-d5b5-41a8-adae-d33b10ee92c5,,exp_st,exp_st,st_predicate_match:algorithm+graph_or_domain
result,640928d4-f32b-4df3-8d65-887769efe7b1,640928d4-f32b-4df3-8d65-887769efe7b1,stgcn,b1abac0c-fadb-40bc-a5e9-6d2533f5e501,fa9c7108-176e-4c68-840d-6acf3a3e59e4,test,COMPLETED,spatiotemporal,spatiotemporal,correlation_train_v1,sha256:1691d10769e12e8c48659d0a20c0fa0d8776aa38ccac0352c22d9b8373a26443,f6f56e84-aa93-45d7-a2a4-c1c16a78f78f,405e9705-cd79-46d5-a44b-08a0e054d157,,exp_st,exp_st,st_predicate_match:algorithm+graph_or_domain
result,6dd663e5-211b-46ed-8c2b-7566cd6c109a,6dd663e5-211b-46ed-8c2b-7566cd6c109a,stgcn,b1abac0c-fadb-40bc-a5e9-6d2533f5e501,fa9c7108-176e-4c68-840d-6acf3a3e59e4,test,COMPLETED,spatiotemporal,spatiotemporal,correlation_train_v1,sha256:1691d10769e12e8c48659d0a20c0fa0d8776aa38ccac0352c22d9b8373a26443,f6f56e84-aa93-45d7-a2a4-c1c16a78f78f,405e9705-cd79-46d5-a44b-08a0e054d157,,exp_st,exp_st,st_predicate_match:algorithm+graph_or_domain
result,17ab2a3b-0984-4c1b-ac11-44749298c313,17ab2a3b-0984-4c1b-ac11-44749298c313,stgcn,b1abac0c-fadb-40bc-a5e9-6d2533f5e501,fa9c7108-176e-4c68-840d-6acf3a3e59e4,test,COMPLETED,spatiotemporal,spatiotemporal,correlation_train_v1,sha256:1691d10769e12e8c48659d0a20c0fa0d8776aa38ccac0352c22d9b8373a26443,f6f56e84-aa93-45d7-a2a4-c1c16a78f78f,405e9705-cd79-46d5-a44b-08a0e054d157,,exp_st,exp_st,st_predicate_match:algorithm+graph_or_domain
result,b812f3fa-eddb-4d39-bb1c-05edbd367f68,b812f3fa-eddb-4d39-bb1c-05edbd367f68,stgcn,b1abac0c-fadb-40bc-a5e9-6d2533f5e501,fa9c7108-176e-4c68-840d-6acf3a3e59e4,test,COMPLETED,spatiotemporal,spatiotemporal,correlation_train_v1,sha256:1691d10769e12e8c48659d0a20c0fa0d8776aa38ccac0352c22d9b8373a26443,f6f56e84-aa93-45d7-a2a4-c1c16a78f78f,405e9705-cd79-46d5-a44b-08a0e054d157,,exp_st,exp_st,st_predicate_match:algorithm+graph_or_domain
result,4d1c6f72-6878-4f8e-948c-3abd64b29c98,4d1c6f72-6878-4f8e-948c-3abd64b29c98,stgcn,b1abac0c-fadb-40bc-a5e9-6d2533f5e501,fa9c7108-176e-4c68-840d-6acf3a3e59e4,test,COMPLETED,spatiotemporal,spatiotemporal,correlation_train_v1,sha256:1691d10769e12e8c48659d0a20c0fa0d8776aa38ccac0352c22d9b8373a26443,f6f56e84-aa93-45d7-a2a4-c1c16a78f78f,405e9705-cd79-46d5-a44b-08a0e054d157,,exp_st,exp_st,st_predicate_match:algorithm+graph_or_domain
result,fa270f21-59f9-4184-8615-225af8919a46,fa270f21-59f9-4184-8615-225af8919a46,stgcn,8be70a33-2afa-4d51-82b6-2ddef70c7336,fa9c7108-176e-4c68-840d-6acf3a3e59e4,test,COMPLETED,spatiotemporal,spatiotemporal,correlation_train_v1,sha256:1691d10769e12e8c48659d0a20c0fa0d8776aa38ccac0352c22d9b8373a26443,12ad1c9c-2713-422f-8910-b75502c748d0,33a3cf6f-b5a2-454f-9ec1-dc51e7510eea,,exp_st,exp_st,st_predicate_match:algorithm+graph_or_domain
result,b9cedf0a-95fe-43fb-8095-baabdecabc91,b9cedf0a-95fe-43fb-8095-baabdecabc91,stgcn,8be70a33-2afa-4d51-82b6-2ddef70c7336,fa9c7108-176e-4c68-840d-6acf3a3e59e4,test,COMPLETED,spatiotemporal,spatiotemporal,correlation_train_v1,sha256:1691d10769e12e8c48659d0a20c0fa0d8776aa38ccac0352c22d9b8373a26443,12ad1c9c-2713-422f-8910-b75502c748d0,33a3cf6f-b5a2-454f-9ec1-dc51e7510eea,,exp_st,exp_st,st_predicate_match:algorithm+graph_or_domain
result,84d52dfe-7a7a-446e-b4d5-55d730a93733,84d52dfe-7a7a-446e-b4d5-55d730a93733,stgcn,8be70a33-2afa-4d51-82b6-2ddef70c7336,fa9c7108-176e-4c68-840d-6acf3a3e59e4,test,COMPLETED,spatiotemporal,spatiotemporal,correlation_train_v1,sha256:1691d10769e12e8c48659d0a20c0fa0d8776aa38ccac0352c22d9b8373a26443,12ad1c9c-2713-422f-8910-b75502c748d0,33a3cf6f-b5a2-454f-9ec1-dc51e7510eea,,exp_st,exp_st,st_predicate_match:algorithm+graph_or_domain
result,3be9702e-f9aa-48f6-a92e-a34e5c11a0a2,3be9702e-f9aa-48f6-a92e-a34e5c11a0a2,stgcn,8be70a33-2afa-4d51-82b6-2ddef70c7336,fa9c7108-176e-4c68-840d-6acf3a3e59e4,test,COMPLETED,spatiotemporal,spatiotemporal,correlation_train_v1,sha256:1691d10769e12e8c48659d0a20c0fa0d8776aa38ccac0352c22d9b8373a26443,12ad1c9c-2713-422f-8910-b75502c748d0,33a3cf6f-b5a2-454f-9ec1-dc51e7510eea,,exp_st,exp_st,st_predicate_match:algorithm+graph_or_domain
result,4bf92aaf-d6a7-415b-aa9c-a29235472098,4bf92aaf-d6a7-415b-aa9c-a29235472098,stgcn,8be70a33-2afa-4d51-82b6-2ddef70c7336,fa9c7108-176e-4c68-840d-6acf3a3e59e4,test,COMPLETED,spatiotemporal,spatiotemporal,correlation_train_v1,sha256:1691d10769e12e8c48659d0a20c0fa0d8776aa38ccac0352c22d9b8373a26443,12ad1c9c-2713-422f-8910-b75502c748d0,33a3cf6f-b5a2-454f-9ec1-dc51e7510eea,,exp_st,exp_st,st_predicate_match:algorithm+graph_or_domain
result,31ccf75e-93d6-4714-b1f3-fe6956d0675f,31ccf75e-93d6-4714-b1f3-fe6956d0675f,stgcn,30f01156-f4c8-4848-aff3-8b39df673172,fa9c7108-176e-4c68-840d-6acf3a3e59e4,test,COMPLETED,spatiotemporal,spatiotemporal,correlation_train_v1,sha256:1691d10769e12e8c48659d0a20c0fa0d8776aa38ccac0352c22d9b8373a26443,7cc0cf6c-8863-4cd3-9119-0a991c6c1426,2b566e1e-39d9-4e9f-8cb8-5da1d2f324a1,,exp_st,exp_st,st_predicate_match:algorithm+graph_or_domain
result,27f94b5a-2c7b-41e4-acd7-d98c2a07aa6a,27f94b5a-2c7b-41e4-acd7-d98c2a07aa6a,stgcn,30f01156-f4c8-4848-aff3-8b39df673172,fa9c7108-176e-4c68-840d-6acf3a3e59e4,test,COMPLETED,spatiotemporal,spatiotemporal,correlation_train_v1,sha256:1691d10769e12e8c48659d0a20c0fa0d8776aa38ccac0352c22d9b8373a26443,7cc0cf6c-8863-4cd3-9119-0a991c6c1426,2b566e1e-39d9-4e9f-8cb8-5da1d2f324a1,,exp_st,exp_st,st_predicate_match:algorithm+graph_or_domain
result,ebb74896-80ac-49b5-bf42-9b67435c77a9,ebb74896-80ac-49b5-bf42-9b67435c77a9,stgcn,30f01156-f4c8-4848-aff3-8b39df673172,fa9c7108-176e-4c68-840d-6acf3a3e59e4,test,COMPLETED,spatiotemporal,spatiotemporal,correlation_train_v1,sha256:1691d10769e12e8c48659d0a20c0fa0d8776aa38ccac0352c22d9b8373a26443,7cc0cf6c-8863-4cd3-9119-0a991c6c1426,2b566e1e-39d9-4e9f-8cb8-5da1d2f324a1,,exp_st,exp_st,st_predicate_match:algorithm+graph_or_domain
result,278a6745-c2c6-42eb-92d8-2b4362944a2b,278a6745-c2c6-42eb-92d8-2b4362944a2b,stgcn,30f01156-f4c8-4848-aff3-8b39df673172,fa9c7108-176e-4c68-840d-6acf3a3e59e4,test,COMPLETED,spatiotemporal,spatiotemporal,correlation_train_v1,sha256:1691d10769e12e8c48659d0a20c0fa0d8776aa38ccac0352c22d9b8373a26443,7cc0cf6c-8863-4cd3-9119-0a991c6c1426,2b566e1e-39d9-4e9f-8cb8-5da1d2f324a1,,exp_st,exp_st,st_predicate_match:algorithm+graph_or_domain
result,e5f495e7-ea90-48ab-ab38-28561016edff,e5f495e7-ea90-48ab-ab38-28561016edff,stgcn,30f01156-f4c8-4848-aff3-8b39df673172,fa9c7108-176e-4c68-840d-6acf3a3e59e4,test,COMPLETED,spatiotemporal,spatiotemporal,correlation_train_v1,sha256:1691d10769e12e8c48659d0a20c0fa0d8776aa38ccac0352c22d9b8373a26443,7cc0cf6c-8863-4cd3-9119-0a991c6c1426,2b566e1e-39d9-4e9f-8cb8-5da1d2f324a1,,exp_st,exp_st,st_predicate_match:algorithm+graph_or_domain
result,ee2a879c-6845-4ddc-806d-de734a5bf347,ee2a879c-6845-4ddc-806d-de734a5bf347,stgcn,9278774f-f040-4f1c-8b04-9668cb805b5f,fa9c7108-176e-4c68-840d-6acf3a3e59e4,test,COMPLETED,spatiotemporal,spatiotemporal,correlation_train_v1,sha256:1691d10769e12e8c48659d0a20c0fa0d8776aa38ccac0352c22d9b8373a26443,17855536-d544-469c-b9f9-6756bacc3b5d,75c154b0-9450-4be6-8f92-19ccf33a8430,,exp_st,exp_st,st_predicate_match:algorithm+graph_or_domain
result,529d2978-2060-42d3-b98e-447ba7adc903,529d2978-2060-42d3-b98e-447ba7adc903,stgcn,9278774f-f040-4f1c-8b04-9668cb805b5f,fa9c7108-176e-4c68-840d-6acf3a3e59e4,test,COMPLETED,spatiotemporal,spatiotemporal,correlation_train_v1,sha256:1691d10769e12e8c48659d0a20c0fa0d8776aa38ccac0352c22d9b8373a26443,17855536-d544-469c-b9f9-6756bacc3b5d,75c154b0-9450-4be6-8f92-19ccf33a8430,,exp_st,exp_st,st_predicate_match:algorithm+graph_or_domain
result,dce3c73e-78b0-4f4c-a7b7-af1300864a61,dce3c73e-78b0-4f4c-a7b7-af1300864a61,stgcn,9278774f-f040-4f1c-8b04-9668cb805b5f,fa9c7108-176e-4c68-840d-6acf3a3e59e4,test,COMPLETED,spatiotemporal,spatiotemporal,correlation_train_v1,sha256:1691d10769e12e8c48659d0a20c0fa0d8776aa38ccac0352c22d9b8373a26443,17855536-d544-469c-b9f9-6756bacc3b5d,75c154b0-9450-4be6-8f92-19ccf33a8430,,exp_st,exp_st,st_predicate_match:algorithm+graph_or_domain
result,18c9ad84-0fab-4020-aee3-bb3af0b69870,18c9ad84-0fab-4020-aee3-bb3af0b69870,stgcn,9278774f-f040-4f1c-8b04-9668cb805b5f,fa9c7108-176e-4c68-840d-6acf3a3e59e4,test,COMPLETED,spatiotemporal,spatiotemporal,correlation_train_v1,sha256:1691d10769e12e8c48659d0a20c0fa0d8776aa38ccac0352c22d9b8373a26443,17855536-d544-469c-b9f9-6756bacc3b5d,75c154b0-9450-4be6-8f92-19ccf33a8430,,exp_st,exp_st,st_predicate_match:algorithm+graph_or_domain
result,04413adb-e3ab-4478-ade7-0e904e008e45,04413adb-e3ab-4478-ade7-0e904e008e45,stgcn,9278774f-f040-4f1c-8b04-9668cb805b5f,fa9c7108-176e-4c68-840d-6acf3a3e59e4,test,COMPLETED,spatiotemporal,spatiotemporal,correlation_train_v1,sha256:1691d10769e12e8c48659d0a20c0fa0d8776aa38ccac0352c22d9b8373a26443,17855536-d544-469c-b9f9-6756bacc3b5d,75c154b0-9450-4be6-8f92-19ccf33a8430,,exp_st,exp_st,st_predicate_match:algorithm+graph_or_domain
result,69236446-aa42-43af-8e32-5705001767e4,69236446-aa42-43af-8e32-5705001767e4,stgcn,78f5aaea-e980-444f-83e3-52f8c356eb68,fa9c7108-176e-4c68-840d-6acf3a3e59e4,test,COMPLETED,spatiotemporal,spatiotemporal,correlation_train_v1,sha256:1691d10769e12e8c48659d0a20c0fa0d8776aa38ccac0352c22d9b8373a26443,4476a6da-cfe3-4e32-a280-9be552a4abba,4db32c40-581b-450d-a3b4-6bcf677e831b,,exp_st,exp_st,st_predicate_match:algorithm+graph_or_domain
result,da9814ea-6403-42fd-be9f-41f1272c7c8c,da9814ea-6403-42fd-be9f-41f1272c7c8c,stgcn,78f5aaea-e980-444f-83e3-52f8c356eb68,fa9c7108-176e-4c68-840d-6acf3a3e59e4,test,COMPLETED,spatiotemporal,spatiotemporal,correlation_train_v1,sha256:1691d10769e12e8c48659d0a20c0fa0d8776aa38ccac0352c22d9b8373a26443,4476a6da-cfe3-4e32-a280-9be552a4abba,4db32c40-581b-450d-a3b4-6bcf677e831b,,exp_st,exp_st,st_predicate_match:algorithm+graph_or_domain
result,97e6a053-a89e-46ca-b2d1-2edebfc0a31f,97e6a053-a89e-46ca-b2d1-2edebfc0a31f,stgcn,78f5aaea-e980-444f-83e3-52f8c356eb68,fa9c7108-176e-4c68-840d-6acf3a3e59e4,test,COMPLETED,spatiotemporal,spatiotemporal,correlation_train_v1,sha256:1691d10769e12e8c48659d0a20c0fa0d8776aa38ccac0352c22d9b8373a26443,4476a6da-cfe3-4e32-a280-9be552a4abba,4db32c40-581b-450d-a3b4-6bcf677e831b,,exp_st,exp_st,st_predicate_match:algorithm+graph_or_domain
result,ef48aaea-f0a8-43a8-988d-5dd6f7255775,ef48aaea-f0a8-43a8-988d-5dd6f7255775,stgcn,78f5aaea-e980-444f-83e3-52f8c356eb68,fa9c7108-176e-4c68-840d-6acf3a3e59e4,test,COMPLETED,spatiotemporal,spatiotemporal,correlation_train_v1,sha256:1691d10769e12e8c48659d0a20c0fa0d8776aa38ccac0352c22d9b8373a26443,4476a6da-cfe3-4e32-a280-9be552a4abba,4db32c40-581b-450d-a3b4-6bcf677e831b,,exp_st,exp_st,st_predicate_match:algorithm+graph_or_domain
result,626da706-32de-493f-aced-3cbe9357cdaf,626da706-32de-493f-aced-3cbe9357cdaf,stgcn,78f5aaea-e980-444f-83e3-52f8c356eb68,fa9c7108-176e-4c68-840d-6acf3a3e59e4,test,COMPLETED,spatiotemporal,spatiotemporal,correlation_train_v1,sha256:1691d10769e12e8c48659d0a20c0fa0d8776aa38ccac0352c22d9b8373a26443,4476a6da-cfe3-4e32-a280-9be552a4abba,4db32c40-581b-450d-a3b4-6bcf677e831b,,exp_st,exp_st,st_predicate_match:algorithm+graph_or_domain
result,383125e1-afa7-4b14-802b-fc34376fc612,383125e1-afa7-4b14-802b-fc34376fc612,grin,388d993a-7afe-40df-b86c-b10eccd265b4,fa9c7108-176e-4c68-840d-6acf3a3e59e4,test,COMPLETED,spatiotemporal,spatiotemporal,correlation_train_v1,sha256:1691d10769e12e8c48659d0a20c0fa0d8776aa38ccac0352c22d9b8373a26443,f7ca7924-6e70-4a24-bff8-e6dcb4c84e1d,982869fc-d5b5-41a8-adae-d33b10ee92c5,,exp_st,exp_st,st_predicate_match:algorithm+graph_or_domain
result,99f799b5-60d2-45e5-b7de-d81f326df361,99f799b5-60d2-45e5-b7de-d81f326df361,grin,388d993a-7afe-40df-b86c-b10eccd265b4,fa9c7108-176e-4c68-840d-6acf3a3e59e4,test,COMPLETED,spatiotemporal,spatiotemporal,correlation_train_v1,sha256:1691d10769e12e8c48659d0a20c0fa0d8776aa38ccac0352c22d9b8373a26443,f7ca7924-6e70-4a24-bff8-e6dcb4c84e1d,982869fc-d5b5-41a8-adae-d33b10ee92c5,,exp_st,exp_st,st_predicate_match:algorithm+graph_or_domain
result,983850cb-978f-437a-89cd-0f73d0cd5afe,983850cb-978f-437a-89cd-0f73d0cd5afe,grin,388d993a-7afe-40df-b86c-b10eccd265b4,fa9c7108-176e-4c68-840d-6acf3a3e59e4,test,COMPLETED,spatiotemporal,spatiotemporal,correlation_train_v1,sha256:1691d10769e12e8c48659d0a20c0fa0d8776aa38ccac0352c22d9b8373a26443,f7ca7924-6e70-4a24-bff8-e6dcb4c84e1d,982869fc-d5b5-41a8-adae-d33b10ee92c5,,exp_st,exp_st,st_predicate_match:algorithm+graph_or_domain
result,d1e89792-cf36-42ef-86b2-6627c002f5d8,d1e89792-cf36-42ef-86b2-6627c002f5d8,grin,388d993a-7afe-40df-b86c-b10eccd265b4,fa9c7108-176e-4c68-840d-6acf3a3e59e4,test,COMPLETED,spatiotemporal,spatiotemporal,correlation_train_v1,sha256:1691d10769e12e8c48659d0a20c0fa0d8776aa38ccac0352c22d9b8373a26443,f7ca7924-6e70-4a24-bff8-e6dcb4c84e1d,982869fc-d5b5-41a8-adae-d33b10ee92c5,,exp_st,exp_st,st_predicate_match:algorithm+graph_or_domain
result,ba60b74e-b812-44ef-8bb4-6a63f468d21d,ba60b74e-b812-44ef-8bb4-6a63f468d21d,grin,388d993a-7afe-40df-b86c-b10eccd265b4,fa9c7108-176e-4c68-840d-6acf3a3e59e4,test,COMPLETED,spatiotemporal,spatiotemporal,correlation_train_v1,sha256:1691d10769e12e8c48659d0a20c0fa0d8776aa38ccac0352c22d9b8373a26443,f7ca7924-6e70-4a24-bff8-e6dcb4c84e1d,982869fc-d5b5-41a8-adae-d33b10ee92c5,,exp_st,exp_st,st_predicate_match:algorithm+graph_or_domain
result,1e79ce87-20d2-459b-b48b-04e4dcac05d6,1e79ce87-20d2-459b-b48b-04e4dcac05d6,grin,63909921-cc8d-418e-983d-18b6a51c8ba1,fa9c7108-176e-4c68-840d-6acf3a3e59e4,test,COMPLETED,spatiotemporal,spatiotemporal,correlation_train_v1,sha256:1691d10769e12e8c48659d0a20c0fa0d8776aa38ccac0352c22d9b8373a26443,f6f56e84-aa93-45d7-a2a4-c1c16a78f78f,405e9705-cd79-46d5-a44b-08a0e054d157,,exp_st,exp_st,st_predicate_match:algorithm+graph_or_domain
result,4916001e-d267-4401-9058-07a2d1d87b89,4916001e-d267-4401-9058-07a2d1d87b89,grin,63909921-cc8d-418e-983d-18b6a51c8ba1,fa9c7108-176e-4c68-840d-6acf3a3e59e4,test,COMPLETED,spatiotemporal,spatiotemporal,correlation_train_v1,sha256:1691d10769e12e8c48659d0a20c0fa0d8776aa38ccac0352c22d9b8373a26443,f6f56e84-aa93-45d7-a2a4-c1c16a78f78f,405e9705-cd79-46d5-a44b-08a0e054d157,,exp_st,exp_st,st_predicate_match:algorithm+graph_or_domain
result,72c21f1d-95e3-4fc3-8bed-9df952519b8f,72c21f1d-95e3-4fc3-8bed-9df952519b8f,grin,63909921-cc8d-418e-983d-18b6a51c8ba1,fa9c7108-176e-4c68-840d-6acf3a3e59e4,test,COMPLETED,spatiotemporal,spatiotemporal,correlation_train_v1,sha256:1691d10769e12e8c48659d0a20c0fa0d8776aa38ccac0352c22d9b8373a26443,f6f56e84-aa93-45d7-a2a4-c1c16a78f78f,405e9705-cd79-46d5-a44b-08a0e054d157,,exp_st,exp_st,st_predicate_match:algorithm+graph_or_domain
result,42fdb2ef-a2fc-4645-904f-cfa2e2de14fe,42fdb2ef-a2fc-4645-904f-cfa2e2de14fe,grin,63909921-cc8d-418e-983d-18b6a51c8ba1,fa9c7108-176e-4c68-840d-6acf3a3e59e4,test,COMPLETED,spatiotemporal,spatiotemporal,correlation_train_v1,sha256:1691d10769e12e8c48659d0a20c0fa0d8776aa38ccac0352c22d9b8373a26443,f6f56e84-aa93-45d7-a2a4-c1c16a78f78f,405e9705-cd79-46d5-a44b-08a0e054d157,,exp_st,exp_st,st_predicate_match:algorithm+graph_or_domain
result,e48eadf1-3136-4ed0-9ea3-463e2c3d30b1,e48eadf1-3136-4ed0-9ea3-463e2c3d30b1,grin,63909921-cc8d-418e-983d-18b6a51c8ba1,fa9c7108-176e-4c68-840d-6acf3a3e59e4,test,COMPLETED,spatiotemporal,spatiotemporal,correlation_train_v1,sha256:1691d10769e12e8c48659d0a20c0fa0d8776aa38ccac0352c22d9b8373a26443,f6f56e84-aa93-45d7-a2a4-c1c16a78f78f,405e9705-cd79-46d5-a44b-08a0e054d157,,exp_st,exp_st,st_predicate_match:algorithm+graph_or_domain
result,35dfc264-2917-4392-aeb6-c9ff9766febd,35dfc264-2917-4392-aeb6-c9ff9766febd,grin,751eae6b-3559-4bdb-9978-d2f504fe661e,fa9c7108-176e-4c68-840d-6acf3a3e59e4,test,COMPLETED,spatiotemporal,spatiotemporal,correlation_train_v1,sha256:1691d10769e12e8c48659d0a20c0fa0d8776aa38ccac0352c22d9b8373a26443,12ad1c9c-2713-422f-8910-b75502c748d0,33a3cf6f-b5a2-454f-9ec1-dc51e7510eea,,exp_st,exp_st,st_predicate_match:algorithm+graph_or_domain
result,8e776984-aa62-4741-96ff-54908d107ca9,8e776984-aa62-4741-96ff-54908d107ca9,grin,751eae6b-3559-4bdb-9978-d2f504fe661e,fa9c7108-176e-4c68-840d-6acf3a3e59e4,test,COMPLETED,spatiotemporal,spatiotemporal,correlation_train_v1,sha256:1691d10769e12e8c48659d0a20c0fa0d8776aa38ccac0352c22d9b8373a26443,12ad1c9c-2713-422f-8910-b75502c748d0,33a3cf6f-b5a2-454f-9ec1-dc51e7510eea,,exp_st,exp_st,st_predicate_match:algorithm+graph_or_domain
result,2252bea3-f9b9-4d66-a8c8-985fe2531b2a,2252bea3-f9b9-4d66-a8c8-985fe2531b2a,grin,751eae6b-3559-4bdb-9978-d2f504fe661e,fa9c7108-176e-4c68-840d-6acf3a3e59e4,test,COMPLETED,spatiotemporal,spatiotemporal,correlation_train_v1,sha256:1691d10769e12e8c48659d0a20c0fa0d8776aa38ccac0352c22d9b8373a26443,12ad1c9c-2713-422f-8910-b75502c748d0,33a3cf6f-b5a2-454f-9ec1-dc51e7510eea,,exp_st,exp_st,st_predicate_match:algorithm+graph_or_domain
result,9650abe6-b1ec-4165-ae2a-93d45d09be18,9650abe6-b1ec-4165-ae2a-93d45d09be18,grin,751eae6b-3559-4bdb-9978-d2f504fe661e,fa9c7108-176e-4c68-840d-6acf3a3e59e4,test,COMPLETED,spatiotemporal,spatiotemporal,correlation_train_v1,sha256:1691d10769e12e8c48659d0a20c0fa0d8776aa38ccac0352c22d9b8373a26443,12ad1c9c-2713-422f-8910-b75502c748d0,33a3cf6f-b5a2-454f-9ec1-dc51e7510eea,,exp_st,exp_st,st_predicate_match:algorithm+graph_or_domain
result,43f6e1d3-e330-4849-94f5-3b7c75d1defd,43f6e1d3-e330-4849-94f5-3b7c75d1defd,grin,751eae6b-3559-4bdb-9978-d2f504fe661e,fa9c7108-176e-4c68-840d-6acf3a3e59e4,test,COMPLETED,spatiotemporal,spatiotemporal,correlation_train_v1,sha256:1691d10769e12e8c48659d0a20c0fa0d8776aa38ccac0352c22d9b8373a26443,12ad1c9c-2713-422f-8910-b75502c748d0,33a3cf6f-b5a2-454f-9ec1-dc51e7510eea,,exp_st,exp_st,st_predicate_match:algorithm+graph_or_domain
result,f4f06263-d454-49bb-b58e-2e7356b23854,f4f06263-d454-49bb-b58e-2e7356b23854,grin,01bed20e-eb8b-45f3-a32b-09076c07d86b,fa9c7108-176e-4c68-840d-6acf3a3e59e4,test,COMPLETED,spatiotemporal,spatiotemporal,correlation_train_v1,sha256:1691d10769e12e8c48659d0a20c0fa0d8776aa38ccac0352c22d9b8373a26443,7cc0cf6c-8863-4cd3-9119-0a991c6c1426,2b566e1e-39d9-4e9f-8cb8-5da1d2f324a1,,exp_st,exp_st,st_predicate_match:algorithm+graph_or_domain
result,a2d95b9d-8be5-4dc0-b11e-400a90f6134b,a2d95b9d-8be5-4dc0-b11e-400a90f6134b,grin,01bed20e-eb8b-45f3-a32b-09076c07d86b,fa9c7108-176e-4c68-840d-6acf3a3e59e4,test,COMPLETED,spatiotemporal,spatiotemporal,correlation_train_v1,sha256:1691d10769e12e8c48659d0a20c0fa0d8776aa38ccac0352c22d9b8373a26443,7cc0cf6c-8863-4cd3-9119-0a991c6c1426,2b566e1e-39d9-4e9f-8cb8-5da1d2f324a1,,exp_st,exp_st,st_predicate_match:algorithm+graph_or_domain
result,91557203-76ac-4626-a83d-3563401a8a2f,91557203-76ac-4626-a83d-3563401a8a2f,grin,01bed20e-eb8b-45f3-a32b-09076c07d86b,fa9c7108-176e-4c68-840d-6acf3a3e59e4,test,COMPLETED,spatiotemporal,spatiotemporal,correlation_train_v1,sha256:1691d10769e12e8c48659d0a20c0fa0d8776aa38ccac0352c22d9b8373a26443,7cc0cf6c-8863-4cd3-9119-0a991c6c1426,2b566e1e-39d9-4e9f-8cb8-5da1d2f324a1,,exp_st,exp_st,st_predicate_match:algorithm+graph_or_domain
result,93fee944-9a3c-42da-b763-b8a9aabf43c5,93fee944-9a3c-42da-b763-b8a9aabf43c5,grin,01bed20e-eb8b-45f3-a32b-09076c07d86b,fa9c7108-176e-4c68-840d-6acf3a3e59e4,test,COMPLETED,spatiotemporal,spatiotemporal,correlation_train_v1,sha256:1691d10769e12e8c48659d0a20c0fa0d8776aa38ccac0352c22d9b8373a26443,7cc0cf6c-8863-4cd3-9119-0a991c6c1426,2b566e1e-39d9-4e9f-8cb8-5da1d2f324a1,,exp_st,exp_st,st_predicate_match:algorithm+graph_or_domain
result,25feff67-41d3-4f1d-9433-88c2c48095a9,25feff67-41d3-4f1d-9433-88c2c48095a9,grin,01bed20e-eb8b-45f3-a32b-09076c07d86b,fa9c7108-176e-4c68-840d-6acf3a3e59e4,test,COMPLETED,spatiotemporal,spatiotemporal,correlation_train_v1,sha256:1691d10769e12e8c48659d0a20c0fa0d8776aa38ccac0352c22d9b8373a26443,7cc0cf6c-8863-4cd3-9119-0a991c6c1426,2b566e1e-39d9-4e9f-8cb8-5da1d2f324a1,,exp_st,exp_st,st_predicate_match:algorithm+graph_or_domain
result,82979009-678d-4483-b064-025945a0d59f,82979009-678d-4483-b064-025945a0d59f,grin,139d4f68-bbe7-4aa5-b8cd-afb73da413e6,fa9c7108-176e-4c68-840d-6acf3a3e59e4,test,COMPLETED,spatiotemporal,spatiotemporal,correlation_train_v1,sha256:1691d10769e12e8c48659d0a20c0fa0d8776aa38ccac0352c22d9b8373a26443,17855536-d544-469c-b9f9-6756bacc3b5d,75c154b0-9450-4be6-8f92-19ccf33a8430,,exp_st,exp_st,st_predicate_match:algorithm+graph_or_domain
result,8cbee49e-8fde-429e-97d9-f57f0e084c9d,8cbee49e-8fde-429e-97d9-f57f0e084c9d,grin,139d4f68-bbe7-4aa5-b8cd-afb73da413e6,fa9c7108-176e-4c68-840d-6acf3a3e59e4,test,COMPLETED,spatiotemporal,spatiotemporal,correlation_train_v1,sha256:1691d10769e12e8c48659d0a20c0fa0d8776aa38ccac0352c22d9b8373a26443,17855536-d544-469c-b9f9-6756bacc3b5d,75c154b0-9450-4be6-8f92-19ccf33a8430,,exp_st,exp_st,st_predicate_match:algorithm+graph_or_domain
result,4faf27ce-a12a-4775-81f6-f633eff6ecbd,4faf27ce-a12a-4775-81f6-f633eff6ecbd,grin,139d4f68-bbe7-4aa5-b8cd-afb73da413e6,fa9c7108-176e-4c68-840d-6acf3a3e59e4,test,COMPLETED,spatiotemporal,spatiotemporal,correlation_train_v1,sha256:1691d10769e12e8c48659d0a20c0fa0d8776aa38ccac0352c22d9b8373a26443,17855536-d544-469c-b9f9-6756bacc3b5d,75c154b0-9450-4be6-8f92-19ccf33a8430,,exp_st,exp_st,st_predicate_match:algorithm+graph_or_domain
result,14133b7c-4d56-4925-8168-1997ed53c4a5,14133b7c-4d56-4925-8168-1997ed53c4a5,grin,139d4f68-bbe7-4aa5-b8cd-afb73da413e6,fa9c7108-176e-4c68-840d-6acf3a3e59e4,test,COMPLETED,spatiotemporal,spatiotemporal,correlation_train_v1,sha256:1691d10769e12e8c48659d0a20c0fa0d8776aa38ccac0352c22d9b8373a26443,17855536-d544-469c-b9f9-6756bacc3b5d,75c154b0-9450-4be6-8f92-19ccf33a8430,,exp_st,exp_st,st_predicate_match:algorithm+graph_or_domain
result,9e2e29f0-d4cc-4b5b-9213-e2b0d4cd62d4,9e2e29f0-d4cc-4b5b-9213-e2b0d4cd62d4,grin,139d4f68-bbe7-4aa5-b8cd-afb73da413e6,fa9c7108-176e-4c68-840d-6acf3a3e59e4,test,COMPLETED,spatiotemporal,spatiotemporal,correlation_train_v1,sha256:1691d10769e12e8c48659d0a20c0fa0d8776aa38ccac0352c22d9b8373a26443,17855536-d544-469c-b9f9-6756bacc3b5d,75c154b0-9450-4be6-8f92-19ccf33a8430,,exp_st,exp_st,st_predicate_match:algorithm+graph_or_domain
result,048554bc-928f-4f60-bd73-ae13d397b4c5,048554bc-928f-4f60-bd73-ae13d397b4c5,grin,e18f9b85-b54a-4c61-bc75-53d6c78328ed,fa9c7108-176e-4c68-840d-6acf3a3e59e4,test,COMPLETED,spatiotemporal,spatiotemporal,correlation_train_v1,sha256:1691d10769e12e8c48659d0a20c0fa0d8776aa38ccac0352c22d9b8373a26443,4476a6da-cfe3-4e32-a280-9be552a4abba,4db32c40-581b-450d-a3b4-6bcf677e831b,,exp_st,exp_st,st_predicate_match:algorithm+graph_or_domain
result,855bbc6e-db45-43f1-8175-26077db2879b,855bbc6e-db45-43f1-8175-26077db2879b,grin,e18f9b85-b54a-4c61-bc75-53d6c78328ed,fa9c7108-176e-4c68-840d-6acf3a3e59e4,test,COMPLETED,spatiotemporal,spatiotemporal,correlation_train_v1,sha256:1691d10769e12e8c48659d0a20c0fa0d8776aa38ccac0352c22d9b8373a26443,4476a6da-cfe3-4e32-a280-9be552a4abba,4db32c40-581b-450d-a3b4-6bcf677e831b,,exp_st,exp_st,st_predicate_match:algorithm+graph_or_domain
result,57ab211a-7538-45f9-a6b1-3ebab711dab3,57ab211a-7538-45f9-a6b1-3ebab711dab3,grin,e18f9b85-b54a-4c61-bc75-53d6c78328ed,fa9c7108-176e-4c68-840d-6acf3a3e59e4,test,COMPLETED,spatiotemporal,spatiotemporal,correlation_train_v1,sha256:1691d10769e12e8c48659d0a20c0fa0d8776aa38ccac0352c22d9b8373a26443,4476a6da-cfe3-4e32-a280-9be552a4abba,4db32c40-581b-450d-a3b4-6bcf677e831b,,exp_st,exp_st,st_predicate_match:algorithm+graph_or_domain
result,c6019090-b1e8-4a34-bc02-0460c875d853,c6019090-b1e8-4a34-bc02-0460c875d853,grin,e18f9b85-b54a-4c61-bc75-53d6c78328ed,fa9c7108-176e-4c68-840d-6acf3a3e59e4,test,COMPLETED,spatiotemporal,spatiotemporal,correlation_train_v1,sha256:1691d10769e12e8c48659d0a20c0fa0d8776aa38ccac0352c22d9b8373a26443,4476a6da-cfe3-4e32-a280-9be552a4abba,4db32c40-581b-450d-a3b4-6bcf677e831b,,exp_st,exp_st,st_predicate_match:algorithm+graph_or_domain
result,a60617de-887f-4cc8-b074-78108f8c9e18,a60617de-887f-4cc8-b074-78108f8c9e18,grin,e18f9b85-b54a-4c61-bc75-53d6c78328ed,fa9c7108-176e-4c68-840d-6acf3a3e59e4,test,COMPLETED,spatiotemporal,spatiotemporal,correlation_train_v1,sha256:1691d10769e12e8c48659d0a20c0fa0d8776aa38ccac0352c22d9b8373a26443,4476a6da-cfe3-4e32-a280-9be552a4abba,4db32c40-581b-450d-a3b4-6bcf677e831b,,exp_st,exp_st,st_predicate_match:algorithm+graph_or_domain
result,bd563403-dde6-44b5-9863-b7e37b5e1d09,bd563403-dde6-44b5-9863-b7e37b5e1d09,ignnk,32e97060-ee1f-47b5-9653-8a54782d62df,fa9c7108-176e-4c68-840d-6acf3a3e59e4,test,COMPLETED,spatiotemporal,spatiotemporal,correlation_train_v1,sha256:1691d10769e12e8c48659d0a20c0fa0d8776aa38ccac0352c22d9b8373a26443,f7ca7924-6e70-4a24-bff8-e6dcb4c84e1d,982869fc-d5b5-41a8-adae-d33b10ee92c5,,exp_st,exp_st,st_predicate_match:algorithm+graph_or_domain
result,876529ca-8ee9-404e-8f5a-9e36e37f1d1e,876529ca-8ee9-404e-8f5a-9e36e37f1d1e,ignnk,32e97060-ee1f-47b5-9653-8a54782d62df,fa9c7108-176e-4c68-840d-6acf3a3e59e4,test,COMPLETED,spatiotemporal,spatiotemporal,correlation_train_v1,sha256:1691d10769e12e8c48659d0a20c0fa0d8776aa38ccac0352c22d9b8373a26443,f7ca7924-6e70-4a24-bff8-e6dcb4c84e1d,982869fc-d5b5-41a8-adae-d33b10ee92c5,,exp_st,exp_st,st_predicate_match:algorithm+graph_or_domain
result,9a0260ed-97d4-4d7d-bddd-30cc2e4cfef0,9a0260ed-97d4-4d7d-bddd-30cc2e4cfef0,ignnk,32e97060-ee1f-47b5-9653-8a54782d62df,fa9c7108-176e-4c68-840d-6acf3a3e59e4,test,COMPLETED,spatiotemporal,spatiotemporal,correlation_train_v1,sha256:1691d10769e12e8c48659d0a20c0fa0d8776aa38ccac0352c22d9b8373a26443,f7ca7924-6e70-4a24-bff8-e6dcb4c84e1d,982869fc-d5b5-41a8-adae-d33b10ee92c5,,exp_st,exp_st,st_predicate_match:algorithm+graph_or_domain
result,e806b59a-d88a-4093-a33f-a0a1becd4dcd,e806b59a-d88a-4093-a33f-a0a1becd4dcd,ignnk,32e97060-ee1f-47b5-9653-8a54782d62df,fa9c7108-176e-4c68-840d-6acf3a3e59e4,test,COMPLETED,spatiotemporal,spatiotemporal,correlation_train_v1,sha256:1691d10769e12e8c48659d0a20c0fa0d8776aa38ccac0352c22d9b8373a26443,f7ca7924-6e70-4a24-bff8-e6dcb4c84e1d,982869fc-d5b5-41a8-adae-d33b10ee92c5,,exp_st,exp_st,st_predicate_match:algorithm+graph_or_domain
result,0a97d805-b87e-4171-8682-dc6bf855f601,0a97d805-b87e-4171-8682-dc6bf855f601,ignnk,32e97060-ee1f-47b5-9653-8a54782d62df,fa9c7108-176e-4c68-840d-6acf3a3e59e4,test,COMPLETED,spatiotemporal,spatiotemporal,correlation_train_v1,sha256:1691d10769e12e8c48659d0a20c0fa0d8776aa38ccac0352c22d9b8373a26443,f7ca7924-6e70-4a24-bff8-e6dcb4c84e1d,982869fc-d5b5-41a8-adae-d33b10ee92c5,,exp_st,exp_st,st_predicate_match:algorithm+graph_or_domain
result,7f4bdb44-b04d-4ea1-a165-40a0ee0db8ad,7f4bdb44-b04d-4ea1-a165-40a0ee0db8ad,ignnk,922e878b-c1f3-45c9-8789-c1912a47d8bb,fa9c7108-176e-4c68-840d-6acf3a3e59e4,test,COMPLETED,spatiotemporal,spatiotemporal,correlation_train_v1,sha256:1691d10769e12e8c48659d0a20c0fa0d8776aa38ccac0352c22d9b8373a26443,f6f56e84-aa93-45d7-a2a4-c1c16a78f78f,405e9705-cd79-46d5-a44b-08a0e054d157,,exp_st,exp_st,st_predicate_match:algorithm+graph_or_domain
result,b06ef579-e65b-481b-9082-157292394a25,b06ef579-e65b-481b-9082-157292394a25,ignnk,922e878b-c1f3-45c9-8789-c1912a47d8bb,fa9c7108-176e-4c68-840d-6acf3a3e59e4,test,COMPLETED,spatiotemporal,spatiotemporal,correlation_train_v1,sha256:1691d10769e12e8c48659d0a20c0fa0d8776aa38ccac0352c22d9b8373a26443,f6f56e84-aa93-45d7-a2a4-c1c16a78f78f,405e9705-cd79-46d5-a44b-08a0e054d157,,exp_st,exp_st,st_predicate_match:algorithm+graph_or_domain
result,d87648eb-9823-4eca-9eda-a652dc01e959,d87648eb-9823-4eca-9eda-a652dc01e959,ignnk,922e878b-c1f3-45c9-8789-c1912a47d8bb,fa9c7108-176e-4c68-840d-6acf3a3e59e4,test,COMPLETED,spatiotemporal,spatiotemporal,correlation_train_v1,sha256:1691d10769e12e8c48659d0a20c0fa0d8776aa38ccac0352c22d9b8373a26443,f6f56e84-aa93-45d7-a2a4-c1c16a78f78f,405e9705-cd79-46d5-a44b-08a0e054d157,,exp_st,exp_st,st_predicate_match:algorithm+graph_or_domain
result,fc9d7f80-df1f-4a31-a3f6-2d4ee8107759,fc9d7f80-df1f-4a31-a3f6-2d4ee8107759,ignnk,922e878b-c1f3-45c9-8789-c1912a47d8bb,fa9c7108-176e-4c68-840d-6acf3a3e59e4,test,COMPLETED,spatiotemporal,spatiotemporal,correlation_train_v1,sha256:1691d10769e12e8c48659d0a20c0fa0d8776aa38ccac0352c22d9b8373a26443,f6f56e84-aa93-45d7-a2a4-c1c16a78f78f,405e9705-cd79-46d5-a44b-08a0e054d157,,exp_st,exp_st,st_predicate_match:algorithm+graph_or_domain
result,ae1c4027-1bb2-414f-b6b6-7f0478355aab,ae1c4027-1bb2-414f-b6b6-7f0478355aab,ignnk,922e878b-c1f3-45c9-8789-c1912a47d8bb,fa9c7108-176e-4c68-840d-6acf3a3e59e4,test,COMPLETED,spatiotemporal,spatiotemporal,correlation_train_v1,sha256:1691d10769e12e8c48659d0a20c0fa0d8776aa38ccac0352c22d9b8373a26443,f6f56e84-aa93-45d7-a2a4-c1c16a78f78f,405e9705-cd79-46d5-a44b-08a0e054d157,,exp_st,exp_st,st_predicate_match:algorithm+graph_or_domain
result,b358b0c6-103a-4db2-8bf5-5a917efa5d79,b358b0c6-103a-4db2-8bf5-5a917efa5d79,ignnk,95c9c393-ad77-43d8-b154-07e44738a679,fa9c7108-176e-4c68-840d-6acf3a3e59e4,test,COMPLETED,spatiotemporal,spatiotemporal,correlation_train_v1,sha256:1691d10769e12e8c48659d0a20c0fa0d8776aa38ccac0352c22d9b8373a26443,12ad1c9c-2713-422f-8910-b75502c748d0,33a3cf6f-b5a2-454f-9ec1-dc51e7510eea,,exp_st,exp_st,st_predicate_match:algorithm+graph_or_domain
result,fadf30e5-ae00-4387-95be-2b0b8b85ddc1,fadf30e5-ae00-4387-95be-2b0b8b85ddc1,ignnk,95c9c393-ad77-43d8-b154-07e44738a679,fa9c7108-176e-4c68-840d-6acf3a3e59e4,test,COMPLETED,spatiotemporal,spatiotemporal,correlation_train_v1,sha256:1691d10769e12e8c48659d0a20c0fa0d8776aa38ccac0352c22d9b8373a26443,12ad1c9c-2713-422f-8910-b75502c748d0,33a3cf6f-b5a2-454f-9ec1-dc51e7510eea,,exp_st,exp_st,st_predicate_match:algorithm+graph_or_domain
result,b30bdac1-7c71-4873-b9d7-c6d136fefce9,b30bdac1-7c71-4873-b9d7-c6d136fefce9,ignnk,95c9c393-ad77-43d8-b154-07e44738a679,fa9c7108-176e-4c68-840d-6acf3a3e59e4,test,COMPLETED,spatiotemporal,spatiotemporal,correlation_train_v1,sha256:1691d10769e12e8c48659d0a20c0fa0d8776aa38ccac0352c22d9b8373a26443,12ad1c9c-2713-422f-8910-b75502c748d0,33a3cf6f-b5a2-454f-9ec1-dc51e7510eea,,exp_st,exp_st,st_predicate_match:algorithm+graph_or_domain
result,40b40078-e3ef-4a35-b59b-f36680c0c720,40b40078-e3ef-4a35-b59b-f36680c0c720,ignnk,95c9c393-ad77-43d8-b154-07e44738a679,fa9c7108-176e-4c68-840d-6acf3a3e59e4,test,COMPLETED,spatiotemporal,spatiotemporal,correlation_train_v1,sha256:1691d10769e12e8c48659d0a20c0fa0d8776aa38ccac0352c22d9b8373a26443,12ad1c9c-2713-422f-8910-b75502c748d0,33a3cf6f-b5a2-454f-9ec1-dc51e7510eea,,exp_st,exp_st,st_predicate_match:algorithm+graph_or_domain
result,e71cba26-b367-473d-a1cb-e1bbce366b90,e71cba26-b367-473d-a1cb-e1bbce366b90,ignnk,95c9c393-ad77-43d8-b154-07e44738a679,fa9c7108-176e-4c68-840d-6acf3a3e59e4,test,COMPLETED,spatiotemporal,spatiotemporal,correlation_train_v1,sha256:1691d10769e12e8c48659d0a20c0fa0d8776aa38ccac0352c22d9b8373a26443,12ad1c9c-2713-422f-8910-b75502c748d0,33a3cf6f-b5a2-454f-9ec1-dc51e7510eea,,exp_st,exp_st,st_predicate_match:algorithm+graph_or_domain
result,33e41cf6-8535-4299-a343-de0bd3196269,33e41cf6-8535-4299-a343-de0bd3196269,ignnk,0fc40a54-6a92-450a-b388-83fe41e69872,fa9c7108-176e-4c68-840d-6acf3a3e59e4,test,COMPLETED,spatiotemporal,spatiotemporal,correlation_train_v1,sha256:1691d10769e12e8c48659d0a20c0fa0d8776aa38ccac0352c22d9b8373a26443,7cc0cf6c-8863-4cd3-9119-0a991c6c1426,2b566e1e-39d9-4e9f-8cb8-5da1d2f324a1,,exp_st,exp_st,st_predicate_match:algorithm+graph_or_domain
result,dec474a6-87dd-4f4f-9c38-d28430f0850f,dec474a6-87dd-4f4f-9c38-d28430f0850f,ignnk,0fc40a54-6a92-450a-b388-83fe41e69872,fa9c7108-176e-4c68-840d-6acf3a3e59e4,test,COMPLETED,spatiotemporal,spatiotemporal,correlation_train_v1,sha256:1691d10769e12e8c48659d0a20c0fa0d8776aa38ccac0352c22d9b8373a26443,7cc0cf6c-8863-4cd3-9119-0a991c6c1426,2b566e1e-39d9-4e9f-8cb8-5da1d2f324a1,,exp_st,exp_st,st_predicate_match:algorithm+graph_or_domain
result,f4d352c8-40d7-46a8-a013-7e59f8485786,f4d352c8-40d7-46a8-a013-7e59f8485786,ignnk,0fc40a54-6a92-450a-b388-83fe41e69872,fa9c7108-176e-4c68-840d-6acf3a3e59e4,test,COMPLETED,spatiotemporal,spatiotemporal,correlation_train_v1,sha256:1691d10769e12e8c48659d0a20c0fa0d8776aa38ccac0352c22d9b8373a26443,7cc0cf6c-8863-4cd3-9119-0a991c6c1426,2b566e1e-39d9-4e9f-8cb8-5da1d2f324a1,,exp_st,exp_st,st_predicate_match:algorithm+graph_or_domain
result,4548121d-b4ab-4bc6-8eca-c9d0bfa4faac,4548121d-b4ab-4bc6-8eca-c9d0bfa4faac,ignnk,0fc40a54-6a92-450a-b388-83fe41e69872,fa9c7108-176e-4c68-840d-6acf3a3e59e4,test,COMPLETED,spatiotemporal,spatiotemporal,correlation_train_v1,sha256:1691d10769e12e8c48659d0a20c0fa0d8776aa38ccac0352c22d9b8373a26443,7cc0cf6c-8863-4cd3-9119-0a991c6c1426,2b566e1e-39d9-4e9f-8cb8-5da1d2f324a1,,exp_st,exp_st,st_predicate_match:algorithm+graph_or_domain
result,05dfc3fd-4706-4852-94e1-69b657cbb4a2,05dfc3fd-4706-4852-94e1-69b657cbb4a2,ignnk,0fc40a54-6a92-450a-b388-83fe41e69872,fa9c7108-176e-4c68-840d-6acf3a3e59e4,test,COMPLETED,spatiotemporal,spatiotemporal,correlation_train_v1,sha256:1691d10769e12e8c48659d0a20c0fa0d8776aa38ccac0352c22d9b8373a26443,7cc0cf6c-8863-4cd3-9119-0a991c6c1426,2b566e1e-39d9-4e9f-8cb8-5da1d2f324a1,,exp_st,exp_st,st_predicate_match:algorithm+graph_or_domain
result,3f0a68e8-93d9-4be5-a090-b2cc8766aea8,3f0a68e8-93d9-4be5-a090-b2cc8766aea8,ignnk,804870e3-e219-4afd-8e20-a5861b1a6861,fa9c7108-176e-4c68-840d-6acf3a3e59e4,test,COMPLETED,spatiotemporal,spatiotemporal,correlation_train_v1,sha256:1691d10769e12e8c48659d0a20c0fa0d8776aa38ccac0352c22d9b8373a26443,17855536-d544-469c-b9f9-6756bacc3b5d,75c154b0-9450-4be6-8f92-19ccf33a8430,,exp_st,exp_st,st_predicate_match:algorithm+graph_or_domain
result,26bc8291-19b9-4b6a-80b7-e0eea388da7d,26bc8291-19b9-4b6a-80b7-e0eea388da7d,ignnk,804870e3-e219-4afd-8e20-a5861b1a6861,fa9c7108-176e-4c68-840d-6acf3a3e59e4,test,COMPLETED,spatiotemporal,spatiotemporal,correlation_train_v1,sha256:1691d10769e12e8c48659d0a20c0fa0d8776aa38ccac0352c22d9b8373a26443,17855536-d544-469c-b9f9-6756bacc3b5d,75c154b0-9450-4be6-8f92-19ccf33a8430,,exp_st,exp_st,st_predicate_match:algorithm+graph_or_domain
result,122ccee7-f3ba-496c-956e-f834079d5c8d,122ccee7-f3ba-496c-956e-f834079d5c8d,ignnk,804870e3-e219-4afd-8e20-a5861b1a6861,fa9c7108-176e-4c68-840d-6acf3a3e59e4,test,COMPLETED,spatiotemporal,spatiotemporal,correlation_train_v1,sha256:1691d10769e12e8c48659d0a20c0fa0d8776aa38ccac0352c22d9b8373a26443,17855536-d544-469c-b9f9-6756bacc3b5d,75c154b0-9450-4be6-8f92-19ccf33a8430,,exp_st,exp_st,st_predicate_match:algorithm+graph_or_domain
result,bb5199a5-1054-4f7f-9ca3-8737f9580b78,bb5199a5-1054-4f7f-9ca3-8737f9580b78,ignnk,804870e3-e219-4afd-8e20-a5861b1a6861,fa9c7108-176e-4c68-840d-6acf3a3e59e4,test,COMPLETED,spatiotemporal,spatiotemporal,correlation_train_v1,sha256:1691d10769e12e8c48659d0a20c0fa0d8776aa38ccac0352c22d9b8373a26443,17855536-d544-469c-b9f9-6756bacc3b5d,75c154b0-9450-4be6-8f92-19ccf33a8430,,exp_st,exp_st,st_predicate_match:algorithm+graph_or_domain
result,14bf64a4-209a-4320-96d8-673dd3e17108,14bf64a4-209a-4320-96d8-673dd3e17108,ignnk,804870e3-e219-4afd-8e20-a5861b1a6861,fa9c7108-176e-4c68-840d-6acf3a3e59e4,test,COMPLETED,spatiotemporal,spatiotemporal,correlation_train_v1,sha256:1691d10769e12e8c48659d0a20c0fa0d8776aa38ccac0352c22d9b8373a26443,17855536-d544-469c-b9f9-6756bacc3b5d,75c154b0-9450-4be6-8f92-19ccf33a8430,,exp_st,exp_st,st_predicate_match:algorithm+graph_or_domain
result,dce383cd-aa2a-4eeb-8073-5aa198459392,dce383cd-aa2a-4eeb-8073-5aa198459392,ignnk,205e515d-2e03-4bc9-bb4a-473799cb5e29,fa9c7108-176e-4c68-840d-6acf3a3e59e4,test,COMPLETED,spatiotemporal,spatiotemporal,correlation_train_v1,sha256:1691d10769e12e8c48659d0a20c0fa0d8776aa38ccac0352c22d9b8373a26443,4476a6da-cfe3-4e32-a280-9be552a4abba,4db32c40-581b-450d-a3b4-6bcf677e831b,,exp_st,exp_st,st_predicate_match:algorithm+graph_or_domain
result,c28427d6-31a7-41d2-a08c-eda2316692cf,c28427d6-31a7-41d2-a08c-eda2316692cf,ignnk,205e515d-2e03-4bc9-bb4a-473799cb5e29,fa9c7108-176e-4c68-840d-6acf3a3e59e4,test,COMPLETED,spatiotemporal,spatiotemporal,correlation_train_v1,sha256:1691d10769e12e8c48659d0a20c0fa0d8776aa38ccac0352c22d9b8373a26443,4476a6da-cfe3-4e32-a280-9be552a4abba,4db32c40-581b-450d-a3b4-6bcf677e831b,,exp_st,exp_st,st_predicate_match:algorithm+graph_or_domain
result,a611f485-1fe6-410d-8d83-e8ce976983eb,a611f485-1fe6-410d-8d83-e8ce976983eb,ignnk,205e515d-2e03-4bc9-bb4a-473799cb5e29,fa9c7108-176e-4c68-840d-6acf3a3e59e4,test,COMPLETED,spatiotemporal,spatiotemporal,correlation_train_v1,sha256:1691d10769e12e8c48659d0a20c0fa0d8776aa38ccac0352c22d9b8373a26443,4476a6da-cfe3-4e32-a280-9be552a4abba,4db32c40-581b-450d-a3b4-6bcf677e831b,,exp_st,exp_st,st_predicate_match:algorithm+graph_or_domain
result,2ae37b33-1dc1-453e-8b6b-aee569645a86,2ae37b33-1dc1-453e-8b6b-aee569645a86,ignnk,205e515d-2e03-4bc9-bb4a-473799cb5e29,fa9c7108-176e-4c68-840d-6acf3a3e59e4,test,COMPLETED,spatiotemporal,spatiotemporal,correlation_train_v1,sha256:1691d10769e12e8c48659d0a20c0fa0d8776aa38ccac0352c22d9b8373a26443,4476a6da-cfe3-4e32-a280-9be552a4abba,4db32c40-581b-450d-a3b4-6bcf677e831b,,exp_st,exp_st,st_predicate_match:algorithm+graph_or_domain
result,84cd86a0-56ad-411e-adb0-5881646c964e,84cd86a0-56ad-411e-adb0-5881646c964e,ignnk,205e515d-2e03-4bc9-bb4a-473799cb5e29,fa9c7108-176e-4c68-840d-6acf3a3e59e4,test,COMPLETED,spatiotemporal,spatiotemporal,correlation_train_v1,sha256:1691d10769e12e8c48659d0a20c0fa0d8776aa38ccac0352c22d9b8373a26443,4476a6da-cfe3-4e32-a280-9be552a4abba,4db32c40-581b-450d-a3b4-6bcf677e831b,,exp_st,exp_st,st_predicate_match:algorithm+graph_or_domain
result,06ea0718-d642-4484-badf-93194638c67b,06ea0718-d642-4484-badf-93194638c67b,dcrnn,2f9573a7-718b-4561-9923-6fbf0e260922,fa9c7108-176e-4c68-840d-6acf3a3e59e4,test,COMPLETED,spatiotemporal,spatiotemporal,correlation_train_v1,sha256:1691d10769e12e8c48659d0a20c0fa0d8776aa38ccac0352c22d9b8373a26443,f7ca7924-6e70-4a24-bff8-e6dcb4c84e1d,982869fc-d5b5-41a8-adae-d33b10ee92c5,,exp_st,exp_st,st_predicate_match:algorithm+graph_or_domain
result,93a2dd1a-7159-42cb-b8b4-e0137647a32e,93a2dd1a-7159-42cb-b8b4-e0137647a32e,dcrnn,2f9573a7-718b-4561-9923-6fbf0e260922,fa9c7108-176e-4c68-840d-6acf3a3e59e4,test,COMPLETED,spatiotemporal,spatiotemporal,correlation_train_v1,sha256:1691d10769e12e8c48659d0a20c0fa0d8776aa38ccac0352c22d9b8373a26443,f7ca7924-6e70-4a24-bff8-e6dcb4c84e1d,982869fc-d5b5-41a8-adae-d33b10ee92c5,,exp_st,exp_st,st_predicate_match:algorithm+graph_or_domain
result,29b4d388-545c-47b4-9c5d-6a0aaa5abee2,29b4d388-545c-47b4-9c5d-6a0aaa5abee2,dcrnn,2f9573a7-718b-4561-9923-6fbf0e260922,fa9c7108-176e-4c68-840d-6acf3a3e59e4,test,COMPLETED,spatiotemporal,spatiotemporal,correlation_train_v1,sha256:1691d10769e12e8c48659d0a20c0fa0d8776aa38ccac0352c22d9b8373a26443,f7ca7924-6e70-4a24-bff8-e6dcb4c84e1d,982869fc-d5b5-41a8-adae-d33b10ee92c5,,exp_st,exp_st,st_predicate_match:algorithm+graph_or_domain
result,19d5ae59-200a-4949-ab54-829ecbe585bd,19d5ae59-200a-4949-ab54-829ecbe585bd,dcrnn,2f9573a7-718b-4561-9923-6fbf0e260922,fa9c7108-176e-4c68-840d-6acf3a3e59e4,test,COMPLETED,spatiotemporal,spatiotemporal,correlation_train_v1,sha256:1691d10769e12e8c48659d0a20c0fa0d8776aa38ccac0352c22d9b8373a26443,f7ca7924-6e70-4a24-bff8-e6dcb4c84e1d,982869fc-d5b5-41a8-adae-d33b10ee92c5,,exp_st,exp_st,st_predicate_match:algorithm+graph_or_domain
result,aa3b72cf-5c27-4d71-a3ce-a90e2bea60a0,aa3b72cf-5c27-4d71-a3ce-a90e2bea60a0,dcrnn,2f9573a7-718b-4561-9923-6fbf0e260922,fa9c7108-176e-4c68-840d-6acf3a3e59e4,test,COMPLETED,spatiotemporal,spatiotemporal,correlation_train_v1,sha256:1691d10769e12e8c48659d0a20c0fa0d8776aa38ccac0352c22d9b8373a26443,f7ca7924-6e70-4a24-bff8-e6dcb4c84e1d,982869fc-d5b5-41a8-adae-d33b10ee92c5,,exp_st,exp_st,st_predicate_match:algorithm+graph_or_domain
result,170d4847-6448-4ac8-b2a0-e4e37c53aba0,170d4847-6448-4ac8-b2a0-e4e37c53aba0,dcrnn,b4b969cb-f72a-4c56-8855-83e33454ca3c,fa9c7108-176e-4c68-840d-6acf3a3e59e4,test,COMPLETED,spatiotemporal,spatiotemporal,correlation_train_v1,sha256:1691d10769e12e8c48659d0a20c0fa0d8776aa38ccac0352c22d9b8373a26443,f6f56e84-aa93-45d7-a2a4-c1c16a78f78f,405e9705-cd79-46d5-a44b-08a0e054d157,,exp_st,exp_st,st_predicate_match:algorithm+graph_or_domain
result,b60de87c-8188-4d14-9c4e-b5cbca3bb03a,b60de87c-8188-4d14-9c4e-b5cbca3bb03a,dcrnn,b4b969cb-f72a-4c56-8855-83e33454ca3c,fa9c7108-176e-4c68-840d-6acf3a3e59e4,test,COMPLETED,spatiotemporal,spatiotemporal,correlation_train_v1,sha256:1691d10769e12e8c48659d0a20c0fa0d8776aa38ccac0352c22d9b8373a26443,f6f56e84-aa93-45d7-a2a4-c1c16a78f78f,405e9705-cd79-46d5-a44b-08a0e054d157,,exp_st,exp_st,st_predicate_match:algorithm+graph_or_domain
result,fd4d4670-2664-4d8d-bddb-3fa37cebe2c4,fd4d4670-2664-4d8d-bddb-3fa37cebe2c4,dcrnn,b4b969cb-f72a-4c56-8855-83e33454ca3c,fa9c7108-176e-4c68-840d-6acf3a3e59e4,test,COMPLETED,spatiotemporal,spatiotemporal,correlation_train_v1,sha256:1691d10769e12e8c48659d0a20c0fa0d8776aa38ccac0352c22d9b8373a26443,f6f56e84-aa93-45d7-a2a4-c1c16a78f78f,405e9705-cd79-46d5-a44b-08a0e054d157,,exp_st,exp_st,st_predicate_match:algorithm+graph_or_domain
result,841446a7-5621-4a0c-9ff4-90ecceb267a4,841446a7-5621-4a0c-9ff4-90ecceb267a4,dcrnn,b4b969cb-f72a-4c56-8855-83e33454ca3c,fa9c7108-176e-4c68-840d-6acf3a3e59e4,test,COMPLETED,spatiotemporal,spatiotemporal,correlation_train_v1,sha256:1691d10769e12e8c48659d0a20c0fa0d8776aa38ccac0352c22d9b8373a26443,f6f56e84-aa93-45d7-a2a4-c1c16a78f78f,405e9705-cd79-46d5-a44b-08a0e054d157,,exp_st,exp_st,st_predicate_match:algorithm+graph_or_domain
result,a08ff1d7-6816-4839-98f3-bf45561d6168,a08ff1d7-6816-4839-98f3-bf45561d6168,dcrnn,b4b969cb-f72a-4c56-8855-83e33454ca3c,fa9c7108-176e-4c68-840d-6acf3a3e59e4,test,COMPLETED,spatiotemporal,spatiotemporal,correlation_train_v1,sha256:1691d10769e12e8c48659d0a20c0fa0d8776aa38ccac0352c22d9b8373a26443,f6f56e84-aa93-45d7-a2a4-c1c16a78f78f,405e9705-cd79-46d5-a44b-08a0e054d157,,exp_st,exp_st,st_predicate_match:algorithm+graph_or_domain
result,3d565e03-da71-4f7f-9151-fbf58d92117e,3d565e03-da71-4f7f-9151-fbf58d92117e,dcrnn,4f18c204-57d6-4b20-9630-9642c65c9a61,fa9c7108-176e-4c68-840d-6acf3a3e59e4,test,COMPLETED,spatiotemporal,spatiotemporal,correlation_train_v1,sha256:1691d10769e12e8c48659d0a20c0fa0d8776aa38ccac0352c22d9b8373a26443,12ad1c9c-2713-422f-8910-b75502c748d0,33a3cf6f-b5a2-454f-9ec1-dc51e7510eea,,exp_st,exp_st,st_predicate_match:algorithm+graph_or_domain
result,079a6c16-7572-4b66-a094-6e8977cda886,079a6c16-7572-4b66-a094-6e8977cda886,dcrnn,4f18c204-57d6-4b20-9630-9642c65c9a61,fa9c7108-176e-4c68-840d-6acf3a3e59e4,test,COMPLETED,spatiotemporal,spatiotemporal,correlation_train_v1,sha256:1691d10769e12e8c48659d0a20c0fa0d8776aa38ccac0352c22d9b8373a26443,12ad1c9c-2713-422f-8910-b75502c748d0,33a3cf6f-b5a2-454f-9ec1-dc51e7510eea,,exp_st,exp_st,st_predicate_match:algorithm+graph_or_domain
result,0c740a85-5475-486a-a627-154332854d5f,0c740a85-5475-486a-a627-154332854d5f,dcrnn,4f18c204-57d6-4b20-9630-9642c65c9a61,fa9c7108-176e-4c68-840d-6acf3a3e59e4,test,COMPLETED,spatiotemporal,spatiotemporal,correlation_train_v1,sha256:1691d10769e12e8c48659d0a20c0fa0d8776aa38ccac0352c22d9b8373a26443,12ad1c9c-2713-422f-8910-b75502c748d0,33a3cf6f-b5a2-454f-9ec1-dc51e7510eea,,exp_st,exp_st,st_predicate_match:algorithm+graph_or_domain
result,8d79ab0d-7bb2-480b-b29f-5996b178b465,8d79ab0d-7bb2-480b-b29f-5996b178b465,dcrnn,4f18c204-57d6-4b20-9630-9642c65c9a61,fa9c7108-176e-4c68-840d-6acf3a3e59e4,test,COMPLETED,spatiotemporal,spatiotemporal,correlation_train_v1,sha256:1691d10769e12e8c48659d0a20c0fa0d8776aa38ccac0352c22d9b8373a26443,12ad1c9c-2713-422f-8910-b75502c748d0,33a3cf6f-b5a2-454f-9ec1-dc51e7510eea,,exp_st,exp_st,st_predicate_match:algorithm+graph_or_domain
result,264353e5-a143-446e-838d-47b58db5ca0a,264353e5-a143-446e-838d-47b58db5ca0a,dcrnn,4f18c204-57d6-4b20-9630-9642c65c9a61,fa9c7108-176e-4c68-840d-6acf3a3e59e4,test,COMPLETED,spatiotemporal,spatiotemporal,correlation_train_v1,sha256:1691d10769e12e8c48659d0a20c0fa0d8776aa38ccac0352c22d9b8373a26443,12ad1c9c-2713-422f-8910-b75502c748d0,33a3cf6f-b5a2-454f-9ec1-dc51e7510eea,,exp_st,exp_st,st_predicate_match:algorithm+graph_or_domain
result,dedec814-db75-490a-852d-3d75e8ccb362,dedec814-db75-490a-852d-3d75e8ccb362,dcrnn,3f15c43a-acd7-4002-b6c7-266f4cc1454e,fa9c7108-176e-4c68-840d-6acf3a3e59e4,test,COMPLETED,spatiotemporal,spatiotemporal,correlation_train_v1,sha256:1691d10769e12e8c48659d0a20c0fa0d8776aa38ccac0352c22d9b8373a26443,7cc0cf6c-8863-4cd3-9119-0a991c6c1426,2b566e1e-39d9-4e9f-8cb8-5da1d2f324a1,,exp_st,exp_st,st_predicate_match:algorithm+graph_or_domain
result,ecf18b6e-d7cc-4122-8d4f-25f33f34b4d4,ecf18b6e-d7cc-4122-8d4f-25f33f34b4d4,dcrnn,3f15c43a-acd7-4002-b6c7-266f4cc1454e,fa9c7108-176e-4c68-840d-6acf3a3e59e4,test,COMPLETED,spatiotemporal,spatiotemporal,correlation_train_v1,sha256:1691d10769e12e8c48659d0a20c0fa0d8776aa38ccac0352c22d9b8373a26443,7cc0cf6c-8863-4cd3-9119-0a991c6c1426,2b566e1e-39d9-4e9f-8cb8-5da1d2f324a1,,exp_st,exp_st,st_predicate_match:algorithm+graph_or_domain
result,e0093d9b-42a1-4bc6-a31b-47441e451abd,e0093d9b-42a1-4bc6-a31b-47441e451abd,dcrnn,3f15c43a-acd7-4002-b6c7-266f4cc1454e,fa9c7108-176e-4c68-840d-6acf3a3e59e4,test,COMPLETED,spatiotemporal,spatiotemporal,correlation_train_v1,sha256:1691d10769e12e8c48659d0a20c0fa0d8776aa38ccac0352c22d9b8373a26443,7cc0cf6c-8863-4cd3-9119-0a991c6c1426,2b566e1e-39d9-4e9f-8cb8-5da1d2f324a1,,exp_st,exp_st,st_predicate_match:algorithm+graph_or_domain
result,713e9223-4b56-4df4-903b-dc8a1c73c5b8,713e9223-4b56-4df4-903b-dc8a1c73c5b8,dcrnn,3f15c43a-acd7-4002-b6c7-266f4cc1454e,fa9c7108-176e-4c68-840d-6acf3a3e59e4,test,COMPLETED,spatiotemporal,spatiotemporal,correlation_train_v1,sha256:1691d10769e12e8c48659d0a20c0fa0d8776aa38ccac0352c22d9b8373a26443,7cc0cf6c-8863-4cd3-9119-0a991c6c1426,2b566e1e-39d9-4e9f-8cb8-5da1d2f324a1,,exp_st,exp_st,st_predicate_match:algorithm+graph_or_domain
result,231a7b44-bae5-4d6a-94f8-64b8e267910c,231a7b44-bae5-4d6a-94f8-64b8e267910c,dcrnn,3f15c43a-acd7-4002-b6c7-266f4cc1454e,fa9c7108-176e-4c68-840d-6acf3a3e59e4,test,COMPLETED,spatiotemporal,spatiotemporal,correlation_train_v1,sha256:1691d10769e12e8c48659d0a20c0fa0d8776aa38ccac0352c22d9b8373a26443,7cc0cf6c-8863-4cd3-9119-0a991c6c1426,2b566e1e-39d9-4e9f-8cb8-5da1d2f324a1,,exp_st,exp_st,st_predicate_match:algorithm+graph_or_domain
result,1ca2fb24-13e7-4b4b-8519-3af9dc2701c8,1ca2fb24-13e7-4b4b-8519-3af9dc2701c8,dcrnn,7fedc1a0-45ac-4e11-94c2-3589613e9862,fa9c7108-176e-4c68-840d-6acf3a3e59e4,test,COMPLETED,spatiotemporal,spatiotemporal,correlation_train_v1,sha256:1691d10769e12e8c48659d0a20c0fa0d8776aa38ccac0352c22d9b8373a26443,17855536-d544-469c-b9f9-6756bacc3b5d,75c154b0-9450-4be6-8f92-19ccf33a8430,,exp_st,exp_st,st_predicate_match:algorithm+graph_or_domain
result,5bc07bea-3ac4-44dd-83c0-9daf188106f2,5bc07bea-3ac4-44dd-83c0-9daf188106f2,dcrnn,7fedc1a0-45ac-4e11-94c2-3589613e9862,fa9c7108-176e-4c68-840d-6acf3a3e59e4,test,COMPLETED,spatiotemporal,spatiotemporal,correlation_train_v1,sha256:1691d10769e12e8c48659d0a20c0fa0d8776aa38ccac0352c22d9b8373a26443,17855536-d544-469c-b9f9-6756bacc3b5d,75c154b0-9450-4be6-8f92-19ccf33a8430,,exp_st,exp_st,st_predicate_match:algorithm+graph_or_domain
result,e49da0b3-a467-4881-80dd-7b78ff88ab52,e49da0b3-a467-4881-80dd-7b78ff88ab52,dcrnn,7fedc1a0-45ac-4e11-94c2-3589613e9862,fa9c7108-176e-4c68-840d-6acf3a3e59e4,test,COMPLETED,spatiotemporal,spatiotemporal,correlation_train_v1,sha256:1691d10769e12e8c48659d0a20c0fa0d8776aa38ccac0352c22d9b8373a26443,17855536-d544-469c-b9f9-6756bacc3b5d,75c154b0-9450-4be6-8f92-19ccf33a8430,,exp_st,exp_st,st_predicate_match:algorithm+graph_or_domain
result,de6dfb61-c334-400c-b2c2-0d8f1cce833c,de6dfb61-c334-400c-b2c2-0d8f1cce833c,dcrnn,7fedc1a0-45ac-4e11-94c2-3589613e9862,fa9c7108-176e-4c68-840d-6acf3a3e59e4,test,COMPLETED,spatiotemporal,spatiotemporal,correlation_train_v1,sha256:1691d10769e12e8c48659d0a20c0fa0d8776aa38ccac0352c22d9b8373a26443,17855536-d544-469c-b9f9-6756bacc3b5d,75c154b0-9450-4be6-8f92-19ccf33a8430,,exp_st,exp_st,st_predicate_match:algorithm+graph_or_domain
result,6246ab4e-12ce-4565-9473-a4e59024b1b7,6246ab4e-12ce-4565-9473-a4e59024b1b7,dcrnn,7fedc1a0-45ac-4e11-94c2-3589613e9862,fa9c7108-176e-4c68-840d-6acf3a3e59e4,test,COMPLETED,spatiotemporal,spatiotemporal,correlation_train_v1,sha256:1691d10769e12e8c48659d0a20c0fa0d8776aa38ccac0352c22d9b8373a26443,17855536-d544-469c-b9f9-6756bacc3b5d,75c154b0-9450-4be6-8f92-19ccf33a8430,,exp_st,exp_st,st_predicate_match:algorithm+graph_or_domain
result,63778e63-cdbc-4e5a-8fbb-b75449ae1317,63778e63-cdbc-4e5a-8fbb-b75449ae1317,dcrnn,dc05e44b-2c51-4cd2-8993-5801e9f8540d,fa9c7108-176e-4c68-840d-6acf3a3e59e4,test,COMPLETED,spatiotemporal,spatiotemporal,correlation_train_v1,sha256:1691d10769e12e8c48659d0a20c0fa0d8776aa38ccac0352c22d9b8373a26443,4476a6da-cfe3-4e32-a280-9be552a4abba,4db32c40-581b-450d-a3b4-6bcf677e831b,,exp_st,exp_st,st_predicate_match:algorithm+graph_or_domain
result,84817645-cea2-4c72-b2c4-a04dd82fcac6,84817645-cea2-4c72-b2c4-a04dd82fcac6,dcrnn,dc05e44b-2c51-4cd2-8993-5801e9f8540d,fa9c7108-176e-4c68-840d-6acf3a3e59e4,test,COMPLETED,spatiotemporal,spatiotemporal,correlation_train_v1,sha256:1691d10769e12e8c48659d0a20c0fa0d8776aa38ccac0352c22d9b8373a26443,4476a6da-cfe3-4e32-a280-9be552a4abba,4db32c40-581b-450d-a3b4-6bcf677e831b,,exp_st,exp_st,st_predicate_match:algorithm+graph_or_domain
result,2810f64e-398b-48f1-9f62-3bbcd3bf308e,2810f64e-398b-48f1-9f62-3bbcd3bf308e,dcrnn,dc05e44b-2c51-4cd2-8993-5801e9f8540d,fa9c7108-176e-4c68-840d-6acf3a3e59e4,test,COMPLETED,spatiotemporal,spatiotemporal,correlation_train_v1,sha256:1691d10769e12e8c48659d0a20c0fa0d8776aa38ccac0352c22d9b8373a26443,4476a6da-cfe3-4e32-a280-9be552a4abba,4db32c40-581b-450d-a3b4-6bcf677e831b,,exp_st,exp_st,st_predicate_match:algorithm+graph_or_domain
result,695dfb79-c781-4d60-91db-c080ef92468e,695dfb79-c781-4d60-91db-c080ef92468e,dcrnn,dc05e44b-2c51-4cd2-8993-5801e9f8540d,fa9c7108-176e-4c68-840d-6acf3a3e59e4,test,COMPLETED,spatiotemporal,spatiotemporal,correlation_train_v1,sha256:1691d10769e12e8c48659d0a20c0fa0d8776aa38ccac0352c22d9b8373a26443,4476a6da-cfe3-4e32-a280-9be552a4abba,4db32c40-581b-450d-a3b4-6bcf677e831b,,exp_st,exp_st,st_predicate_match:algorithm+graph_or_domain
result,27fb66ea-d4b4-43d0-bbf4-5c3f7fb1ccb0,27fb66ea-d4b4-43d0-bbf4-5c3f7fb1ccb0,dcrnn,dc05e44b-2c51-4cd2-8993-5801e9f8540d,fa9c7108-176e-4c68-840d-6acf3a3e59e4,test,COMPLETED,spatiotemporal,spatiotemporal,correlation_train_v1,sha256:1691d10769e12e8c48659d0a20c0fa0d8776aa38ccac0352c22d9b8373a26443,4476a6da-cfe3-4e32-a280-9be552a4abba,4db32c40-581b-450d-a3b4-6bcf677e831b,,exp_st,exp_st,st_predicate_match:algorithm+graph_or_domain
