result_id,algorithm_id,realization_id,support_fingerprint,metric,value
0000a73a-213b-45d7-8e56-ee6d89af49aa,cubic_spline,test_r007,c20ecea7d5d435f8addbc5bb3795c002671eef03e467fabff9fc33b059b0ddba,rmse,4.997676631962485
03b22747-a0bb-444c-9845-ce0553dd581c,linear_interpolation,test_r009,c20ecea7d5d435f8addbc5bb3795c002671eef03e467fabff9fc33b059b0ddba,rmse,5.47335118926664
043e1e64-03bd-4bdd-9a9b-eb0e45eab03a,galpi,test_r010,c20ecea7d5d435f8addbc5bb3795c002671eef03e467fabff9fc33b059b0ddba,rmse,5.514257554645022
0e246706-7a24-4ea1-9294-a6c9984effaf,nearest_interpolation,test_r012,c20ecea7d5d435f8addbc5bb3795c002671eef03e467fabff9fc33b059b0ddba,rmse,8.536049722354807
0ed7e49d-86e5-48b2-bb4a-bc85ee4c4c09,nearest_interpolation,test_r008,c20ecea7d5d435f8addbc5bb3795c002671eef03e467fabff9fc33b059b0ddba,rmse,8.63508782502196
0fde18e9-7a97-4e70-b9b4-f30def33f4ce,cubic_spline,test_r005,c20ecea7d5d435f8addbc5bb3795c002671eef03e467fabff9fc33b059b0ddba,rmse,4.977890468993284
12decbbb-51ee-4301-8f81-6948498a84e7,nearest_interpolation,test_r018,c20ecea7d5d435f8addbc5bb3795c002671eef03e467fabff9fc33b059b0ddba,rmse,8.882456372169262
1635aca2-f8ff-4f6c-ba46-47c003caa170,galpi,test_r012,c20ecea7d5d435f8addbc5bb3795c002671eef03e467fabff9fc33b059b0ddba,rmse,5.496296921886782
1795f7df-a4a6-4381-8a43-89692abf7930,cubic_spline,test_r017,c20ecea7d5d435f8addbc5bb3795c002671eef03e467fabff9fc33b059b0ddba,rmse,5.462593754744122
19710f26-2c8b-4019-943a-00cca242fd69,linear_interpolation,test_r011,c20ecea7d5d435f8addbc5bb3795c002671eef03e467fabff9fc33b059b0ddba,rmse,5.035936091488632
1ddbd3a6-50f8-45e9-bb16-14088a3b066e,nearest_interpolation,test_r006,c20ecea7d5d435f8addbc5bb3795c002671eef03e467fabff9fc33b059b0ddba,rmse,8.141855239252873
20575075-1580-4bde-b422-dadabdf03a59,cubic_spline,test_r002,c20ecea7d5d435f8addbc5bb3795c002671eef03e467fabff9fc33b059b0ddba,rmse,5.455149780411323
23d7ee3b-9da4-405d-9a91-69a9f051e469,cubic_spline,test_r003,c20ecea7d5d435f8addbc5bb3795c002671eef03e467fabff9fc33b059b0ddba,rmse,5.015738197660587
2524e506-47dc-4def-976d-42c0e781e3df,nearest_interpolation,test_r002,c20ecea7d5d435f8addbc5bb3795c002671eef03e467fabff9fc33b059b0ddba,rmse,8.57916557929411
2a726093-f37f-416d-bdf9-530a786fec24,cubic_spline,test_r018,c20ecea7d5d435f8addbc5bb3795c002671eef03e467fabff9fc33b059b0ddba,rmse,5.501702428324163
2d222b89-9ff8-4d01-809e-95639bf0df96,linear_interpolation,test_r001,c20ecea7d5d435f8addbc5bb3795c002671eef03e467fabff9fc33b059b0ddba,rmse,5.592763952605308
2f54d098-5b6c-4003-a7ea-173a23492fb9,nearest_interpolation,test_r010,c20ecea7d5d435f8addbc5bb3795c002671eef03e467fabff9fc33b059b0ddba,rmse,8.616033102107117
370f20f7-291a-420b-87ea-4e3b0730f35e,nearest_interpolation,test_r009,c20ecea7d5d435f8addbc5bb3795c002671eef03e467fabff9fc33b059b0ddba,rmse,8.622230696812824
3749434a-e176-4b3d-9267-993bef2f973d,cubic_spline,test_r009,c20ecea7d5d435f8addbc5bb3795c002671eef03e467fabff9fc33b059b0ddba,rmse,5.42681956480509
3796382b-2845-409b-9e97-51cda83b6fe1,cubic_spline,test_r011,c20ecea7d5d435f8addbc5bb3795c002671eef03e467fabff9fc33b059b0ddba,rmse,5.086408972164964
37abe274-887f-4249-9ab4-af759eb69248,linear_interpolation,test_r014,c20ecea7d5d435f8addbc5bb3795c002671eef03e467fabff9fc33b059b0ddba,rmse,5.482742959236208
3c96d67c-7ecf-43f1-a625-6619103c51b1,cubic_spline,test_r001,c20ecea7d5d435f8addbc5bb3795c002671eef03e467fabff9fc33b059b0ddba,rmse,5.595928551578186
3f199379-087b-480a-9016-dbd847682977,nearest_interpolation,test_r013,c20ecea7d5d435f8addbc5bb3795c002671eef03e467fabff9fc33b059b0ddba,rmse,8.965332464017596
400b88b2-cdf2-4c96-90be-cfd6568597e2,linear_interpolation,test_r002,c20ecea7d5d435f8addbc5bb3795c002671eef03e467fabff9fc33b059b0ddba,rmse,5.479757321275347
40ad9377-964f-4ffe-ba74-fd3743857fa8,galpi,test_r001,c20ecea7d5d435f8addbc5bb3795c002671eef03e467fabff9fc33b059b0ddba,rmse,5.684939160195898
4755c8c8-850f-4de6-8c55-1ca73c51c66b,nearest_interpolation,test_r001,c20ecea7d5d435f8addbc5bb3795c002671eef03e467fabff9fc33b059b0ddba,rmse,8.759284721573687
483eb67a-04fc-4839-bade-9ae4204d8b3c,cubic_spline,test_r015,c20ecea7d5d435f8addbc5bb3795c002671eef03e467fabff9fc33b059b0ddba,rmse,5.305587293308181
4c07bfc5-afa6-4eea-8da7-df7b731e7267,cubic_spline,test_r008,c20ecea7d5d435f8addbc5bb3795c002671eef03e467fabff9fc33b059b0ddba,rmse,5.453009791990104
4f05ca4e-1f6d-460e-b29f-c3bdd3f8d07c,galpi,test_r005,c20ecea7d5d435f8addbc5bb3795c002671eef03e467fabff9fc33b059b0ddba,rmse,5.0091316285669665
51933a1a-6485-446f-b378-3b1bf7e309b7,cubic_spline,test_r014,c20ecea7d5d435f8addbc5bb3795c002671eef03e467fabff9fc33b059b0ddba,rmse,5.461238920285679
51ff640e-1bef-4290-ab49-3e4cb048d675,cubic_spline,test_r006,c20ecea7d5d435f8addbc5bb3795c002671eef03e467fabff9fc33b059b0ddba,rmse,5.085995488553704
5223e38f-56ca-4810-91b0-1d9278a44c55,linear_interpolation,test_r005,c20ecea7d5d435f8addbc5bb3795c002671eef03e467fabff9fc33b059b0ddba,rmse,4.946159522668356
5467fe82-63a2-4800-b633-11f39d08d058,galpi,test_r009,c20ecea7d5d435f8addbc5bb3795c002671eef03e467fabff9fc33b059b0ddba,rmse,5.584055707360664
5ea928cc-3862-44f2-a38a-7a06b43ef25c,galpi,test_r013,c20ecea7d5d435f8addbc5bb3795c002671eef03e467fabff9fc33b059b0ddba,rmse,5.848724545010347
6545660a-8a6f-4170-8b3e-d93ae844735c,galpi,test_r017,c20ecea7d5d435f8addbc5bb3795c002671eef03e467fabff9fc33b059b0ddba,rmse,5.609129150454549
668e3c99-0bcb-41dd-8e75-c06513475bc4,linear_interpolation,test_r006,c20ecea7d5d435f8addbc5bb3795c002671eef03e467fabff9fc33b059b0ddba,rmse,5.081067405081622
68ee2cd7-c7c4-4247-8935-0f790cea91c5,cubic_spline,test_r013,c20ecea7d5d435f8addbc5bb3795c002671eef03e467fabff9fc33b059b0ddba,rmse,5.78531199754503
6c909f12-e1e9-4341-8c8f-e73edb575008,linear_interpolation,test_r017,c20ecea7d5d435f8addbc5bb3795c002671eef03e467fabff9fc33b059b0ddba,rmse,5.521336953064658
6d45f893-2188-4b60-8ee2-26c76b4fb901,nearest_interpolation,test_r014,c20ecea7d5d435f8addbc5bb3795c002671eef03e467fabff9fc33b059b0ddba,rmse,8.530351795178682
743ff388-cd62-4f49-8e3b-633680082218,galpi,test_r002,c20ecea7d5d435f8addbc5bb3795c002671eef03e467fabff9fc33b059b0ddba,rmse,5.567448313629283
78160654-55f7-4823-9071-fabfd6c8c985,galpi,test_r016,c20ecea7d5d435f8addbc5bb3795c002671eef03e467fabff9fc33b059b0ddba,rmse,5.399077600609019
7f89fef5-e94b-4141-81af-f4e93e554e05,nearest_interpolation,test_r019,c20ecea7d5d435f8addbc5bb3795c002671eef03e467fabff9fc33b059b0ddba,rmse,8.031331680202735
8e7cd082-e0ff-4482-9837-7fc7bffe1b4c,galpi,test_r000,c20ecea7d5d435f8addbc5bb3795c002671eef03e467fabff9fc33b059b0ddba,rmse,5.524673953646131
8fc740da-2ad9-418f-82f1-defc39951660,galpi,test_r007,c20ecea7d5d435f8addbc5bb3795c002671eef03e467fabff9fc33b059b0ddba,rmse,5.106305913376831
91071e6e-7788-4cdc-b8d8-d9a23a5100db,cubic_spline,test_r010,c20ecea7d5d435f8addbc5bb3795c002671eef03e467fabff9fc33b059b0ddba,rmse,5.435879321880711
9230813e-601d-4651-81bc-09bb9c9c7a25,linear_interpolation,test_r000,c20ecea7d5d435f8addbc5bb3795c002671eef03e467fabff9fc33b059b0ddba,rmse,5.426245989785275
9802430c-ceae-44f3-b3e6-96358e3dd95f,linear_interpolation,test_r018,c20ecea7d5d435f8addbc5bb3795c002671eef03e467fabff9fc33b059b0ddba,rmse,5.553820301215033
9f92f152-1f57-4d58-ac75-8bf41ded9fe9,linear_interpolation,test_r012,c20ecea7d5d435f8addbc5bb3795c002671eef03e467fabff9fc33b059b0ddba,rmse,5.393600584982608
a28d36be-d434-48f6-970d-904f2569176a,linear_interpolation,test_r015,c20ecea7d5d435f8addbc5bb3795c002671eef03e467fabff9fc33b059b0ddba,rmse,5.329449969438249
a65e1087-6a79-4716-b88d-e212daad1c5b,nearest_interpolation,test_r015,c20ecea7d5d435f8addbc5bb3795c002671eef03e467fabff9fc33b059b0ddba,rmse,8.431417361273429
ad4d90af-8ea0-4457-870c-f93659bbeef7,galpi,test_r018,c20ecea7d5d435f8addbc5bb3795c002671eef03e467fabff9fc33b059b0ddba,rmse,5.626815159119505
ad6ac49f-9b58-4ab1-99e1-da043771a6c8,galpi,test_r011,c20ecea7d5d435f8addbc5bb3795c002671eef03e467fabff9fc33b059b0ddba,rmse,5.12950311726197
b076c520-eb68-4b84-a0ea-f2e8f203938c,linear_interpolation,test_r013,c20ecea7d5d435f8addbc5bb3795c002671eef03e467fabff9fc33b059b0ddba,rmse,5.762238875889884
b35fd217-1af3-4293-8455-a7ab68a2dc62,nearest_interpolation,test_r003,c20ecea7d5d435f8addbc5bb3795c002671eef03e467fabff9fc33b059b0ddba,rmse,8.146069569848594
ba5c3a2d-0949-4dc9-9fd5-b7a00553180f,galpi,test_r019,c20ecea7d5d435f8addbc5bb3795c002671eef03e467fabff9fc33b059b0ddba,rmse,5.040374722392001
bb889a77-6102-4038-bcf3-722779f61886,nearest_interpolation,test_r011,c20ecea7d5d435f8addbc5bb3795c002671eef03e467fabff9fc33b059b0ddba,rmse,8.12485930669617
be17bc1c-b401-42c8-883b-46558c4e914c,galpi,test_r008,c20ecea7d5d435f8addbc5bb3795c002671eef03e467fabff9fc33b059b0ddba,rmse,5.5764446939967725
c3fde22f-1bf1-471b-b9e6-667fe2971da4,galpi,test_r014,c20ecea7d5d435f8addbc5bb3795c002671eef03e467fabff9fc33b059b0ddba,rmse,5.572752021206219
c70a3d7d-4317-4cd2-9b01-74661686d925,galpi,test_r006,c20ecea7d5d435f8addbc5bb3795c002671eef03e467fabff9fc33b059b0ddba,rmse,5.187233846616149
c8aed256-5914-4551-9a78-846773e0c0a5,linear_interpolation,test_r003,c20ecea7d5d435f8addbc5bb3795c002671eef03e467fabff9fc33b059b0ddba,rmse,4.9899821695309505
c8fb0df5-1d6c-4ca1-bf17-915e3a40f582,nearest_interpolation,test_r016,c20ecea7d5d435f8addbc5bb3795c002671eef03e467fabff9fc33b059b0ddba,rmse,8.409741545688671
cc03270c-5c8b-4ed7-99de-4f558264d129,nearest_interpolation,test_r005,c20ecea7d5d435f8addbc5bb3795c002671eef03e467fabff9fc33b059b0ddba,rmse,8.048848221571285
d03ccadd-d371-425b-9625-91e0d72efd11,cubic_spline,test_r004,c20ecea7d5d435f8addbc5bb3795c002671eef03e467fabff9fc33b059b0ddba,rmse,5.505324864358653
d0726951-83c7-4a92-a1d3-ab7f9a73c152,nearest_interpolation,test_r000,c20ecea7d5d435f8addbc5bb3795c002671eef03e467fabff9fc33b059b0ddba,rmse,8.50152002722115
d1138d68-6d43-47ad-b776-ad97e7830f29,cubic_spline,test_r019,c20ecea7d5d435f8addbc5bb3795c002671eef03e467fabff9fc33b059b0ddba,rmse,4.981381834395905
d3a3ba00-af47-4f9e-963f-d4137b486071,linear_interpolation,test_r008,c20ecea7d5d435f8addbc5bb3795c002671eef03e467fabff9fc33b059b0ddba,rmse,5.501125401738908
d4172eae-2123-4481-a5de-a2471ef3393c,linear_interpolation,test_r010,c20ecea7d5d435f8addbc5bb3795c002671eef03e467fabff9fc33b059b0ddba,rmse,5.457146082573817
dcf29648-e04b-4183-b4b6-73e4d5912c71,nearest_interpolation,test_r004,c20ecea7d5d435f8addbc5bb3795c002671eef03e467fabff9fc33b059b0ddba,rmse,8.634752554331081
e083791a-f41d-4265-8a46-d6c06803677b,cubic_spline,test_r000,c20ecea7d5d435f8addbc5bb3795c002671eef03e467fabff9fc33b059b0ddba,rmse,5.418991345662302
e1958cbf-a049-4544-a03b-66fe45662add,nearest_interpolation,test_r017,c20ecea7d5d435f8addbc5bb3795c002671eef03e467fabff9fc33b059b0ddba,rmse,8.715807577763314
eb8c29e1-e70a-4533-9f2f-75a0161fe735,cubic_spline,test_r016,c20ecea7d5d435f8addbc5bb3795c002671eef03e467fabff9fc33b059b0ddba,rmse,5.2897849239615935
ee4ecdf1-db1d-4032-a721-c5fafd5ecd5f,nearest_interpolation,test_r007,c20ecea7d5d435f8addbc5bb3795c002671eef03e467fabff9fc33b059b0ddba,rmse,8.106448821040104
ee9ebfff-52b0-4b7d-8fa3-29884d84c9d9,cubic_spline,test_r012,c20ecea7d5d435f8addbc5bb3795c002671eef03e467fabff9fc33b059b0ddba,rmse,5.353216125541358
ef827abf-005b-4b67-9a2c-67a72b2262f4,galpi,test_r015,c20ecea7d5d435f8addbc5bb3795c002671eef03e467fabff9fc33b059b0ddba,rmse,5.436272709627222
efac1860-8278-4bf2-974d-8c645f9f1c27,linear_interpolation,test_r019,c20ecea7d5d435f8addbc5bb3795c002671eef03e467fabff9fc33b059b0ddba,rmse,4.966743266301777
f044c1a1-ab58-4f67-a731-65f1cfdd617e,linear_interpolation,test_r016,c20ecea7d5d435f8addbc5bb3795c002671eef03e467fabff9fc33b059b0ddba,rmse,5.325047569094551
f0c9a081-f41f-4033-8054-559e762fe43a,linear_interpolation,test_r007,c20ecea7d5d435f8addbc5bb3795c002671eef03e467fabff9fc33b059b0ddba,rmse,5.019708721607777
f355192c-de1e-4d24-a0b2-5a884df531e9,galpi,test_r003,c20ecea7d5d435f8addbc5bb3795c002671eef03e467fabff9fc33b059b0ddba,rmse,5.0743073624138075
fa29c1fb-078c-4e44-a4c1-acacf9f5e267,galpi,test_r004,c20ecea7d5d435f8addbc5bb3795c002671eef03e467fabff9fc33b059b0ddba,rmse,5.572211217669336
fbc8814f-8383-4b19-9cbd-813dc63c40cb,linear_interpolation,test_r004,c20ecea7d5d435f8addbc5bb3795c002671eef03e467fabff9fc33b059b0ddba,rmse,5.505549379446353
06be8214-0068-42da-a25c-36a2f785949c,galpi,test_r013,c20ecea7d5d435f8addbc5bb3795c002671eef03e467fabff9fc33b059b0ddba,rmse,9.456891850471099
095aac77-5edf-4fe3-a5da-3c7b3c6c5a8e,galpi,test_r019,c20ecea7d5d435f8addbc5bb3795c002671eef03e467fabff9fc33b059b0ddba,rmse,8.422402788738719
0a320276-dda2-4f4f-aceb-e8f327ba1a67,cubic_spline,test_r006,c20ecea7d5d435f8addbc5bb3795c002671eef03e467fabff9fc33b059b0ddba,rmse,6.949709806377739
0a6ab2bf-53db-48e2-9ac4-888b64474957,linear_interpolation,test_r018,c20ecea7d5d435f8addbc5bb3795c002671eef03e467fabff9fc33b059b0ddba,rmse,7.4725960954701165
0bd78603-6904-4346-8df9-05852e640892,galpi,test_r011,c20ecea7d5d435f8addbc5bb3795c002671eef03e467fabff9fc33b059b0ddba,rmse,8.581415965030095
0c260c99-e76a-483a-8518-5ca9677a560e,galpi,test_r001,c20ecea7d5d435f8addbc5bb3795c002671eef03e467fabff9fc33b059b0ddba,rmse,9.054995009896352
0d5921e8-99dd-45e7-bd61-8e50f2c228d5,linear_interpolation,test_r014,c20ecea7d5d435f8addbc5bb3795c002671eef03e467fabff9fc33b059b0ddba,rmse,7.122697739064468
19228d39-1c18-4fac-89c9-09a5f5b81c9e,cubic_spline,test_r017,c20ecea7d5d435f8addbc5bb3795c002671eef03e467fabff9fc33b059b0ddba,rmse,7.589663680505596
19315af0-0a49-438f-aae4-a0aad133c209,nearest_interpolation,test_r003,c20ecea7d5d435f8addbc5bb3795c002671eef03e467fabff9fc33b059b0ddba,rmse,9.377699524952007
1979f2a6-47c1-43fd-b16d-89d6c2a01971,galpi,test_r007,c20ecea7d5d435f8addbc5bb3795c002671eef03e467fabff9fc33b059b0ddba,rmse,8.37272947932447
1984b6fc-d798-4447-aa75-ddff658e2c7e,nearest_interpolation,test_r019,c20ecea7d5d435f8addbc5bb3795c002671eef03e467fabff9fc33b059b0ddba,rmse,9.364672107752234
1a4a41be-a46c-40c4-8b1b-d7e18d902a2d,cubic_spline,test_r018,c20ecea7d5d435f8addbc5bb3795c002671eef03e467fabff9fc33b059b0ddba,rmse,7.6809014606800385
1f128c07-4c11-4a53-acc4-7964e2601f5a,linear_interpolation,test_r002,c20ecea7d5d435f8addbc5bb3795c002671eef03e467fabff9fc33b059b0ddba,rmse,7.321000814554135
20f6f9af-9bd7-4d1c-9f26-f235de1b99c9,nearest_interpolation,test_r008,c20ecea7d5d435f8addbc5bb3795c002671eef03e467fabff9fc33b059b0ddba,rmse,9.963296320014694
241b26e0-39cd-4d8a-a17f-de83a913c255,linear_interpolation,test_r009,c20ecea7d5d435f8addbc5bb3795c002671eef03e467fabff9fc33b059b0ddba,rmse,7.248310335892102
28ffc686-c798-49b5-998e-5f916e690d64,linear_interpolation,test_r004,c20ecea7d5d435f8addbc5bb3795c002671eef03e467fabff9fc33b059b0ddba,rmse,7.349397107699493
2a1130af-2a1b-41b3-a747-098071207077,nearest_interpolation,test_r000,c20ecea7d5d435f8addbc5bb3795c002671eef03e467fabff9fc33b059b0ddba,rmse,9.779701764965441
3005ddf5-bd29-49f3-b6f2-06ac2600a5f4,galpi,test_r012,c20ecea7d5d435f8addbc5bb3795c002671eef03e467fabff9fc33b059b0ddba,rmse,8.860131571713932
32167685-0436-4a7e-8659-8375591b06a5,linear_interpolation,test_r003,c20ecea7d5d435f8addbc5bb3795c002671eef03e467fabff9fc33b059b0ddba,rmse,6.614649722071506
34c94c77-a700-4cfa-8b31-03f761301c9f,linear_interpolation,test_r000,c20ecea7d5d435f8addbc5bb3795c002671eef03e467fabff9fc33b059b0ddba,rmse,7.071215131570706
437fe163-63af-4f5a-b96a-b37869f798a3,linear_interpolation,test_r019,c20ecea7d5d435f8addbc5bb3795c002671eef03e467fabff9fc33b059b0ddba,rmse,6.656283276001069
4a838213-14fc-4cbb-844d-c6a3a5d7f626,nearest_interpolation,test_r007,c20ecea7d5d435f8addbc5bb3795c002671eef03e467fabff9fc33b059b0ddba,rmse,9.39639205825109
4b9df232-2f62-4a0a-b72b-e7520f8f13a5,nearest_interpolation,test_r004,c20ecea7d5d435f8addbc5bb3795c002671eef03e467fabff9fc33b059b0ddba,rmse,10.047796686687763
4efd3430-2db0-4a04-acc5-40e6fd0a19bb,nearest_interpolation,test_r010,c20ecea7d5d435f8addbc5bb3795c002671eef03e467fabff9fc33b059b0ddba,rmse,9.974901185067965
4f089e20-45f5-445c-9025-24595fa007cf,galpi,test_r016,c20ecea7d5d435f8addbc5bb3795c002671eef03e467fabff9fc33b059b0ddba,rmse,8.6387286046788
509b9796-3ab4-47c2-8b05-be637a15dfc9,galpi,test_r000,c20ecea7d5d435f8addbc5bb3795c002671eef03e467fabff9fc33b059b0ddba,rmse,8.756906628994324
529d0c48-1dfe-4ee5-99c2-39eb9aeadd9c,galpi,test_r003,c20ecea7d5d435f8addbc5bb3795c002671eef03e467fabff9fc33b059b0ddba,rmse,8.31700780426697
52bbcb55-21c3-44e9-a0ae-33a1aaff4599,galpi,test_r005,c20ecea7d5d435f8addbc5bb3795c002671eef03e467fabff9fc33b059b0ddba,rmse,8.327729479465546
59260206-69b5-44b7-af3f-751583c56fef,nearest_interpolation,test_r015,c20ecea7d5d435f8addbc5bb3795c002671eef03e467fabff9fc33b059b0ddba,rmse,9.732031736896989
5ad85c77-6046-4634-b117-7857cb7d8713,cubic_spline,test_r000,c20ecea7d5d435f8addbc5bb3795c002671eef03e467fabff9fc33b059b0ddba,rmse,7.328277086495759
5c22478f-3774-4fbf-83ec-9600491e9c20,cubic_spline,test_r019,c20ecea7d5d435f8addbc5bb3795c002671eef03e467fabff9fc33b059b0ddba,rmse,6.820107197146875
5fb07f86-274e-416a-a0c8-cf21599c83b5,cubic_spline,test_r010,c20ecea7d5d435f8addbc5bb3795c002671eef03e467fabff9fc33b059b0ddba,rmse,7.573235481679116
652710ba-e857-4f01-ba2a-3b0f850043fd,nearest_interpolation,test_r018,c20ecea7d5d435f8addbc5bb3795c002671eef03e467fabff9fc33b059b0ddba,rmse,10.224785986824774
6a9c00fb-d5d7-4881-8fe8-9b360bcdc1d8,galpi,test_r014,c20ecea7d5d435f8addbc5bb3795c002671eef03e467fabff9fc33b059b0ddba,rmse,8.859162995481377
6ef85ceb-2290-43bc-bbc6-2307805715db,linear_interpolation,test_r011,c20ecea7d5d435f8addbc5bb3795c002671eef03e467fabff9fc33b059b0ddba,rmse,6.73450322042227
73ec3c14-a571-4e35-802d-028313a6027c,cubic_spline,test_r013,c20ecea7d5d435f8addbc5bb3795c002671eef03e467fabff9fc33b059b0ddba,rmse,7.954571213589216
7babad9c-aa87-40b4-9a28-b29e60701dc2,linear_interpolation,test_r007,c20ecea7d5d435f8addbc5bb3795c002671eef03e467fabff9fc33b059b0ddba,rmse,6.647350707010322
7cd96291-fcda-4d37-9330-3098872b2806,linear_interpolation,test_r010,c20ecea7d5d435f8addbc5bb3795c002671eef03e467fabff9fc33b059b0ddba,rmse,7.2904799545553916
7e3242b9-6e2f-407c-8274-592170be8df1,nearest_interpolation,test_r017,c20ecea7d5d435f8addbc5bb3795c002671eef03e467fabff9fc33b059b0ddba,rmse,10.024437051235514
867ffeeb-5433-477d-9dae-ad920f6564b6,galpi,test_r009,c20ecea7d5d435f8addbc5bb3795c002671eef03e467fabff9fc33b059b0ddba,rmse,9.086391503633335
889d7e84-28a0-4301-a250-575627b33ea3,galpi,test_r002,c20ecea7d5d435f8addbc5bb3795c002671eef03e467fabff9fc33b059b0ddba,rmse,9.118838794779588
90950b8d-6bd0-4b46-b372-bba0d693ad54,nearest_interpolation,test_r016,c20ecea7d5d435f8addbc5bb3795c002671eef03e467fabff9fc33b059b0ddba,rmse,9.697124199111613
932a723e-8c4e-4bfd-8741-857fdb5946c4,cubic_spline,test_r003,c20ecea7d5d435f8addbc5bb3795c002671eef03e467fabff9fc33b059b0ddba,rmse,6.873928688091774
99c58f4b-3bb2-47d7-8ba4-3ade1caac00f,cubic_spline,test_r016,c20ecea7d5d435f8addbc5bb3795c002671eef03e467fabff9fc33b059b0ddba,rmse,7.370929282309544
9ceb606f-501f-45a3-b8ac-e079c6ee6cac,cubic_spline,test_r015,c20ecea7d5d435f8addbc5bb3795c002671eef03e467fabff9fc33b059b0ddba,rmse,7.276130546075632
9d7589b8-408b-4f7c-90fc-cc2f7743ea9d,cubic_spline,test_r007,c20ecea7d5d435f8addbc5bb3795c002671eef03e467fabff9fc33b059b0ddba,rmse,6.873582969756681
9f0f44fb-c8bf-4476-a8ca-e5a5476f17ff,linear_interpolation,test_r012,c20ecea7d5d435f8addbc5bb3795c002671eef03e467fabff9fc33b059b0ddba,rmse,7.136774397328648
9f9a2b6e-fc7a-4125-b43f-84463e6e5161,galpi,test_r010,c20ecea7d5d435f8addbc5bb3795c002671eef03e467fabff9fc33b059b0ddba,rmse,8.98841192900853
a3ab9fec-6c81-40e6-a1e8-1358ee367507,cubic_spline,test_r004,c20ecea7d5d435f8addbc5bb3795c002671eef03e467fabff9fc33b059b0ddba,rmse,7.724371824940569
a6e4cfb7-4986-4131-af79-75df8f838a95,nearest_interpolation,test_r006,c20ecea7d5d435f8addbc5bb3795c002671eef03e467fabff9fc33b059b0ddba,rmse,9.422707585053255
a723e632-3b4a-491b-a799-34855b54ce3b,cubic_spline,test_r009,c20ecea7d5d435f8addbc5bb3795c002671eef03e467fabff9fc33b059b0ddba,rmse,7.438861904661737
ac08dbc7-47dc-4dab-8d21-033ce9a25052,linear_interpolation,test_r006,c20ecea7d5d435f8addbc5bb3795c002671eef03e467fabff9fc33b059b0ddba,rmse,6.675778216860864
b3fbb34c-70c1-44e5-b7bf-6beafea51ffb,linear_interpolation,test_r001,c20ecea7d5d435f8addbc5bb3795c002671eef03e467fabff9fc33b059b0ddba,rmse,7.358596415640425
b4769ef8-edb7-4e67-bbe9-3a2681214d0b,cubic_spline,test_r001,c20ecea7d5d435f8addbc5bb3795c002671eef03e467fabff9fc33b059b0ddba,rmse,7.70798434911234
bb1f4446-ab24-4357-b390-c9ecc2368ac9,nearest_interpolation,test_r013,c20ecea7d5d435f8addbc5bb3795c002671eef03e467fabff9fc33b059b0ddba,rmse,10.39428060241924
bbe210cb-667e-4138-ba85-39fcebd6a534,galpi,test_r006,c20ecea7d5d435f8addbc5bb3795c002671eef03e467fabff9fc33b059b0ddba,rmse,8.407569342127282
c44b4112-76ce-4156-9e81-7e3053aa711c,nearest_interpolation,test_r001,c20ecea7d5d435f8addbc5bb3795c002671eef03e467fabff9fc33b059b0ddba,rmse,10.065604381831974
ca3989e2-ca6c-4b8b-b4a2-6332cbe29a9b,nearest_interpolation,test_r002,c20ecea7d5d435f8addbc5bb3795c002671eef03e467fabff9fc33b059b0ddba,rmse,10.005361686228017
cb393481-e7e7-4192-95e7-db3099113bb6,galpi,test_r018,c20ecea7d5d435f8addbc5bb3795c002671eef03e467fabff9fc33b059b0ddba,rmse,9.168798002760289
cc905e5a-596b-4a74-96e0-c64b34d90770,linear_interpolation,test_r017,c20ecea7d5d435f8addbc5bb3795c002671eef03e467fabff9fc33b059b0ddba,rmse,7.334892758775146
ccebac00-1c25-4fe6-b3dd-c4cc606fe68e,linear_interpolation,test_r013,c20ecea7d5d435f8addbc5bb3795c002671eef03e467fabff9fc33b059b0ddba,rmse,7.709382878141533
cec020d5-c913-47ee-9b43-5ec6c7803994,nearest_interpolation,test_r011,c20ecea7d5d435f8addbc5bb3795c002671eef03e467fabff9fc33b059b0ddba,rmse,9.44069926310879
d3ae98bd-a593-466a-a919-5aeb5e6c0a75,galpi,test_r017,c20ecea7d5d435f8addbc5bb3795c002671eef03e467fabff9fc33b059b0ddba,rmse,9.087139856236782
d7273d78-919f-4780-a94d-0d48755a709c,cubic_spline,test_r005,c20ecea7d5d435f8addbc5bb3795c002671eef03e467fabff9fc33b059b0ddba,rmse,6.8337448144196875
dc2fba84-37de-481e-a829-8c314083517d,nearest_interpolation,test_r014,c20ecea7d5d435f8addbc5bb3795c002671eef03e467fabff9fc33b059b0ddba,rmse,9.788725284085917
e3593d31-1ef6-4a1b-afa4-61f657db7e91,linear_interpolation,test_r005,c20ecea7d5d435f8addbc5bb3795c002671eef03e467fabff9fc33b059b0ddba,rmse,6.627297749234937
e3bd1a63-a0f1-41a8-94cd-1dc9c283322f,galpi,test_r015,c20ecea7d5d435f8addbc5bb3795c002671eef03e467fabff9fc33b059b0ddba,rmse,8.719124186303013
e5474218-45c0-4047-ab12-94467e1afe45,cubic_spline,test_r012,c20ecea7d5d435f8addbc5bb3795c002671eef03e467fabff9fc33b059b0ddba,rmse,7.3752496720408285
e807bacf-58ec-49e5-a106-e48e77f131b9,nearest_interpolation,test_r009,c20ecea7d5d435f8addbc5bb3795c002671eef03e467fabff9fc33b059b0ddba,rmse,9.948118744858867
e84e1f41-53f1-449e-8263-3ab0425502be,cubic_spline,test_r002,c20ecea7d5d435f8addbc5bb3795c002671eef03e467fabff9fc33b059b0ddba,rmse,7.547068564156662
ea0b0626-f3d2-4725-b35e-6c73f857bd88,galpi,test_r004,c20ecea7d5d435f8addbc5bb3795c002671eef03e467fabff9fc33b059b0ddba,rmse,9.049911589982878
edf72985-82fe-4eaf-8728-76aa1d3b5ba9,nearest_interpolation,test_r012,c20ecea7d5d435f8addbc5bb3795c002671eef03e467fabff9fc33b059b0ddba,rmse,9.838588900484057
eedb297e-c7e6-4c83-bd43-58988e1b0dac,cubic_spline,test_r011,c20ecea7d5d435f8addbc5bb3795c002671eef03e467fabff9fc33b059b0ddba,rmse,6.928514177946142
f4fbd1f7-7a3a-4515-9952-72c7d4d48271,cubic_spline,test_r014,c20ecea7d5d435f8addbc5bb3795c002671eef03e467fabff9fc33b059b0ddba,rmse,7.3606132625209115
f5dae365-cd89-41d1-9049-815708c0b70b,linear_interpolation,test_r016,c20ecea7d5d435f8addbc5bb3795c002671eef03e467fabff9fc33b059b0ddba,rmse,7.017226123024295
f60f23b1-54a3-4b42-aa93-dbf8e7ca5206,linear_interpolation,test_r008,c20ecea7d5d435f8addbc5bb3795c002671eef03e467fabff9fc33b059b0ddba,rmse,7.254970962289576
fc0e9c12-dcf6-4b67-b14f-c30afae6d6b9,linear_interpolation,test_r015,c20ecea7d5d435f8addbc5bb3795c002671eef03e467fabff9fc33b059b0ddba,rmse,7.0446673693793915
fcf63b1d-1bf0-455f-8890-0068e86ea06f,cubic_spline,test_r008,c20ecea7d5d435f8addbc5bb3795c002671eef03e467fabff9fc33b059b0ddba,rmse,7.447087151557287
fe0d0cfd-9f68-46e1-b701-6ad0bc509971,galpi,test_r008,c20ecea7d5d435f8addbc5bb3795c002671eef03e467fabff9fc33b059b0ddba,rmse,8.982247429475123
ff5a91f7-0dc7-417f-94f5-2e3de55fc4d7,nearest_interpolation,test_r005,c20ecea7d5d435f8addbc5bb3795c002671eef03e467fabff9fc33b059b0ddba,rmse,9.405179432717983
00201bb9-30d6-4c81-b511-527568b9e166,cubic_spline,test_r015,c20ecea7d5d435f8addbc5bb3795c002671eef03e467fabff9fc33b059b0ddba,rmse,22.386625549542618
032ad1f2-36e3-45bb-9db8-988e2c4dd50c,nearest_interpolation,test_r015,c20ecea7d5d435f8addbc5bb3795c002671eef03e467fabff9fc33b059b0ddba,rmse,15.442359586284917
0347c45a-47c4-47a6-bf9e-b0183db2e6fc,nearest_interpolation,test_r019,c20ecea7d5d435f8addbc5bb3795c002671eef03e467fabff9fc33b059b0ddba,rmse,14.775656700400477
0548e4ea-6e16-44f0-b251-fc30d49123b9,cubic_spline,test_r002,c20ecea7d5d435f8addbc5bb3795c002671eef03e467fabff9fc33b059b0ddba,rmse,21.56172110592971
0c6beb70-f5c0-4fdc-b390-3b16f8ea9baa,linear_interpolation,test_r012,c20ecea7d5d435f8addbc5bb3795c002671eef03e467fabff9fc33b059b0ddba,rmse,13.307519236498662
0e146b5c-85b2-425a-873d-f84cc4039efa,cubic_spline,test_r001,c20ecea7d5d435f8addbc5bb3795c002671eef03e467fabff9fc33b059b0ddba,rmse,19.14342246404325
133e970a-bd61-464b-b15e-157466d7a069,cubic_spline,test_r019,c20ecea7d5d435f8addbc5bb3795c002671eef03e467fabff9fc33b059b0ddba,rmse,15.101795661764577
13bea58d-1dc5-4a08-babd-9ac66e7d86fc,galpi,test_r012,c20ecea7d5d435f8addbc5bb3795c002671eef03e467fabff9fc33b059b0ddba,rmse,16.311281275721967
15bafd14-7731-4d7c-b057-9596e2fcc004,cubic_spline,test_r018,c20ecea7d5d435f8addbc5bb3795c002671eef03e467fabff9fc33b059b0ddba,rmse,17.979287306059927
19e8a193-dffb-4974-82f2-07a1f8690c90,galpi,test_r019,c20ecea7d5d435f8addbc5bb3795c002671eef03e467fabff9fc33b059b0ddba,rmse,16.585992145891296
1cddfbbe-97a1-4eed-9cd4-50fee4c522ae,galpi,test_r006,c20ecea7d5d435f8addbc5bb3795c002671eef03e467fabff9fc33b059b0ddba,rmse,16.662981678732848
1d836264-6751-4ab5-aa9d-1ac1e319c2b2,nearest_interpolation,test_r002,c20ecea7d5d435f8addbc5bb3795c002671eef03e467fabff9fc33b059b0ddba,rmse,15.744906255203963
1eb292e0-4b04-411f-b9ea-b5afda59d51b,nearest_interpolation,test_r013,c20ecea7d5d435f8addbc5bb3795c002671eef03e467fabff9fc33b059b0ddba,rmse,15.849679786845595
1ecdf281-0a36-4fb2-8ad7-24c87f2614e9,linear_interpolation,test_r010,c20ecea7d5d435f8addbc5bb3795c002671eef03e467fabff9fc33b059b0ddba,rmse,13.58126631594296
1f71c4fb-b273-4073-a70f-404b61990ee9,linear_interpolation,test_r000,c20ecea7d5d435f8addbc5bb3795c002671eef03e467fabff9fc33b059b0ddba,rmse,13.201443375022274
25d34c51-4ecf-4b65-b9c6-45849d033f98,linear_interpolation,test_r016,c20ecea7d5d435f8addbc5bb3795c002671eef03e467fabff9fc33b059b0ddba,rmse,13.291662771780176
26e46d7b-dcc5-48fa-a344-0ad21f5e1e14,galpi,test_r010,c20ecea7d5d435f8addbc5bb3795c002671eef03e467fabff9fc33b059b0ddba,rmse,16.55230315159369
27c2335a-bde3-4096-92ce-77baf2173f70,nearest_interpolation,test_r001,c20ecea7d5d435f8addbc5bb3795c002671eef03e467fabff9fc33b059b0ddba,rmse,15.71285196961505
2ebc9ba9-2000-48ff-85cc-10d7c43a8428,galpi,test_r016,c20ecea7d5d435f8addbc5bb3795c002671eef03e467fabff9fc33b059b0ddba,rmse,16.539936582253016
2f4cf6ec-5702-4f6b-bb95-10aa9691dc06,cubic_spline,test_r000,c20ecea7d5d435f8addbc5bb3795c002671eef03e467fabff9fc33b059b0ddba,rmse,21.599955166032544
3ce26ae2-2d80-4d4b-bd33-f25fb0fd4d5b,cubic_spline,test_r006,c20ecea7d5d435f8addbc5bb3795c002671eef03e467fabff9fc33b059b0ddba,rmse,15.711064102647294
3dc3fd91-7998-4e51-b6cb-d77d642a75e4,galpi,test_r007,c20ecea7d5d435f8addbc5bb3795c002671eef03e467fabff9fc33b059b0ddba,rmse,16.72995782932831
409f33b4-9b03-4c82-aee2-69accc77325a,linear_interpolation,test_r003,c20ecea7d5d435f8addbc5bb3795c002671eef03e467fabff9fc33b059b0ddba,rmse,12.581578796463189
41c3f86d-1c03-443a-84ea-12bb1679f274,linear_interpolation,test_r011,c20ecea7d5d435f8addbc5bb3795c002671eef03e467fabff9fc33b059b0ddba,rmse,12.694724970104119
421e4b08-86d7-443a-a3f5-d15ae8ef8d99,cubic_spline,test_r013,c20ecea7d5d435f8addbc5bb3795c002671eef03e467fabff9fc33b059b0ddba,rmse,16.444943014137937
4640ff95-14aa-4729-b0ea-3c67f056397f,cubic_spline,test_r012,c20ecea7d5d435f8addbc5bb3795c002671eef03e467fabff9fc33b059b0ddba,rmse,21.868342073706856
46caf77c-846f-461b-b9aa-1c39763d05c2,cubic_spline,test_r003,c20ecea7d5d435f8addbc5bb3795c002671eef03e467fabff9fc33b059b0ddba,rmse,15.167418864290406
4aa881a4-9e9d-40da-a90b-8e793f481d77,nearest_interpolation,test_r007,c20ecea7d5d435f8addbc5bb3795c002671eef03e467fabff9fc33b059b0ddba,rmse,14.790048159075646
597ba111-e903-4b4a-92a7-1b239a6b3157,galpi,test_r015,c20ecea7d5d435f8addbc5bb3795c002671eef03e467fabff9fc33b059b0ddba,rmse,16.390386546946864
63d54e3e-0668-4171-8272-9398961a7fcd,cubic_spline,test_r009,c20ecea7d5d435f8addbc5bb3795c002671eef03e467fabff9fc33b059b0ddba,rmse,21.085882446190936
6a8319b0-07a6-4f90-aaf6-264a84f6f9a7,nearest_interpolation,test_r005,c20ecea7d5d435f8addbc5bb3795c002671eef03e467fabff9fc33b059b0ddba,rmse,14.793921083327898
6d885199-efc6-45c8-8e38-db762ed8cbe9,cubic_spline,test_r010,c20ecea7d5d435f8addbc5bb3795c002671eef03e467fabff9fc33b059b0ddba,rmse,21.831135676089612
6e2195fc-843a-4825-9e47-748d73a29562,linear_interpolation,test_r004,c20ecea7d5d435f8addbc5bb3795c002671eef03e467fabff9fc33b059b0ddba,rmse,13.58204811994886
72e5ead0-6992-42e0-bd09-de92308bf948,cubic_spline,test_r017,c20ecea7d5d435f8addbc5bb3795c002671eef03e467fabff9fc33b059b0ddba,rmse,22.539704449947305
74038100-cc50-4ed7-a157-f8949022286f,cubic_spline,test_r016,c20ecea7d5d435f8addbc5bb3795c002671eef03e467fabff9fc33b059b0ddba,rmse,23.0524635050165
74fa0863-fd86-449c-9ccd-accec8ddb25b,nearest_interpolation,test_r000,c20ecea7d5d435f8addbc5bb3795c002671eef03e467fabff9fc33b059b0ddba,rmse,15.405349489247762
76900833-9288-49ab-9e2c-c186cddade2f,nearest_interpolation,test_r009,c20ecea7d5d435f8addbc5bb3795c002671eef03e467fabff9fc33b059b0ddba,rmse,15.68216500641518
793f6226-7126-425e-b240-03c368f8577e,nearest_interpolation,test_r008,c20ecea7d5d435f8addbc5bb3795c002671eef03e467fabff9fc33b059b0ddba,rmse,15.802775720780467
839a0364-89a6-4cb4-9987-7d98e16488b4,linear_interpolation,test_r015,c20ecea7d5d435f8addbc5bb3795c002671eef03e467fabff9fc33b059b0ddba,rmse,13.289037330123831
84e1c7a3-9433-4f8e-b696-e9bc007d370d,nearest_interpolation,test_r011,c20ecea7d5d435f8addbc5bb3795c002671eef03e467fabff9fc33b059b0ddba,rmse,14.85836439764193
859e37a0-495f-4af4-b536-3fb1e9a51729,nearest_interpolation,test_r006,c20ecea7d5d435f8addbc5bb3795c002671eef03e467fabff9fc33b059b0ddba,rmse,14.811664051994619
87c1ed11-ff14-49a0-89ac-87e00a2fa7c9,nearest_interpolation,test_r010,c20ecea7d5d435f8addbc5bb3795c002671eef03e467fabff9fc33b059b0ddba,rmse,15.721831716530188
89ecbf76-4028-4d46-a4e5-c3d8a2c2f155,linear_interpolation,test_r009,c20ecea7d5d435f8addbc5bb3795c002671eef03e467fabff9fc33b059b0ddba,rmse,13.539281388526355
8dfd3218-3c6b-4511-b92d-9557c9c6cc6c,linear_interpolation,test_r007,c20ecea7d5d435f8addbc5bb3795c002671eef03e467fabff9fc33b059b0ddba,rmse,12.624734614887654
923db93a-3502-4c41-9bbe-0c309e9dd048,nearest_interpolation,test_r016,c20ecea7d5d435f8addbc5bb3795c002671eef03e467fabff9fc33b059b0ddba,rmse,15.43339120214183
9248c79d-b758-4b21-adf4-41af01ddc749,galpi,test_r004,c20ecea7d5d435f8addbc5bb3795c002671eef03e467fabff9fc33b059b0ddba,rmse,16.847676363734003
961be0b5-7936-48ed-a7d8-a1932b8ef9e0,linear_interpolation,test_r005,c20ecea7d5d435f8addbc5bb3795c002671eef03e467fabff9fc33b059b0ddba,rmse,12.583350309711479
9a5722ad-a60a-462a-aa89-ce7a7e729f92,galpi,test_r000,c20ecea7d5d435f8addbc5bb3795c002671eef03e467fabff9fc33b059b0ddba,rmse,16.57515541354786
9ec88552-c442-4133-974a-e595d7d8bd6c,linear_interpolation,test_r019,c20ecea7d5d435f8addbc5bb3795c002671eef03e467fabff9fc33b059b0ddba,rmse,12.621169976412808
a014ba14-f493-4ae6-b22d-6612ddc5e513,cubic_spline,test_r007,c20ecea7d5d435f8addbc5bb3795c002671eef03e467fabff9fc33b059b0ddba,rmse,15.543422518108482
a06bcaca-3637-42aa-a537-e6796042d347,linear_interpolation,test_r014,c20ecea7d5d435f8addbc5bb3795c002671eef03e467fabff9fc33b059b0ddba,rmse,13.273294609821033
a63b0d39-0455-4b70-a8c0-0a8dcaf59225,linear_interpolation,test_r018,c20ecea7d5d435f8addbc5bb3795c002671eef03e467fabff9fc33b059b0ddba,rmse,13.3853541259482
a98f114a-e6de-4451-a514-1741c444ede2,nearest_interpolation,test_r003,c20ecea7d5d435f8addbc5bb3795c002671eef03e467fabff9fc33b059b0ddba,rmse,14.752976495094554
ad49025b-dcc5-493c-8be6-22dfed99757a,cubic_spline,test_r011,c20ecea7d5d435f8addbc5bb3795c002671eef03e467fabff9fc33b059b0ddba,rmse,15.167429307969147
adea1318-3535-4732-95a2-111b662cda8a,nearest_interpolation,test_r004,c20ecea7d5d435f8addbc5bb3795c002671eef03e467fabff9fc33b059b0ddba,rmse,15.774431342794315
ae2eb6ca-7708-4de0-aafa-46c600e7b92d,linear_interpolation,test_r008,c20ecea7d5d435f8addbc5bb3795c002671eef03e467fabff9fc33b059b0ddba,rmse,13.661968530991198
af5541bf-25ee-42f4-9304-dce2550062dd,nearest_interpolation,test_r014,c20ecea7d5d435f8addbc5bb3795c002671eef03e467fabff9fc33b059b0ddba,rmse,15.446549756287892
b2506f49-64d0-4f25-9e67-0cdc2f9f8e1f,galpi,test_r013,c20ecea7d5d435f8addbc5bb3795c002671eef03e467fabff9fc33b059b0ddba,rmse,18.07257518964823
b2ef3e40-2c79-4c09-aca4-367f72c984c4,galpi,test_r001,c20ecea7d5d435f8addbc5bb3795c002671eef03e467fabff9fc33b059b0ddba,rmse,16.86144516025021
b9bde8a0-b073-4ce2-87b5-01d490acb782,linear_interpolation,test_r002,c20ecea7d5d435f8addbc5bb3795c002671eef03e467fabff9fc33b059b0ddba,rmse,13.610425148158644
bcf501d3-9eba-41d2-b559-c9ae124f1e41,linear_interpolation,test_r013,c20ecea7d5d435f8addbc5bb3795c002671eef03e467fabff9fc33b059b0ddba,rmse,13.82680153615432
bf31ebf2-0145-40a8-8688-994664dfdf76,cubic_spline,test_r004,c20ecea7d5d435f8addbc5bb3795c002671eef03e467fabff9fc33b059b0ddba,rmse,20.234414055884123
ca32643d-1113-4f1a-b130-2425eebe496d,galpi,test_r009,c20ecea7d5d435f8addbc5bb3795c002671eef03e467fabff9fc33b059b0ddba,rmse,16.68317409943548
cd2309f6-153e-4462-a4ae-acc120ee1166,galpi,test_r003,c20ecea7d5d435f8addbc5bb3795c002671eef03e467fabff9fc33b059b0ddba,rmse,16.61888757024233
d21a6028-8789-4851-8da8-0df8089d6f4d,cubic_spline,test_r014,c20ecea7d5d435f8addbc5bb3795c002671eef03e467fabff9fc33b059b0ddba,rmse,23.245460206763223
d492904e-1097-4165-931f-782dec3e4251,nearest_interpolation,test_r017,c20ecea7d5d435f8addbc5bb3795c002671eef03e467fabff9fc33b059b0ddba,rmse,15.736525458404108
d636781b-b907-44ad-83a2-6224f24115cd,nearest_interpolation,test_r018,c20ecea7d5d435f8addbc5bb3795c002671eef03e467fabff9fc33b059b0ddba,rmse,15.428857139637238
d73d7be4-83ab-4215-8472-a61460b90302,galpi,test_r011,c20ecea7d5d435f8addbc5bb3795c002671eef03e467fabff9fc33b059b0ddba,rmse,16.711355252578898
d88b0393-10fa-4410-8448-38d586a68738,galpi,test_r014,c20ecea7d5d435f8addbc5bb3795c002671eef03e467fabff9fc33b059b0ddba,rmse,16.60575327430067
d8cf6e32-05fb-41b4-a6d2-45c7778ee64d,galpi,test_r018,c20ecea7d5d435f8addbc5bb3795c002671eef03e467fabff9fc33b059b0ddba,rmse,16.915952887444988
dbe1eb17-8705-4ead-8474-0c82b025fbd7,galpi,test_r002,c20ecea7d5d435f8addbc5bb3795c002671eef03e467fabff9fc33b059b0ddba,rmse,16.638593648466465
dd53fbef-8691-489d-b32f-cf37a816f5be,galpi,test_r008,c20ecea7d5d435f8addbc5bb3795c002671eef03e467fabff9fc33b059b0ddba,rmse,17.22921994148553
dd6d94e8-fc27-4a68-959f-d71e2359e445,galpi,test_r005,c20ecea7d5d435f8addbc5bb3795c002671eef03e467fabff9fc33b059b0ddba,rmse,16.582540674698652
e2f4f817-f8f7-4b13-af40-0bae31772cbf,galpi,test_r017,c20ecea7d5d435f8addbc5bb3795c002671eef03e467fabff9fc33b059b0ddba,rmse,16.779634553562882
e39291a6-5e5b-4e7c-94b6-a98047ef892f,nearest_interpolation,test_r012,c20ecea7d5d435f8addbc5bb3795c002671eef03e467fabff9fc33b059b0ddba,rmse,15.470030467347119
e675cd0a-92a9-42c5-b6cf-e485785272fa,cubic_spline,test_r005,c20ecea7d5d435f8addbc5bb3795c002671eef03e467fabff9fc33b059b0ddba,rmse,15.132556168709598
ed949726-f165-453e-a882-1fc6dffa4632,linear_interpolation,test_r006,c20ecea7d5d435f8addbc5bb3795c002671eef03e467fabff9fc33b059b0ddba,rmse,12.654525995166075
edce9b4e-a0a7-482f-831d-6b518b7139af,linear_interpolation,test_r001,c20ecea7d5d435f8addbc5bb3795c002671eef03e467fabff9fc33b059b0ddba,rmse,13.577178465369581
f702350e-c165-4194-be01-be9e324a2bb8,cubic_spline,test_r008,c20ecea7d5d435f8addbc5bb3795c002671eef03e467fabff9fc33b059b0ddba,rmse,21.414371952490544
fc8d04cb-ccd8-417b-8ed0-554b910dba85,linear_interpolation,test_r017,c20ecea7d5d435f8addbc5bb3795c002671eef03e467fabff9fc33b059b0ddba,rmse,13.60983344156401
05dcf0f2-c0a2-47f8-b1d9-8f33b9ba9f25,galpi,test_r008,c20ecea7d5d435f8addbc5bb3795c002671eef03e467fabff9fc33b059b0ddba,rmse,5.148406368600993
06346bd3-b6b5-495e-a41f-16bc45b9d6ed,nearest_interpolation,test_r001,c20ecea7d5d435f8addbc5bb3795c002671eef03e467fabff9fc33b059b0ddba,rmse,8.323246095329486
0705c5df-4101-4c55-a3ea-917aab76c7c6,galpi,test_r018,c20ecea7d5d435f8addbc5bb3795c002671eef03e467fabff9fc33b059b0ddba,rmse,5.1216421405793895
095f0dc0-9909-46c9-be87-125830db0374,linear_interpolation,test_r006,c20ecea7d5d435f8addbc5bb3795c002671eef03e467fabff9fc33b059b0ddba,rmse,5.0995263867188
0d7e2f22-534b-483c-9c61-16c070ef5fb5,nearest_interpolation,test_r012,c20ecea7d5d435f8addbc5bb3795c002671eef03e467fabff9fc33b059b0ddba,rmse,8.314337105929747
0f024fbc-a5a7-46e2-bea9-4b0a2618b1c8,linear_interpolation,test_r013,c20ecea7d5d435f8addbc5bb3795c002671eef03e467fabff9fc33b059b0ddba,rmse,5.191652114958339
0f2280a8-ed16-4fca-9154-01984fa91227,cubic_spline,test_r003,c20ecea7d5d435f8addbc5bb3795c002671eef03e467fabff9fc33b059b0ddba,rmse,5.112013453384293
13d42efb-414e-4192-b800-c6bfeb5b9595,linear_interpolation,test_r003,c20ecea7d5d435f8addbc5bb3795c002671eef03e467fabff9fc33b059b0ddba,rmse,5.132182031496855
15c7d5e8-d872-402f-b9d0-5c89769d8964,linear_interpolation,test_r012,c20ecea7d5d435f8addbc5bb3795c002671eef03e467fabff9fc33b059b0ddba,rmse,5.098258415391969
1744b665-bcec-48e7-beb5-f2ee85be78d1,linear_interpolation,test_r011,c20ecea7d5d435f8addbc5bb3795c002671eef03e467fabff9fc33b059b0ddba,rmse,5.077062905528196
1dda8480-4cff-4236-968c-c019c03607f3,galpi,test_r009,c20ecea7d5d435f8addbc5bb3795c002671eef03e467fabff9fc33b059b0ddba,rmse,5.121260407609082
1f2e42a7-ba0a-4ff2-a57f-4bf0a7295381,nearest_interpolation,test_r018,c20ecea7d5d435f8addbc5bb3795c002671eef03e467fabff9fc33b059b0ddba,rmse,8.287844136660288
22f1d3bd-8af6-40aa-915f-b17220a89f20,galpi,test_r006,c20ecea7d5d435f8addbc5bb3795c002671eef03e467fabff9fc33b059b0ddba,rmse,5.135065103063813
23034d07-3828-465d-9c31-529cd408ff64,galpi,test_r004,c20ecea7d5d435f8addbc5bb3795c002671eef03e467fabff9fc33b059b0ddba,rmse,5.138520299087991
245af9c2-d51e-4d06-95c6-320d4e4a99ee,linear_interpolation,test_r016,c20ecea7d5d435f8addbc5bb3795c002671eef03e467fabff9fc33b059b0ddba,rmse,5.1166488869352085
29786732-74d0-456f-a0d1-8b4695e6f783,linear_interpolation,test_r001,c20ecea7d5d435f8addbc5bb3795c002671eef03e467fabff9fc33b059b0ddba,rmse,5.120063731154612
29e4bb8e-9e89-49ee-acae-f96fbb4fb206,cubic_spline,test_r017,c20ecea7d5d435f8addbc5bb3795c002671eef03e467fabff9fc33b059b0ddba,rmse,5.07565320219971
2b26c137-cc7c-40a9-9cc9-25394fda5ddb,linear_interpolation,test_r008,c20ecea7d5d435f8addbc5bb3795c002671eef03e467fabff9fc33b059b0ddba,rmse,5.120451817704835
335d0b87-719b-49d6-959c-3f20496b0468,galpi,test_r001,c20ecea7d5d435f8addbc5bb3795c002671eef03e467fabff9fc33b059b0ddba,rmse,5.16474981948693
36f8c327-6672-4bc5-95e9-5d141f46a76d,nearest_interpolation,test_r003,c20ecea7d5d435f8addbc5bb3795c002671eef03e467fabff9fc33b059b0ddba,rmse,8.30011265035341
374d60ee-9dc3-4d36-a3cc-9227add9921a,linear_interpolation,test_r000,c20ecea7d5d435f8addbc5bb3795c002671eef03e467fabff9fc33b059b0ddba,rmse,5.131866737467684
37a6d0a8-f5f0-4ca9-83b3-6cac46341e7d,linear_interpolation,test_r007,c20ecea7d5d435f8addbc5bb3795c002671eef03e467fabff9fc33b059b0ddba,rmse,5.180192836721009
3ab1cb80-4f76-407f-afbe-09ce880d913f,linear_interpolation,test_r014,c20ecea7d5d435f8addbc5bb3795c002671eef03e467fabff9fc33b059b0ddba,rmse,5.117760120233364
469314f3-3415-41e8-bccd-62f417fbfb18,linear_interpolation,test_r009,c20ecea7d5d435f8addbc5bb3795c002671eef03e467fabff9fc33b059b0ddba,rmse,5.090170859945213
49d93e29-43cd-42ac-a7e8-aefa93fbd60e,linear_interpolation,test_r017,c20ecea7d5d435f8addbc5bb3795c002671eef03e467fabff9fc33b059b0ddba,rmse,5.1178395763558955
4bc3a577-71ba-4563-bdf4-cba78dc24c11,nearest_interpolation,test_r005,c20ecea7d5d435f8addbc5bb3795c002671eef03e467fabff9fc33b059b0ddba,rmse,8.268677652110117
4c150a8f-f248-4f34-b666-baee0d73177d,nearest_interpolation,test_r013,c20ecea7d5d435f8addbc5bb3795c002671eef03e467fabff9fc33b059b0ddba,rmse,8.35161296721942
4efb9ea8-85af-45a0-8e36-e13fffaeac5e,cubic_spline,test_r005,c20ecea7d5d435f8addbc5bb3795c002671eef03e467fabff9fc33b059b0ddba,rmse,5.08716371178127
4f091f26-6f68-429a-9253-5543e8e5c755,linear_interpolation,test_r005,c20ecea7d5d435f8addbc5bb3795c002671eef03e467fabff9fc33b059b0ddba,rmse,5.080014281849838
5234cafa-aab6-4a39-a5b3-8e96bccb68b8,cubic_spline,test_r015,c20ecea7d5d435f8addbc5bb3795c002671eef03e467fabff9fc33b059b0ddba,rmse,5.122083102900757
56527aa7-c870-4c2f-947c-ed39ed1cf704,cubic_spline,test_r006,c20ecea7d5d435f8addbc5bb3795c002671eef03e467fabff9fc33b059b0ddba,rmse,5.118543146646139
64880461-63d5-45fc-8e98-3ab5a347e518,cubic_spline,test_r016,c20ecea7d5d435f8addbc5bb3795c002671eef03e467fabff9fc33b059b0ddba,rmse,5.101265915399248
669bb77a-1a6d-4782-a850-d8d78723b79f,nearest_interpolation,test_r006,c20ecea7d5d435f8addbc5bb3795c002671eef03e467fabff9fc33b059b0ddba,rmse,8.289064829194695
75776222-53ae-4cec-9661-336adc23d49f,galpi,test_r007,c20ecea7d5d435f8addbc5bb3795c002671eef03e467fabff9fc33b059b0ddba,rmse,5.209261416226759
76b1390d-3aad-48fa-99a3-47eaeefa8c35,galpi,test_r014,c20ecea7d5d435f8addbc5bb3795c002671eef03e467fabff9fc33b059b0ddba,rmse,5.150335719690778
76d19f24-2ddb-46e5-bc8f-728be8491f4a,galpi,test_r012,c20ecea7d5d435f8addbc5bb3795c002671eef03e467fabff9fc33b059b0ddba,rmse,5.12424022560807
77674721-1a91-48cc-9562-65a7e0232e69,galpi,test_r000,c20ecea7d5d435f8addbc5bb3795c002671eef03e467fabff9fc33b059b0ddba,rmse,5.156917724357648
78fc2086-a16c-4afe-a965-db61d50b1dc1,linear_interpolation,test_r015,c20ecea7d5d435f8addbc5bb3795c002671eef03e467fabff9fc33b059b0ddba,rmse,5.1161219260444
7accfa83-ee65-4f9c-8733-1f1b3332bf9f,linear_interpolation,test_r004,c20ecea7d5d435f8addbc5bb3795c002671eef03e467fabff9fc33b059b0ddba,rmse,5.0927927726401965
7db781f2-56cd-499c-bc1e-c5a5f2665da4,cubic_spline,test_r001,c20ecea7d5d435f8addbc5bb3795c002671eef03e467fabff9fc33b059b0ddba,rmse,5.140805447239156
801e2183-9a7c-44bd-85f0-d5d613de016d,cubic_spline,test_r018,c20ecea7d5d435f8addbc5bb3795c002671eef03e467fabff9fc33b059b0ddba,rmse,5.121485857301835
81323eb1-1cb0-438c-9bce-8e9b38267c93,nearest_interpolation,test_r008,c20ecea7d5d435f8addbc5bb3795c002671eef03e467fabff9fc33b059b0ddba,rmse,8.309715526607157
83c6eb9f-8ecf-43cf-9476-8f44740d4d9d,cubic_spline,test_r000,c20ecea7d5d435f8addbc5bb3795c002671eef03e467fabff9fc33b059b0ddba,rmse,5.137450472085017
852e6390-dfe1-4a60-9228-3da57a00c573,galpi,test_r016,c20ecea7d5d435f8addbc5bb3795c002671eef03e467fabff9fc33b059b0ddba,rmse,5.15264564212397
86c9abda-3f58-44fd-9587-268f0e058615,cubic_spline,test_r012,c20ecea7d5d435f8addbc5bb3795c002671eef03e467fabff9fc33b059b0ddba,rmse,5.153298984581951
8aca156d-b8a1-4650-b204-f570c3068cd9,cubic_spline,test_r008,c20ecea7d5d435f8addbc5bb3795c002671eef03e467fabff9fc33b059b0ddba,rmse,5.083708903867109
8d64b7d9-36dd-434f-99d5-44f64cdc5f2d,nearest_interpolation,test_r016,c20ecea7d5d435f8addbc5bb3795c002671eef03e467fabff9fc33b059b0ddba,rmse,8.29008166829048
8e63ef24-fdf8-4600-8ddb-a5f5a4980b14,galpi,test_r019,c20ecea7d5d435f8addbc5bb3795c002671eef03e467fabff9fc33b059b0ddba,rmse,5.120119177657979
8efe8999-8709-42bb-98d6-d014f90862c7,nearest_interpolation,test_r007,c20ecea7d5d435f8addbc5bb3795c002671eef03e467fabff9fc33b059b0ddba,rmse,8.366396046518252
8f605194-dcbf-429a-83b2-fcf9d6df14c6,galpi,test_r002,c20ecea7d5d435f8addbc5bb3795c002671eef03e467fabff9fc33b059b0ddba,rmse,5.098514895375956
902854b0-9a79-40cc-89fe-c67e92dea878,linear_interpolation,test_r010,c20ecea7d5d435f8addbc5bb3795c002671eef03e467fabff9fc33b059b0ddba,rmse,5.103305904397292
a1765187-4dec-4fe3-a616-ca66f0d3a429,galpi,test_r010,c20ecea7d5d435f8addbc5bb3795c002671eef03e467fabff9fc33b059b0ddba,rmse,5.131698645532293
a49b2c9f-24fd-4dd8-80e9-8859612ced4e,linear_interpolation,test_r018,c20ecea7d5d435f8addbc5bb3795c002671eef03e467fabff9fc33b059b0ddba,rmse,5.094019328433335
b3a0e792-2f18-4435-8642-9c54d7e15e11,cubic_spline,test_r009,c20ecea7d5d435f8addbc5bb3795c002671eef03e467fabff9fc33b059b0ddba,rmse,5.09279507118774
b6d1e99a-97b8-4195-bab9-285b896f0078,cubic_spline,test_r007,c20ecea7d5d435f8addbc5bb3795c002671eef03e467fabff9fc33b059b0ddba,rmse,5.171370376759353
bc5ed256-cfdc-45e0-b83f-c7e9dccfbbd3,nearest_interpolation,test_r017,c20ecea7d5d435f8addbc5bb3795c002671eef03e467fabff9fc33b059b0ddba,rmse,8.335877170378044
bc895f0d-0e44-4520-9df4-3ffb6e9c391b,nearest_interpolation,test_r004,c20ecea7d5d435f8addbc5bb3795c002671eef03e467fabff9fc33b059b0ddba,rmse,8.335421651797558
be398550-96a0-49e4-800f-fb52743d4c0e,nearest_interpolation,test_r000,c20ecea7d5d435f8addbc5bb3795c002671eef03e467fabff9fc33b059b0ddba,rmse,8.272878947159146
c284eb59-f48a-4279-9172-fb2dfb00cac5,nearest_interpolation,test_r011,c20ecea7d5d435f8addbc5bb3795c002671eef03e467fabff9fc33b059b0ddba,rmse,8.252699466893494
c373fe13-0920-4a36-ba3d-82b4b4a7fb49,nearest_interpolation,test_r014,c20ecea7d5d435f8addbc5bb3795c002671eef03e467fabff9fc33b059b0ddba,rmse,8.273419485930487
c6360360-f4d7-4fd2-8d58-e360b05eb273,galpi,test_r015,c20ecea7d5d435f8addbc5bb3795c002671eef03e467fabff9fc33b059b0ddba,rmse,5.137285774780988
c75c6e56-93b9-4ef2-93ac-ceb73ecd8df1,cubic_spline,test_r004,c20ecea7d5d435f8addbc5bb3795c002671eef03e467fabff9fc33b059b0ddba,rmse,5.089150820842678
c9b4e513-a621-4d3a-acbc-86c62928c80f,galpi,test_r017,c20ecea7d5d435f8addbc5bb3795c002671eef03e467fabff9fc33b059b0ddba,rmse,5.148760820454557
cbedc6d7-9732-45eb-9ab1-c4fdef2c56bf,galpi,test_r003,c20ecea7d5d435f8addbc5bb3795c002671eef03e467fabff9fc33b059b0ddba,rmse,5.1525280797536865
ccb503ad-791f-4581-ab45-3c65aec7c99a,cubic_spline,test_r019,c20ecea7d5d435f8addbc5bb3795c002671eef03e467fabff9fc33b059b0ddba,rmse,5.051735532442653
ccf5c63a-d0be-491f-b2ff-83a1a2c48c62,cubic_spline,test_r013,c20ecea7d5d435f8addbc5bb3795c002671eef03e467fabff9fc33b059b0ddba,rmse,5.160718511569453
cd4cb132-9f98-4f12-9dda-f33021fd8198,linear_interpolation,test_r002,c20ecea7d5d435f8addbc5bb3795c002671eef03e467fabff9fc33b059b0ddba,rmse,5.0633141350753785
d173d780-13b0-48c8-a247-e99be4177bbd,nearest_interpolation,test_r019,c20ecea7d5d435f8addbc5bb3795c002671eef03e467fabff9fc33b059b0ddba,rmse,8.24723044881824
d28f4a58-b7be-4320-b732-695c739032ac,nearest_interpolation,test_r010,c20ecea7d5d435f8addbc5bb3795c002671eef03e467fabff9fc33b059b0ddba,rmse,8.292854162515251
dc82a896-c5a3-4f66-aa0e-5d7d25b03656,cubic_spline,test_r002,c20ecea7d5d435f8addbc5bb3795c002671eef03e467fabff9fc33b059b0ddba,rmse,5.062539840802675
df15bd9b-0967-4544-a006-74904c54833a,galpi,test_r011,c20ecea7d5d435f8addbc5bb3795c002671eef03e467fabff9fc33b059b0ddba,rmse,5.1070651158350095
e2bfa192-186b-43a4-b852-70cddc08a258,nearest_interpolation,test_r009,c20ecea7d5d435f8addbc5bb3795c002671eef03e467fabff9fc33b059b0ddba,rmse,8.236984666569786
e301921c-88b0-47f0-9a79-583c6e5a80c2,cubic_spline,test_r011,c20ecea7d5d435f8addbc5bb3795c002671eef03e467fabff9fc33b059b0ddba,rmse,5.1045667969495305
e67220a9-cf1b-4cde-988b-d18dd51bca7a,linear_interpolation,test_r019,c20ecea7d5d435f8addbc5bb3795c002671eef03e467fabff9fc33b059b0ddba,rmse,5.082880796209525
e73ef023-84ad-4989-aa72-63b01582ca5a,galpi,test_r013,c20ecea7d5d435f8addbc5bb3795c002671eef03e467fabff9fc33b059b0ddba,rmse,5.215375336122432
e7af43e2-b8bb-4956-b59e-ab67cd6b2e43,cubic_spline,test_r014,c20ecea7d5d435f8addbc5bb3795c002671eef03e467fabff9fc33b059b0ddba,rmse,5.118308133482058
f3a7c67d-c9d1-4d39-b0ed-0c8b4c8809bd,galpi,test_r005,c20ecea7d5d435f8addbc5bb3795c002671eef03e467fabff9fc33b059b0ddba,rmse,5.107985311882607
fbb81893-4283-4494-bee9-01332af4590f,nearest_interpolation,test_r002,c20ecea7d5d435f8addbc5bb3795c002671eef03e467fabff9fc33b059b0ddba,rmse,8.230774353713592
fd3a9418-2d57-4cd6-95f7-e37ef5f6f583,cubic_spline,test_r010,c20ecea7d5d435f8addbc5bb3795c002671eef03e467fabff9fc33b059b0ddba,rmse,5.099670892704288
fd9faf83-2b3f-49a7-90c2-39140aa97d46,nearest_interpolation,test_r015,c20ecea7d5d435f8addbc5bb3795c002671eef03e467fabff9fc33b059b0ddba,rmse,8.247606020129936
053b9fb3-2609-413a-8ae6-ade24037a18b,linear_interpolation,test_r008,c20ecea7d5d435f8addbc5bb3795c002671eef03e467fabff9fc33b059b0ddba,rmse,6.035306804155842
070eeafb-8146-4f06-b353-ce0fd92d5d01,galpi,test_r016,c20ecea7d5d435f8addbc5bb3795c002671eef03e467fabff9fc33b059b0ddba,rmse,6.784993580032851
0aa6ff0d-c5a7-492d-9b1f-96fc39e85a6d,cubic_spline,test_r004,c20ecea7d5d435f8addbc5bb3795c002671eef03e467fabff9fc33b059b0ddba,rmse,6.217030320178309
11565913-d65b-4534-ba19-c7c6941a55c2,galpi,test_r002,c20ecea7d5d435f8addbc5bb3795c002671eef03e467fabff9fc33b059b0ddba,rmse,6.638042910919129
1681b100-a689-473c-80ba-dd489c9b7f75,cubic_spline,test_r012,c20ecea7d5d435f8addbc5bb3795c002671eef03e467fabff9fc33b059b0ddba,rmse,6.273080658562277
16e959ac-3973-4718-be5d-d7df687ab47d,cubic_spline,test_r016,c20ecea7d5d435f8addbc5bb3795c002671eef03e467fabff9fc33b059b0ddba,rmse,6.258153503197892
18cbe9bb-7175-4eb5-84bc-7f70964832d3,galpi,test_r017,c20ecea7d5d435f8addbc5bb3795c002671eef03e467fabff9fc33b059b0ddba,rmse,6.717464267734928
1b30c1f5-bd9a-48a3-892e-f42a04dd5c99,cubic_spline,test_r000,c20ecea7d5d435f8addbc5bb3795c002671eef03e467fabff9fc33b059b0ddba,rmse,6.231144390089355
1eea9c25-213f-40a5-a76c-73ca0b3fd705,galpi,test_r000,c20ecea7d5d435f8addbc5bb3795c002671eef03e467fabff9fc33b059b0ddba,rmse,6.751642132785487
1fb59b2c-41fe-473a-8f18-b0d9fd75bf84,cubic_spline,test_r019,c20ecea7d5d435f8addbc5bb3795c002671eef03e467fabff9fc33b059b0ddba,rmse,6.241984643993882
211fb8a9-24f7-4817-a270-6c3b862e2841,nearest_interpolation,test_r001,c20ecea7d5d435f8addbc5bb3795c002671eef03e467fabff9fc33b059b0ddba,rmse,8.92711857489886
219b6584-ec65-4a5f-9986-fc8383a54618,galpi,test_r005,c20ecea7d5d435f8addbc5bb3795c002671eef03e467fabff9fc33b059b0ddba,rmse,6.6645409732436764
268be9e6-f925-44b6-ba94-43b8848946dd,cubic_spline,test_r008,c20ecea7d5d435f8addbc5bb3795c002671eef03e467fabff9fc33b059b0ddba,rmse,6.2205648388057195
277bed40-e673-4bfc-a4e2-bbfef7b2be07,cubic_spline,test_r005,c20ecea7d5d435f8addbc5bb3795c002671eef03e467fabff9fc33b059b0ddba,rmse,6.211636029869627
28fbc853-4d4b-4739-acff-fe3f67a77211,cubic_spline,test_r001,c20ecea7d5d435f8addbc5bb3795c002671eef03e467fabff9fc33b059b0ddba,rmse,6.275086353731454
298b38be-2858-4956-a7b4-1df279a46607,nearest_interpolation,test_r002,c20ecea7d5d435f8addbc5bb3795c002671eef03e467fabff9fc33b059b0ddba,rmse,8.859514626628101
2b446c8d-b738-4a6b-8cfd-94dd67820381,linear_interpolation,test_r015,c20ecea7d5d435f8addbc5bb3795c002671eef03e467fabff9fc33b059b0ddba,rmse,6.04484141319358
2dd9315e-515c-4287-a570-7f8d71585586,nearest_interpolation,test_r009,c20ecea7d5d435f8addbc5bb3795c002671eef03e467fabff9fc33b059b0ddba,rmse,8.885446333849572
31ca3623-2439-4403-87b4-8a51d10d265e,cubic_spline,test_r010,c20ecea7d5d435f8addbc5bb3795c002671eef03e467fabff9fc33b059b0ddba,rmse,6.290082034156994
33186638-094a-4aa2-b5ac-9000082acd15,nearest_interpolation,test_r007,c20ecea7d5d435f8addbc5bb3795c002671eef03e467fabff9fc33b059b0ddba,rmse,8.898539461912156
332fdf84-125c-437d-afb7-b3cb0e7ef4ac,cubic_spline,test_r018,c20ecea7d5d435f8addbc5bb3795c002671eef03e467fabff9fc33b059b0ddba,rmse,6.253016681846597
34e7eb50-0cba-4a8e-b15c-e6e87d94b9e1,galpi,test_r013,c20ecea7d5d435f8addbc5bb3795c002671eef03e467fabff9fc33b059b0ddba,rmse,6.782435686932694
3666d71f-bc14-4ddf-aa2a-44b7f03c595a,cubic_spline,test_r002,c20ecea7d5d435f8addbc5bb3795c002671eef03e467fabff9fc33b059b0ddba,rmse,6.23651285184462
37534950-fde8-46e0-b269-1e8183f911d0,cubic_spline,test_r017,c20ecea7d5d435f8addbc5bb3795c002671eef03e467fabff9fc33b059b0ddba,rmse,6.232156085881188
3b6bcfa2-cb66-4a34-a2f2-9d3959c93d45,cubic_spline,test_r007,c20ecea7d5d435f8addbc5bb3795c002671eef03e467fabff9fc33b059b0ddba,rmse,6.2381488521501005
3caa521b-9f68-4441-8ce4-0c919dfb6305,nearest_interpolation,test_r019,c20ecea7d5d435f8addbc5bb3795c002671eef03e467fabff9fc33b059b0ddba,rmse,8.850434518958592
3d45774c-ffc4-4092-bd00-0db6549e0309,nearest_interpolation,test_r003,c20ecea7d5d435f8addbc5bb3795c002671eef03e467fabff9fc33b059b0ddba,rmse,8.901858287872708
3defeaba-b89d-45ab-8f65-64fb24ca9c93,linear_interpolation,test_r009,c20ecea7d5d435f8addbc5bb3795c002671eef03e467fabff9fc33b059b0ddba,rmse,6.064555355857518
3e5bfedc-0626-4ed6-85fa-97bf4e143cf8,linear_interpolation,test_r018,c20ecea7d5d435f8addbc5bb3795c002671eef03e467fabff9fc33b059b0ddba,rmse,6.074830726811764
4078b892-8fc1-41a2-887c-8e14ff3a3484,nearest_interpolation,test_r006,c20ecea7d5d435f8addbc5bb3795c002671eef03e467fabff9fc33b059b0ddba,rmse,8.879120877340283
450cdbb3-ceaa-4a52-a9c1-8e8462630378,nearest_interpolation,test_r017,c20ecea7d5d435f8addbc5bb3795c002671eef03e467fabff9fc33b059b0ddba,rmse,8.898301659189261
467875ce-2e5d-47fc-bc19-f9e229792369,linear_interpolation,test_r000,c20ecea7d5d435f8addbc5bb3795c002671eef03e467fabff9fc33b059b0ddba,rmse,6.0705706836407485
46f9b68b-8956-4a26-8bc4-f7bd73537c93,linear_interpolation,test_r013,c20ecea7d5d435f8addbc5bb3795c002671eef03e467fabff9fc33b059b0ddba,rmse,6.1140719876044916
4737d594-09c2-4be0-a1db-3a136d71faf9,linear_interpolation,test_r004,c20ecea7d5d435f8addbc5bb3795c002671eef03e467fabff9fc33b059b0ddba,rmse,6.0626295701877915
4a65a3a3-acf0-43c4-973e-8859c7486d6c,linear_interpolation,test_r003,c20ecea7d5d435f8addbc5bb3795c002671eef03e467fabff9fc33b059b0ddba,rmse,6.091462576451751
4da450f7-0f58-45ed-9913-b37412f3319f,galpi,test_r011,c20ecea7d5d435f8addbc5bb3795c002671eef03e467fabff9fc33b059b0ddba,rmse,6.706794580730761
51311d18-8951-4410-9041-4504926d2da4,nearest_interpolation,test_r005,c20ecea7d5d435f8addbc5bb3795c002671eef03e467fabff9fc33b059b0ddba,rmse,8.872163864395374
5412d9e0-11b8-4f4a-8f10-6ca07f0f7c99,nearest_interpolation,test_r018,c20ecea7d5d435f8addbc5bb3795c002671eef03e467fabff9fc33b059b0ddba,rmse,8.92138719545324
5980557c-da30-4065-886c-6713fdf1e74e,cubic_spline,test_r015,c20ecea7d5d435f8addbc5bb3795c002671eef03e467fabff9fc33b059b0ddba,rmse,6.225818478430814
614293c0-f5c0-4115-9f2d-e412fc67e357,galpi,test_r018,c20ecea7d5d435f8addbc5bb3795c002671eef03e467fabff9fc33b059b0ddba,rmse,6.7482820931919045
65520fda-06ba-4299-a10c-d805bc503b68,cubic_spline,test_r011,c20ecea7d5d435f8addbc5bb3795c002671eef03e467fabff9fc33b059b0ddba,rmse,6.287261473678614
677e021e-0dae-403b-9d73-bfd46b0fb513,galpi,test_r010,c20ecea7d5d435f8addbc5bb3795c002671eef03e467fabff9fc33b059b0ddba,rmse,6.766346332918539
6a330786-57da-4c94-9b8a-86224d598ab1,linear_interpolation,test_r006,c20ecea7d5d435f8addbc5bb3795c002671eef03e467fabff9fc33b059b0ddba,rmse,6.068433048274469
6b9481b5-ff99-40f2-b464-2427aa8e6fbc,cubic_spline,test_r006,c20ecea7d5d435f8addbc5bb3795c002671eef03e467fabff9fc33b059b0ddba,rmse,6.22493882639159
6d3db93d-8f2d-49d5-96a8-c35166ef9fe2,galpi,test_r009,c20ecea7d5d435f8addbc5bb3795c002671eef03e467fabff9fc33b059b0ddba,rmse,6.72140358080178
6d5f164b-a4ab-4f77-b817-34ad41cd85ba,nearest_interpolation,test_r004,c20ecea7d5d435f8addbc5bb3795c002671eef03e467fabff9fc33b059b0ddba,rmse,8.895147800215122
7d72ea65-333c-4154-9d33-9ce7e56b0987,cubic_spline,test_r013,c20ecea7d5d435f8addbc5bb3795c002671eef03e467fabff9fc33b059b0ddba,rmse,6.247529449298718
7e993f15-f9bf-4fcc-9243-bf55cb042f47,nearest_interpolation,test_r000,c20ecea7d5d435f8addbc5bb3795c002671eef03e467fabff9fc33b059b0ddba,rmse,8.887710869004787
80dc81ed-0a3d-49cc-a50c-bab1b5e0ec07,linear_interpolation,test_r014,c20ecea7d5d435f8addbc5bb3795c002671eef03e467fabff9fc33b059b0ddba,rmse,6.061115959497872
80f34cd6-26fc-4a63-a2ac-fcd822864beb,galpi,test_r001,c20ecea7d5d435f8addbc5bb3795c002671eef03e467fabff9fc33b059b0ddba,rmse,6.753154259551143
8716a69f-e3bb-43c1-86ef-bdaa9db80a60,galpi,test_r003,c20ecea7d5d435f8addbc5bb3795c002671eef03e467fabff9fc33b059b0ddba,rmse,6.766385664667906
896f59e2-0d96-463f-9c0d-66c570ebc18e,nearest_interpolation,test_r014,c20ecea7d5d435f8addbc5bb3795c002671eef03e467fabff9fc33b059b0ddba,rmse,8.88437664169169
8de0fce1-742d-4852-a05c-ee0c93c8e28d,nearest_interpolation,test_r016,c20ecea7d5d435f8addbc5bb3795c002671eef03e467fabff9fc33b059b0ddba,rmse,8.896665845366504
8e5c023c-5e88-47de-9a3a-c21f434fb610,galpi,test_r006,c20ecea7d5d435f8addbc5bb3795c002671eef03e467fabff9fc33b059b0ddba,rmse,6.719048030441932
95696420-a3fb-4829-8080-e5df1d97f1da,linear_interpolation,test_r001,c20ecea7d5d435f8addbc5bb3795c002671eef03e467fabff9fc33b059b0ddba,rmse,6.107492074958325
99a56ea5-2e70-45e8-b824-bfbbc0929cf5,galpi,test_r019,c20ecea7d5d435f8addbc5bb3795c002671eef03e467fabff9fc33b059b0ddba,rmse,6.75046908529373
9e605214-01a1-4dbd-a55b-2db3dc63bd5f,nearest_interpolation,test_r012,c20ecea7d5d435f8addbc5bb3795c002671eef03e467fabff9fc33b059b0ddba,rmse,8.889250456023888
a274e4f4-0130-4f55-bffb-dd18e40e37cf,cubic_spline,test_r014,c20ecea7d5d435f8addbc5bb3795c002671eef03e467fabff9fc33b059b0ddba,rmse,6.237527195235132
add4dd5c-d3a7-47aa-bf96-0f3288d2ddf3,linear_interpolation,test_r011,c20ecea7d5d435f8addbc5bb3795c002671eef03e467fabff9fc33b059b0ddba,rmse,6.074799739591036
b06f4df4-4eec-4c2d-8d33-57b9ba64b8b1,cubic_spline,test_r003,c20ecea7d5d435f8addbc5bb3795c002671eef03e467fabff9fc33b059b0ddba,rmse,6.310484489852954
b40d6d3a-0380-47e6-af49-2957800f8daa,galpi,test_r015,c20ecea7d5d435f8addbc5bb3795c002671eef03e467fabff9fc33b059b0ddba,rmse,6.7048881427321225
b5a30699-79f2-40cd-9743-930399f6fda3,nearest_interpolation,test_r008,c20ecea7d5d435f8addbc5bb3795c002671eef03e467fabff9fc33b059b0ddba,rmse,8.845987873872547
b68761a0-fe64-42fd-a2ec-a9ff1d5577a5,linear_interpolation,test_r017,c20ecea7d5d435f8addbc5bb3795c002671eef03e467fabff9fc33b059b0ddba,rmse,6.0706814109029485
b9871ac0-14d2-4396-aebe-f84dfab0f95d,linear_interpolation,test_r010,c20ecea7d5d435f8addbc5bb3795c002671eef03e467fabff9fc33b059b0ddba,rmse,6.091255016470397
ba6638a9-1ed9-49f3-b143-44dcc76c726a,linear_interpolation,test_r005,c20ecea7d5d435f8addbc5bb3795c002671eef03e467fabff9fc33b059b0ddba,rmse,6.035341717322158
bb03cce6-a6b2-409b-ac92-797c24f9c310,linear_interpolation,test_r002,c20ecea7d5d435f8addbc5bb3795c002671eef03e467fabff9fc33b059b0ddba,rmse,6.025571032128089
bde3c60b-ca66-48fd-b3b9-028cbe97f96f,linear_interpolation,test_r016,c20ecea7d5d435f8addbc5bb3795c002671eef03e467fabff9fc33b059b0ddba,rmse,6.104321455640748
c8697704-7603-4057-9285-57ad378277b1,nearest_interpolation,test_r015,c20ecea7d5d435f8addbc5bb3795c002671eef03e467fabff9fc33b059b0ddba,rmse,8.861896866383875
cd2671b3-0ca2-4b2d-a5dd-da07d489e4f0,nearest_interpolation,test_r013,c20ecea7d5d435f8addbc5bb3795c002671eef03e467fabff9fc33b059b0ddba,rmse,8.922757890969212
d062f40a-a44e-40bf-9f3e-a91d06d0bbfd,galpi,test_r007,c20ecea7d5d435f8addbc5bb3795c002671eef03e467fabff9fc33b059b0ddba,rmse,6.737120261623515
d6249d52-5481-4986-8d03-219964693632,linear_interpolation,test_r007,c20ecea7d5d435f8addbc5bb3795c002671eef03e467fabff9fc33b059b0ddba,rmse,6.085909072426644
e0512a8a-4452-44a5-8fe8-9a7be3850a75,galpi,test_r004,c20ecea7d5d435f8addbc5bb3795c002671eef03e467fabff9fc33b059b0ddba,rmse,6.703309100221705
e38111ce-d1d5-4f89-9ae0-9b92811774bf,nearest_interpolation,test_r011,c20ecea7d5d435f8addbc5bb3795c002671eef03e467fabff9fc33b059b0ddba,rmse,8.891709836911787
eb2a5dde-b9f7-4958-aea1-11f5d08c2286,linear_interpolation,test_r019,c20ecea7d5d435f8addbc5bb3795c002671eef03e467fabff9fc33b059b0ddba,rmse,6.07160124154392
eebbee0d-5af8-442e-a8cc-fad0db222758,galpi,test_r012,c20ecea7d5d435f8addbc5bb3795c002671eef03e467fabff9fc33b059b0ddba,rmse,6.698902472909811
f32fefcb-fa5c-4888-97e8-6bc4b61dd612,nearest_interpolation,test_r010,c20ecea7d5d435f8addbc5bb3795c002671eef03e467fabff9fc33b059b0ddba,rmse,8.929216517613298
f47643ec-05a0-49d7-b9d4-a8afb513e11b,galpi,test_r014,c20ecea7d5d435f8addbc5bb3795c002671eef03e467fabff9fc33b059b0ddba,rmse,6.707842867099956
f701bbe2-6711-4fe0-8f42-8a349107ef98,galpi,test_r008,c20ecea7d5d435f8addbc5bb3795c002671eef03e467fabff9fc33b059b0ddba,rmse,6.658127797169442
fd7cc748-eeb8-4412-9c5f-4bb1d486f2e8,linear_interpolation,test_r012,c20ecea7d5d435f8addbc5bb3795c002671eef03e467fabff9fc33b059b0ddba,rmse,6.06178303065444
fd8ffb98-bc30-463e-a372-f586a1232652,cubic_spline,test_r009,c20ecea7d5d435f8addbc5bb3795c002671eef03e467fabff9fc33b059b0ddba,rmse,6.235921303982548
03d3f716-7633-4998-94b0-622fcd95261d,nearest_interpolation,test_r019,c20ecea7d5d435f8addbc5bb3795c002671eef03e467fabff9fc33b059b0ddba,rmse,10.280176429922154
0405c2b1-257c-4d9c-aeb3-0e041e99a259,galpi,test_r010,c20ecea7d5d435f8addbc5bb3795c002671eef03e467fabff9fc33b059b0ddba,rmse,9.918282955366942
04fe2422-4c7a-4401-a5aa-86116875ab4b,linear_interpolation,test_r007,c20ecea7d5d435f8addbc5bb3795c002671eef03e467fabff9fc33b059b0ddba,rmse,7.664301142292395
09c41c9f-8070-4fd6-8a0e-fddf11cc601f,cubic_spline,test_r005,c20ecea7d5d435f8addbc5bb3795c002671eef03e467fabff9fc33b059b0ddba,rmse,8.117982002855259
0a0d191e-609f-4101-9915-c0c42bc01907,galpi,test_r007,c20ecea7d5d435f8addbc5bb3795c002671eef03e467fabff9fc33b059b0ddba,rmse,9.891006038700924
0abd6a6f-4725-4cf2-94aa-10b06254e907,linear_interpolation,test_r017,c20ecea7d5d435f8addbc5bb3795c002671eef03e467fabff9fc33b059b0ddba,rmse,7.712153315111428
0dd17cb3-5c17-4941-9bda-5177d7b5e4fd,cubic_spline,test_r002,c20ecea7d5d435f8addbc5bb3795c002671eef03e467fabff9fc33b059b0ddba,rmse,8.126222793862096
0f832b01-2096-4d73-a86a-4cd89d92d4b3,cubic_spline,test_r014,c20ecea7d5d435f8addbc5bb3795c002671eef03e467fabff9fc33b059b0ddba,rmse,8.128044661551133
103c6a40-11a4-4a30-852d-cf409773bfec,nearest_interpolation,test_r005,c20ecea7d5d435f8addbc5bb3795c002671eef03e467fabff9fc33b059b0ddba,rmse,10.255661698634796
107a5115-a65a-4a2d-86df-f8eb55f3d486,nearest_interpolation,test_r016,c20ecea7d5d435f8addbc5bb3795c002671eef03e467fabff9fc33b059b0ddba,rmse,10.32543731840325
1402a46b-3f0e-4600-b8c8-adabf52aab64,cubic_spline,test_r018,c20ecea7d5d435f8addbc5bb3795c002671eef03e467fabff9fc33b059b0ddba,rmse,8.196014503075217
1df3cc11-2743-4f85-8be4-f4a7521866f2,cubic_spline,test_r006,c20ecea7d5d435f8addbc5bb3795c002671eef03e467fabff9fc33b059b0ddba,rmse,8.202195330658638
2847526d-6dda-40a5-9ac3-d114a3ec2eb1,linear_interpolation,test_r012,c20ecea7d5d435f8addbc5bb3795c002671eef03e467fabff9fc33b059b0ddba,rmse,7.734575792051494
2c61c25c-4fe0-4bca-8b0c-102172a0c80b,linear_interpolation,test_r015,c20ecea7d5d435f8addbc5bb3795c002671eef03e467fabff9fc33b059b0ddba,rmse,7.691489157512489
2cabd246-3632-4dc2-881f-a7d996639431,galpi,test_r018,c20ecea7d5d435f8addbc5bb3795c002671eef03e467fabff9fc33b059b0ddba,rmse,9.921105574739093
2cf073ea-4940-438f-8bf8-763327a6dd7e,galpi,test_r006,c20ecea7d5d435f8addbc5bb3795c002671eef03e467fabff9fc33b059b0ddba,rmse,9.955719710674838
330fc7c7-d813-4d48-8ef4-5c202850f45d,linear_interpolation,test_r002,c20ecea7d5d435f8addbc5bb3795c002671eef03e467fabff9fc33b059b0ddba,rmse,7.6731751641330135
3ca1b096-8d55-4808-abaf-614c42a603d1,cubic_spline,test_r010,c20ecea7d5d435f8addbc5bb3795c002671eef03e467fabff9fc33b059b0ddba,rmse,8.10440819790116
3ed77f9f-7196-4156-a780-0b40387eac17,cubic_spline,test_r009,c20ecea7d5d435f8addbc5bb3795c002671eef03e467fabff9fc33b059b0ddba,rmse,8.155128113534074
443a0f53-e83c-40c2-96a6-dd118a8dfd55,cubic_spline,test_r017,c20ecea7d5d435f8addbc5bb3795c002671eef03e467fabff9fc33b059b0ddba,rmse,8.409158975450794
44fd756c-96b6-4577-9b84-54e99241d860,linear_interpolation,test_r009,c20ecea7d5d435f8addbc5bb3795c002671eef03e467fabff9fc33b059b0ddba,rmse,7.716127255282647
47d4dcd6-8da7-41ee-b550-efcc926770cf,linear_interpolation,test_r010,c20ecea7d5d435f8addbc5bb3795c002671eef03e467fabff9fc33b059b0ddba,rmse,7.685592680840067
488329d0-d9d2-44e5-8f43-4470418cc791,galpi,test_r002,c20ecea7d5d435f8addbc5bb3795c002671eef03e467fabff9fc33b059b0ddba,rmse,9.852846385934042
498e9761-7a95-4895-a25e-908ad5247685,galpi,test_r019,c20ecea7d5d435f8addbc5bb3795c002671eef03e467fabff9fc33b059b0ddba,rmse,9.889476936944776
4fa58124-f777-4195-9a15-4fa718e16d43,nearest_interpolation,test_r001,c20ecea7d5d435f8addbc5bb3795c002671eef03e467fabff9fc33b059b0ddba,rmse,10.289893442981445
5abd3fc7-2b26-4b79-8d1b-58faca1a62cc,cubic_spline,test_r012,c20ecea7d5d435f8addbc5bb3795c002671eef03e467fabff9fc33b059b0ddba,rmse,8.20359774711933
5af5ec4e-f6f0-47ba-851e-172a1e90a419,linear_interpolation,test_r006,c20ecea7d5d435f8addbc5bb3795c002671eef03e467fabff9fc33b059b0ddba,rmse,7.721087079254524
5b03da72-96ad-4078-96d3-302181accea4,cubic_spline,test_r001,c20ecea7d5d435f8addbc5bb3795c002671eef03e467fabff9fc33b059b0ddba,rmse,8.151773381904706
5d62c4ee-9e5e-474d-9220-94aaf2ea67b1,nearest_interpolation,test_r014,c20ecea7d5d435f8addbc5bb3795c002671eef03e467fabff9fc33b059b0ddba,rmse,10.285958092019499
5f966826-80a5-4c29-b87c-d37500b370dc,nearest_interpolation,test_r012,c20ecea7d5d435f8addbc5bb3795c002671eef03e467fabff9fc33b059b0ddba,rmse,10.331259180803603
6217287c-5185-49cd-ae0b-a1bda4082b17,linear_interpolation,test_r011,c20ecea7d5d435f8addbc5bb3795c002671eef03e467fabff9fc33b059b0ddba,rmse,7.764402800254748
634c3238-5312-497e-baed-499ec0b90804,nearest_interpolation,test_r004,c20ecea7d5d435f8addbc5bb3795c002671eef03e467fabff9fc33b059b0ddba,rmse,10.3163573966789
6a94ba18-f694-48a0-bd54-cf6bdf88b642,nearest_interpolation,test_r018,c20ecea7d5d435f8addbc5bb3795c002671eef03e467fabff9fc33b059b0ddba,rmse,10.336314631618361
6aaecc3b-1b3c-45e3-a2f0-56f150f7f4e8,nearest_interpolation,test_r000,c20ecea7d5d435f8addbc5bb3795c002671eef03e467fabff9fc33b059b0ddba,rmse,10.303299915469182
7154a11b-fcba-477c-a2bf-8d4f738cb44f,galpi,test_r017,c20ecea7d5d435f8addbc5bb3795c002671eef03e467fabff9fc33b059b0ddba,rmse,9.890892010401208
71b91ce3-2b54-48ee-9601-e73a22965877,cubic_spline,test_r011,c20ecea7d5d435f8addbc5bb3795c002671eef03e467fabff9fc33b059b0ddba,rmse,8.19649180588914
74d66ed2-6549-497d-bdda-4a2837fcbd93,nearest_interpolation,test_r011,c20ecea7d5d435f8addbc5bb3795c002671eef03e467fabff9fc33b059b0ddba,rmse,10.358698897863574
7b1137d3-0471-4ed0-b440-507e202e1c75,linear_interpolation,test_r001,c20ecea7d5d435f8addbc5bb3795c002671eef03e467fabff9fc33b059b0ddba,rmse,7.682217562530135
7b925b60-0395-4ac9-8a0f-99823d1dc97f,cubic_spline,test_r016,c20ecea7d5d435f8addbc5bb3795c002671eef03e467fabff9fc33b059b0ddba,rmse,8.135916692832724
7ec978f6-a840-4c7c-a03f-b5f5a21a2a04,galpi,test_r013,c20ecea7d5d435f8addbc5bb3795c002671eef03e467fabff9fc33b059b0ddba,rmse,10.000864898038609
80f00854-d66d-4080-8a01-8e86289b1f24,nearest_interpolation,test_r002,c20ecea7d5d435f8addbc5bb3795c002671eef03e467fabff9fc33b059b0ddba,rmse,10.260866387305006
83e97f91-5b5a-4b1e-b8d0-6a25c122f031,galpi,test_r011,c20ecea7d5d435f8addbc5bb3795c002671eef03e467fabff9fc33b059b0ddba,rmse,9.999203625290395
84b62dee-a50f-449e-be32-2b47094beabb,linear_interpolation,test_r004,c20ecea7d5d435f8addbc5bb3795c002671eef03e467fabff9fc33b059b0ddba,rmse,7.716884971027518
8585c16c-9b4f-4b2f-a095-0bebdadfb53f,nearest_interpolation,test_r006,c20ecea7d5d435f8addbc5bb3795c002671eef03e467fabff9fc33b059b0ddba,rmse,10.33099874163846
8ad44dad-0fa1-43d9-8e38-34d59d08081b,galpi,test_r012,c20ecea7d5d435f8addbc5bb3795c002671eef03e467fabff9fc33b059b0ddba,rmse,10.00438029310777
8e891f71-eb0e-409f-b430-fcb9de2de3e9,linear_interpolation,test_r005,c20ecea7d5d435f8addbc5bb3795c002671eef03e467fabff9fc33b059b0ddba,rmse,7.651279696902392
929ebae4-6916-457d-9f30-56f7089f0503,galpi,test_r000,c20ecea7d5d435f8addbc5bb3795c002671eef03e467fabff9fc33b059b0ddba,rmse,9.917664833457344
965546b0-0799-445e-b6d9-89d277d6ad7e,cubic_spline,test_r003,c20ecea7d5d435f8addbc5bb3795c002671eef03e467fabff9fc33b059b0ddba,rmse,8.083086453215962
9ac64b7b-36e5-48c0-a49c-e938b4ffe194,nearest_interpolation,test_r015,c20ecea7d5d435f8addbc5bb3795c002671eef03e467fabff9fc33b059b0ddba,rmse,10.267741259122522
9d371496-0bd3-4e74-bfe4-ef154a1a1456,galpi,test_r004,c20ecea7d5d435f8addbc5bb3795c002671eef03e467fabff9fc33b059b0ddba,rmse,9.9295224805823
a4316340-0a11-4975-a3b4-9b32555a0373,linear_interpolation,test_r018,c20ecea7d5d435f8addbc5bb3795c002671eef03e467fabff9fc33b059b0ddba,rmse,7.698678879445437
a454779a-6e6e-48ee-b820-0cb208e57656,linear_interpolation,test_r000,c20ecea7d5d435f8addbc5bb3795c002671eef03e467fabff9fc33b059b0ddba,rmse,7.714484357463601
aa4aa7c0-53a4-4ed5-81b5-61e184121192,nearest_interpolation,test_r009,c20ecea7d5d435f8addbc5bb3795c002671eef03e467fabff9fc33b059b0ddba,rmse,10.3110056492865
ac03a12f-26e6-4c09-9450-4d2d5cf7e7aa,linear_interpolation,test_r013,c20ecea7d5d435f8addbc5bb3795c002671eef03e467fabff9fc33b059b0ddba,rmse,7.72784938282395
b1330f97-2f39-4a68-ab52-9d1a908467ea,nearest_interpolation,test_r003,c20ecea7d5d435f8addbc5bb3795c002671eef03e467fabff9fc33b059b0ddba,rmse,10.27898967201447
b371ebcf-cd68-4035-a9f7-38147c7e0410,linear_interpolation,test_r003,c20ecea7d5d435f8addbc5bb3795c002671eef03e467fabff9fc33b059b0ddba,rmse,7.678660913591534
b70b58a2-4e70-4259-82b9-fe8b62a42725,linear_interpolation,test_r014,c20ecea7d5d435f8addbc5bb3795c002671eef03e467fabff9fc33b059b0ddba,rmse,7.672680969553748
b79c5fe4-bef7-4317-838b-ce332472bdbe,nearest_interpolation,test_r013,c20ecea7d5d435f8addbc5bb3795c002671eef03e467fabff9fc33b059b0ddba,rmse,10.339729765621856
b8dad217-b9a2-4246-87f2-4228e7b614b9,galpi,test_r015,c20ecea7d5d435f8addbc5bb3795c002671eef03e467fabff9fc33b059b0ddba,rmse,9.900657481112264
b9871086-a5ca-4017-b958-3f5ff2647168,galpi,test_r016,c20ecea7d5d435f8addbc5bb3795c002671eef03e467fabff9fc33b059b0ddba,rmse,9.989119100573312
bae9e362-2d00-489c-a510-8a1690c79696,galpi,test_r008,c20ecea7d5d435f8addbc5bb3795c002671eef03e467fabff9fc33b059b0ddba,rmse,9.798695325741454
bb73b7be-997e-406d-a299-a61915d0f8ef,cubic_spline,test_r015,c20ecea7d5d435f8addbc5bb3795c002671eef03e467fabff9fc33b059b0ddba,rmse,8.134704762159084
bc51a019-5302-40c4-a4f8-dd46722a1a1f,cubic_spline,test_r007,c20ecea7d5d435f8addbc5bb3795c002671eef03e467fabff9fc33b059b0ddba,rmse,8.112359460230818
c0fddd3e-f65f-4749-a0a9-301ddac818a7,linear_interpolation,test_r016,c20ecea7d5d435f8addbc5bb3795c002671eef03e467fabff9fc33b059b0ddba,rmse,7.738299366229892
c3524941-480c-4fff-8ed7-40326f6095eb,nearest_interpolation,test_r017,c20ecea7d5d435f8addbc5bb3795c002671eef03e467fabff9fc33b059b0ddba,rmse,10.306671946492786
c35a206c-2bfe-4b14-a06e-0c475bec7a10,cubic_spline,test_r019,c20ecea7d5d435f8addbc5bb3795c002671eef03e467fabff9fc33b059b0ddba,rmse,8.116041256239484
c3eefdcf-6a4c-477b-b943-06c2883b1747,cubic_spline,test_r000,c20ecea7d5d435f8addbc5bb3795c002671eef03e467fabff9fc33b059b0ddba,rmse,8.144005359415257
c472b4d3-aa17-46c3-86cb-06653b257e46,cubic_spline,test_r004,c20ecea7d5d435f8addbc5bb3795c002671eef03e467fabff9fc33b059b0ddba,rmse,8.207512427354942
c52e8446-9672-4583-babd-71b7dea27d07,linear_interpolation,test_r008,c20ecea7d5d435f8addbc5bb3795c002671eef03e467fabff9fc33b059b0ddba,rmse,7.598913908535942
c8e5e1f4-eae0-4144-83e9-c5b3070e678a,galpi,test_r014,c20ecea7d5d435f8addbc5bb3795c002671eef03e467fabff9fc33b059b0ddba,rmse,9.8755617738079
d0ebfcc0-4df9-4d46-9e79-b41fbe47fe38,galpi,test_r001,c20ecea7d5d435f8addbc5bb3795c002671eef03e467fabff9fc33b059b0ddba,rmse,9.922347951099939
d369bd8a-608d-49ac-9361-a7952b4e2ccd,cubic_spline,test_r013,c20ecea7d5d435f8addbc5bb3795c002671eef03e467fabff9fc33b059b0ddba,rmse,8.173297862969642
d4bf94ee-b20e-45dc-a008-b409ad25db08,cubic_spline,test_r008,c20ecea7d5d435f8addbc5bb3795c002671eef03e467fabff9fc33b059b0ddba,rmse,8.050375211091913
d9bd08c7-7ca4-4b78-8cc4-2cf01d6309b6,linear_interpolation,test_r019,c20ecea7d5d435f8addbc5bb3795c002671eef03e467fabff9fc33b059b0ddba,rmse,7.6700490611965915
e338e643-9810-42fe-8dbb-abd6a05e88d0,nearest_interpolation,test_r008,c20ecea7d5d435f8addbc5bb3795c002671eef03e467fabff9fc33b059b0ddba,rmse,10.21971728495511
e597a312-ab4f-48e8-a7eb-7a45190c6f67,galpi,test_r005,c20ecea7d5d435f8addbc5bb3795c002671eef03e467fabff9fc33b059b0ddba,rmse,9.901001801140463
ec1fd140-60cf-4c51-ada5-b6e9027dabba,nearest_interpolation,test_r007,c20ecea7d5d435f8addbc5bb3795c002671eef03e467fabff9fc33b059b0ddba,rmse,10.25263712312585
ed54c850-9dda-477c-8eec-86a1fc4f6018,nearest_interpolation,test_r010,c20ecea7d5d435f8addbc5bb3795c002671eef03e467fabff9fc33b059b0ddba,rmse,10.335738107040669
efe6d1a9-dc6c-4b22-9141-15587617b091,galpi,test_r009,c20ecea7d5d435f8addbc5bb3795c002671eef03e467fabff9fc33b059b0ddba,rmse,9.94474564707807
fc25ce08-f8a6-448d-8b74-64149c6e1f20,galpi,test_r003,c20ecea7d5d435f8addbc5bb3795c002671eef03e467fabff9fc33b059b0ddba,rmse,9.899669615610653
047d6661-8c63-4885-8443-f372cdac97e0,linear_interpolation,test_r018,c20ecea7d5d435f8addbc5bb3795c002671eef03e467fabff9fc33b059b0ddba,rmse,7.327790253316552
060107e8-622c-4b83-a867-f6bfa30cbf0e,cubic_spline,test_r010,c20ecea7d5d435f8addbc5bb3795c002671eef03e467fabff9fc33b059b0ddba,rmse,6.713144832262981
09478a8f-fd7e-43a3-be9d-25c144ae3944,linear_interpolation,test_r015,c20ecea7d5d435f8addbc5bb3795c002671eef03e467fabff9fc33b059b0ddba,rmse,7.248587472271914
0bedab65-406b-4ca9-a715-bd5b8f256408,galpi,test_r000,c20ecea7d5d435f8addbc5bb3795c002671eef03e467fabff9fc33b059b0ddba,rmse,7.034262156308
0c514a3c-99f1-4ca1-a47d-cc2a7b36327f,nearest_interpolation,test_r016,c20ecea7d5d435f8addbc5bb3795c002671eef03e467fabff9fc33b059b0ddba,rmse,12.165535016180865
11f6d8ec-cac3-42ac-82b7-5b88dcaa304b,cubic_spline,test_r007,c20ecea7d5d435f8addbc5bb3795c002671eef03e467fabff9fc33b059b0ddba,rmse,6.8773449686723955
13444ab2-7818-4434-9cc2-07c01be3c6d1,galpi,test_r007,c20ecea7d5d435f8addbc5bb3795c002671eef03e467fabff9fc33b059b0ddba,rmse,7.247804910485652
14447b12-88c8-461a-a824-a8c86712f64a,linear_interpolation,test_r009,c20ecea7d5d435f8addbc5bb3795c002671eef03e467fabff9fc33b059b0ddba,rmse,7.567548766480634
1a18a452-04fe-4d7a-a122-6b2144b0e784,galpi,test_r015,c20ecea7d5d435f8addbc5bb3795c002671eef03e467fabff9fc33b059b0ddba,rmse,7.302710019414147
1b4544eb-c985-451d-9a0c-fb39642647e8,cubic_spline,test_r004,c20ecea7d5d435f8addbc5bb3795c002671eef03e467fabff9fc33b059b0ddba,rmse,6.748448796227179
1ce23abb-4d01-41cc-a9d4-d6412c6df404,nearest_interpolation,test_r010,c20ecea7d5d435f8addbc5bb3795c002671eef03e467fabff9fc33b059b0ddba,rmse,12.231484140650021
22da7a6b-20b8-4832-b857-b4fe06072f4f,linear_interpolation,test_r007,c20ecea7d5d435f8addbc5bb3795c002671eef03e467fabff9fc33b059b0ddba,rmse,7.195964624003872
25083892-b1e8-4d59-be46-3e5ca1ab6dbb,linear_interpolation,test_r013,c20ecea7d5d435f8addbc5bb3795c002671eef03e467fabff9fc33b059b0ddba,rmse,7.133127085891498
281b2e74-ced5-4441-bd26-b603071b8c59,galpi,test_r001,c20ecea7d5d435f8addbc5bb3795c002671eef03e467fabff9fc33b059b0ddba,rmse,7.246917214433515
2c4b3859-a2c6-4225-8e00-f6a45d9f7dac,nearest_interpolation,test_r005,c20ecea7d5d435f8addbc5bb3795c002671eef03e467fabff9fc33b059b0ddba,rmse,12.215109218614295
2eb303a8-56ca-4ccf-a12a-322a79a4259a,galpi,test_r017,c20ecea7d5d435f8addbc5bb3795c002671eef03e467fabff9fc33b059b0ddba,rmse,7.143167126924728
2f6eadbf-84b6-4396-998d-618856da7947,nearest_interpolation,test_r002,c20ecea7d5d435f8addbc5bb3795c002671eef03e467fabff9fc33b059b0ddba,rmse,12.132134734102015
35c1f8d8-9ffc-4136-bcc7-681c28be466d,galpi,test_r010,c20ecea7d5d435f8addbc5bb3795c002671eef03e467fabff9fc33b059b0ddba,rmse,7.245400089820992
3621ee68-0699-4e96-93ae-e52e18a9196b,linear_interpolation,test_r017,c20ecea7d5d435f8addbc5bb3795c002671eef03e467fabff9fc33b059b0ddba,rmse,7.103117333760934
3879b2df-6226-4242-a24a-4b189ab9f458,nearest_interpolation,test_r008,c20ecea7d5d435f8addbc5bb3795c002671eef03e467fabff9fc33b059b0ddba,rmse,12.063006338500415
3a34be26-f459-47d6-be25-e22bc7bcfdc0,linear_interpolation,test_r004,c20ecea7d5d435f8addbc5bb3795c002671eef03e467fabff9fc33b059b0ddba,rmse,7.020329573608551
3b2c3ba6-bc96-48fe-a3ad-ba8eca576ee1,cubic_spline,test_r008,c20ecea7d5d435f8addbc5bb3795c002671eef03e467fabff9fc33b059b0ddba,rmse,6.763140747897962
3fab7798-f6d0-4964-bce3-1bacf9683333,cubic_spline,test_r015,c20ecea7d5d435f8addbc5bb3795c002671eef03e467fabff9fc33b059b0ddba,rmse,6.964314950955487
409816b7-90c8-48c0-b2c0-4c950204b5fd,galpi,test_r003,c20ecea7d5d435f8addbc5bb3795c002671eef03e467fabff9fc33b059b0ddba,rmse,7.146959277238611
47dc4601-4689-4ab4-b864-455ccc7f0ed5,cubic_spline,test_r013,c20ecea7d5d435f8addbc5bb3795c002671eef03e467fabff9fc33b059b0ddba,rmse,6.8159494572280845
481c8af2-c705-4f3a-85fe-9e758f95c3d1,cubic_spline,test_r019,c20ecea7d5d435f8addbc5bb3795c002671eef03e467fabff9fc33b059b0ddba,rmse,7.041535714853194
5177cdd3-b615-4201-a029-ca2cae0da9fa,nearest_interpolation,test_r018,c20ecea7d5d435f8addbc5bb3795c002671eef03e467fabff9fc33b059b0ddba,rmse,12.176109539709083
5b0e4c1b-0a1c-4cb1-8dbd-deecab0f094e,nearest_interpolation,test_r003,c20ecea7d5d435f8addbc5bb3795c002671eef03e467fabff9fc33b059b0ddba,rmse,12.153708635943811
5eb6c666-90d9-487b-b292-417de055be3e,nearest_interpolation,test_r013,c20ecea7d5d435f8addbc5bb3795c002671eef03e467fabff9fc33b059b0ddba,rmse,12.108775862240778
65934cd3-d61d-4891-854e-846ebbc7ffde,linear_interpolation,test_r016,c20ecea7d5d435f8addbc5bb3795c002671eef03e467fabff9fc33b059b0ddba,rmse,7.010683526308264
65a453bc-db30-46d9-afa1-183b3df23dbc,linear_interpolation,test_r019,c20ecea7d5d435f8addbc5bb3795c002671eef03e467fabff9fc33b059b0ddba,rmse,7.323864792804678
68ae6da8-850f-4059-9f9d-6db5104accfd,linear_interpolation,test_r000,c20ecea7d5d435f8addbc5bb3795c002671eef03e467fabff9fc33b059b0ddba,rmse,7.003368877379082
6a4ac12b-23e0-4799-b906-f6c79e2079d6,cubic_spline,test_r017,c20ecea7d5d435f8addbc5bb3795c002671eef03e467fabff9fc33b059b0ddba,rmse,6.795261313129905
6a9c9fa4-3cb9-4625-8c50-73e881964dac,nearest_interpolation,test_r000,c20ecea7d5d435f8addbc5bb3795c002671eef03e467fabff9fc33b059b0ddba,rmse,11.956799895256097
6caeae3b-27fe-4ba3-985c-8e39f12e81d5,nearest_interpolation,test_r011,c20ecea7d5d435f8addbc5bb3795c002671eef03e467fabff9fc33b059b0ddba,rmse,12.210533264056544
71fb7aed-2638-44b3-898f-a7cbfdf4ed69,nearest_interpolation,test_r014,c20ecea7d5d435f8addbc5bb3795c002671eef03e467fabff9fc33b059b0ddba,rmse,12.107153619636087
73bd4c92-3524-4f52-b66f-0e367b0a41d2,nearest_interpolation,test_r017,c20ecea7d5d435f8addbc5bb3795c002671eef03e467fabff9fc33b059b0ddba,rmse,12.052661466041528
7467040b-ed66-4a9d-847c-1189c1a32faf,cubic_spline,test_r006,c20ecea7d5d435f8addbc5bb3795c002671eef03e467fabff9fc33b059b0ddba,rmse,6.889254016792426
753ec6fe-9594-4e9d-9690-b7ebae75c574,linear_interpolation,test_r002,c20ecea7d5d435f8addbc5bb3795c002671eef03e467fabff9fc33b059b0ddba,rmse,6.971126509395578
7efc3c9e-31ea-4caf-9d65-93e99907c83b,galpi,test_r018,c20ecea7d5d435f8addbc5bb3795c002671eef03e467fabff9fc33b059b0ddba,rmse,7.342025596087802
7ff4064c-7f11-465b-afc8-67a74239cb9a,nearest_interpolation,test_r019,c20ecea7d5d435f8addbc5bb3795c002671eef03e467fabff9fc33b059b0ddba,rmse,12.297033297821878
8076a6ba-ee42-4615-b1eb-39cc4788e915,cubic_spline,test_r001,c20ecea7d5d435f8addbc5bb3795c002671eef03e467fabff9fc33b059b0ddba,rmse,6.88781999501766
8256bdea-e19d-4cad-b342-e623bd3fcd09,galpi,test_r012,c20ecea7d5d435f8addbc5bb3795c002671eef03e467fabff9fc33b059b0ddba,rmse,7.3477101773331785
82d87e0a-9d1c-405a-9fd8-3760bb5f646e,linear_interpolation,test_r010,c20ecea7d5d435f8addbc5bb3795c002671eef03e467fabff9fc33b059b0ddba,rmse,7.060227119484625
83507945-6f0e-44c9-b157-936aea0d3ba0,nearest_interpolation,test_r006,c20ecea7d5d435f8addbc5bb3795c002671eef03e467fabff9fc33b059b0ddba,rmse,12.209715901945849
8a5accaa-4b37-44fb-a3c9-d88ca52634f3,linear_interpolation,test_r012,c20ecea7d5d435f8addbc5bb3795c002671eef03e467fabff9fc33b059b0ddba,rmse,7.334758873170215
8ad9376d-2bb9-4370-b91d-b01c7192e9eb,nearest_interpolation,test_r015,c20ecea7d5d435f8addbc5bb3795c002671eef03e467fabff9fc33b059b0ddba,rmse,12.332564096970595
8d797132-87e8-4f00-8569-b40ec3ca689e,nearest_interpolation,test_r001,c20ecea7d5d435f8addbc5bb3795c002671eef03e467fabff9fc33b059b0ddba,rmse,12.300386844203107
9250b9a4-3a8b-44f8-8695-e3a8a1b6280f,cubic_spline,test_r005,c20ecea7d5d435f8addbc5bb3795c002671eef03e467fabff9fc33b059b0ddba,rmse,6.974892065093454
98e32381-b818-4388-82a1-2f5395c72e1d,galpi,test_r009,c20ecea7d5d435f8addbc5bb3795c002671eef03e467fabff9fc33b059b0ddba,rmse,7.603956726210032
a095bc8d-3801-4b24-8304-c7c06187eca4,galpi,test_r014,c20ecea7d5d435f8addbc5bb3795c002671eef03e467fabff9fc33b059b0ddba,rmse,7.050078876041192
a295204f-0943-4cd1-a119-f18acd0edc40,linear_interpolation,test_r001,c20ecea7d5d435f8addbc5bb3795c002671eef03e467fabff9fc33b059b0ddba,rmse,7.2305093880210105
a345ed0e-6e8b-4736-b5fb-0fefbc11668e,galpi,test_r006,c20ecea7d5d435f8addbc5bb3795c002671eef03e467fabff9fc33b059b0ddba,rmse,7.333093526353582
a6a2b7b8-afff-41a0-839a-bcfc72929c23,nearest_interpolation,test_r009,c20ecea7d5d435f8addbc5bb3795c002671eef03e467fabff9fc33b059b0ddba,rmse,12.567480110228571
a870a12a-c566-4568-9e59-520b4728a7bb,cubic_spline,test_r011,c20ecea7d5d435f8addbc5bb3795c002671eef03e467fabff9fc33b059b0ddba,rmse,7.009459535389779
a94c2bcd-f419-417d-b587-267c0732a0bd,galpi,test_r016,c20ecea7d5d435f8addbc5bb3795c002671eef03e467fabff9fc33b059b0ddba,rmse,7.06850860430628
aa2120ea-9065-4db3-847c-c441cc449908,galpi,test_r002,c20ecea7d5d435f8addbc5bb3795c002671eef03e467fabff9fc33b059b0ddba,rmse,7.0480098311469295
ad504f56-21ac-4f50-a81a-31d6d486b9c6,cubic_spline,test_r009,c20ecea7d5d435f8addbc5bb3795c002671eef03e467fabff9fc33b059b0ddba,rmse,7.193502248125307
b547b0c3-c48c-4ddf-9515-7051c2d7b988,cubic_spline,test_r012,c20ecea7d5d435f8addbc5bb3795c002671eef03e467fabff9fc33b059b0ddba,rmse,7.048004331255465
b94a20d1-6bb7-44dc-a411-781b3882212a,linear_interpolation,test_r005,c20ecea7d5d435f8addbc5bb3795c002671eef03e467fabff9fc33b059b0ddba,rmse,7.288956219161035
bb916bb2-27f0-4834-a10c-de0e685b76ec,galpi,test_r005,c20ecea7d5d435f8addbc5bb3795c002671eef03e467fabff9fc33b059b0ddba,rmse,7.3072246966667
bbc3c940-c5e9-49dd-a50a-89edefd671ca,cubic_spline,test_r014,c20ecea7d5d435f8addbc5bb3795c002671eef03e467fabff9fc33b059b0ddba,rmse,6.672366974019241
bdd96692-0d47-499a-a544-a5463278a757,nearest_interpolation,test_r007,c20ecea7d5d435f8addbc5bb3795c002671eef03e467fabff9fc33b059b0ddba,rmse,12.189288090828875
c50abaa0-6e03-45c0-a6b5-bcdcfe19c82e,galpi,test_r013,c20ecea7d5d435f8addbc5bb3795c002671eef03e467fabff9fc33b059b0ddba,rmse,7.134931113695162
c72730f4-7ef0-427b-9e13-254324909e6e,cubic_spline,test_r018,c20ecea7d5d435f8addbc5bb3795c002671eef03e467fabff9fc33b059b0ddba,rmse,6.99866259069913
c7aa42a5-0909-43b1-86dd-cbc3047bce68,cubic_spline,test_r000,c20ecea7d5d435f8addbc5bb3795c002671eef03e467fabff9fc33b059b0ddba,rmse,6.776432902136117
cea7f2c1-2bf9-4642-9e9c-97dc4419b315,galpi,test_r008,c20ecea7d5d435f8addbc5bb3795c002671eef03e467fabff9fc33b059b0ddba,rmse,7.160995905511819
d4dffe13-bc25-4b21-8356-2edd53755766,nearest_interpolation,test_r004,c20ecea7d5d435f8addbc5bb3795c002671eef03e467fabff9fc33b059b0ddba,rmse,12.051227401389637
d53fe245-6540-4570-8dd3-031e1e23282d,nearest_interpolation,test_r012,c20ecea7d5d435f8addbc5bb3795c002671eef03e467fabff9fc33b059b0ddba,rmse,12.3246136206032
d7500c3b-f196-4c3f-8d78-dbb076a8e29e,galpi,test_r004,c20ecea7d5d435f8addbc5bb3795c002671eef03e467fabff9fc33b059b0ddba,rmse,7.032369315244101
d9346f68-b77e-458c-99d1-451da6b211a0,linear_interpolation,test_r003,c20ecea7d5d435f8addbc5bb3795c002671eef03e467fabff9fc33b059b0ddba,rmse,7.129716491914957
da1e8647-d79e-449f-992c-9054ceeded4e,cubic_spline,test_r003,c20ecea7d5d435f8addbc5bb3795c002671eef03e467fabff9fc33b059b0ddba,rmse,6.900130129639496
dbe66e95-fb8d-4acf-a3f0-645acc03529a,linear_interpolation,test_r011,c20ecea7d5d435f8addbc5bb3795c002671eef03e467fabff9fc33b059b0ddba,rmse,7.3153087122047635
dc03518e-25b4-49ed-a279-728c5c269830,galpi,test_r011,c20ecea7d5d435f8addbc5bb3795c002671eef03e467fabff9fc33b059b0ddba,rmse,7.318783019995788
e0e76e84-5cfd-4495-add1-5fa651a30326,linear_interpolation,test_r014,c20ecea7d5d435f8addbc5bb3795c002671eef03e467fabff9fc33b059b0ddba,rmse,7.047834021114346
e7f11ae0-f43c-4f22-8928-b4ac6d53db45,galpi,test_r019,c20ecea7d5d435f8addbc5bb3795c002671eef03e467fabff9fc33b059b0ddba,rmse,7.336504044509061
f0a99ae8-5eee-4812-8c09-bdab0c131934,cubic_spline,test_r016,c20ecea7d5d435f8addbc5bb3795c002671eef03e467fabff9fc33b059b0ddba,rmse,6.767654092533301
f0bf5fcc-8046-4678-8c26-d9973c3025dd,linear_interpolation,test_r008,c20ecea7d5d435f8addbc5bb3795c002671eef03e467fabff9fc33b059b0ddba,rmse,7.13634174446707
f625546c-0931-4bbb-a212-27a29996b98b,linear_interpolation,test_r006,c20ecea7d5d435f8addbc5bb3795c002671eef03e467fabff9fc33b059b0ddba,rmse,7.237801305748824
fd59bbe2-f3c7-4165-9c59-b50e96754767,cubic_spline,test_r002,c20ecea7d5d435f8addbc5bb3795c002671eef03e467fabff9fc33b059b0ddba,rmse,6.719904325810337
006069f6-6d29-459a-b181-dbccd4c6ce6f,galpi,test_r015,c20ecea7d5d435f8addbc5bb3795c002671eef03e467fabff9fc33b059b0ddba,rmse,9.003626899825308
014be2f0-ef9b-4437-8131-21fd3676a597,linear_interpolation,test_r005,c20ecea7d5d435f8addbc5bb3795c002671eef03e467fabff9fc33b059b0ddba,rmse,8.239083807605125
018898a7-80ea-486d-9a5c-5633065b794d,galpi,test_r004,c20ecea7d5d435f8addbc5bb3795c002671eef03e467fabff9fc33b059b0ddba,rmse,8.822980427380262
02408a10-14ee-4b3c-90c5-437080e7e340,galpi,test_r019,c20ecea7d5d435f8addbc5bb3795c002671eef03e467fabff9fc33b059b0ddba,rmse,8.701966876138833
0d320803-7786-460f-b6e6-85b0136d67d5,cubic_spline,test_r008,c20ecea7d5d435f8addbc5bb3795c002671eef03e467fabff9fc33b059b0ddba,rmse,7.718260572839305
0d65b9f5-6095-4f81-af51-bcd02382d026,linear_interpolation,test_r019,c20ecea7d5d435f8addbc5bb3795c002671eef03e467fabff9fc33b059b0ddba,rmse,8.06265484957851
14744726-4b1a-4066-8527-591435530a2c,galpi,test_r011,c20ecea7d5d435f8addbc5bb3795c002671eef03e467fabff9fc33b059b0ddba,rmse,8.868518298396447
1daf1529-a9ea-4a0f-861d-12ffde2906d4,cubic_spline,test_r016,c20ecea7d5d435f8addbc5bb3795c002671eef03e467fabff9fc33b059b0ddba,rmse,7.859838849643296
1e07fd75-a1a8-45ef-abe4-914651ad9079,linear_interpolation,test_r010,c20ecea7d5d435f8addbc5bb3795c002671eef03e467fabff9fc33b059b0ddba,rmse,8.227239341836352
1e7120a5-daf4-48d3-97da-31d57601e7cc,linear_interpolation,test_r011,c20ecea7d5d435f8addbc5bb3795c002671eef03e467fabff9fc33b059b0ddba,rmse,8.190535542689037
27c8176e-6b4c-4315-bec8-1d9191f8f046,cubic_spline,test_r002,c20ecea7d5d435f8addbc5bb3795c002671eef03e467fabff9fc33b059b0ddba,rmse,7.677179093166317
288be63f-61b5-4148-a51d-605dbb9d5257,linear_interpolation,test_r003,c20ecea7d5d435f8addbc5bb3795c002671eef03e467fabff9fc33b059b0ddba,rmse,8.236527998799925
2c712fb5-54e8-43a8-95b6-9664273c112d,linear_interpolation,test_r004,c20ecea7d5d435f8addbc5bb3795c002671eef03e467fabff9fc33b059b0ddba,rmse,8.17457121287975
2cac71ea-d271-4f2b-82af-af0768288113,linear_interpolation,test_r002,c20ecea7d5d435f8addbc5bb3795c002671eef03e467fabff9fc33b059b0ddba,rmse,8.08264329450849
30de0de3-3ef4-46e8-a3d2-88f5b21d8352,linear_interpolation,test_r014,c20ecea7d5d435f8addbc5bb3795c002671eef03e467fabff9fc33b059b0ddba,rmse,8.147380876004902
31ab409a-a10f-40c7-8d5f-f7e8c7625b1b,galpi,test_r016,c20ecea7d5d435f8addbc5bb3795c002671eef03e467fabff9fc33b059b0ddba,rmse,9.193269503701673
33b4020c-315a-4476-8396-d1c0bcb0c289,linear_interpolation,test_r008,c20ecea7d5d435f8addbc5bb3795c002671eef03e467fabff9fc33b059b0ddba,rmse,8.14740339152583
361f7d5b-7b31-48b7-9606-9ff9b19ede2e,cubic_spline,test_r005,c20ecea7d5d435f8addbc5bb3795c002671eef03e467fabff9fc33b059b0ddba,rmse,7.850431230379524
367a6dee-355f-4ba2-aa86-c422e6461a7e,galpi,test_r000,c20ecea7d5d435f8addbc5bb3795c002671eef03e467fabff9fc33b059b0ddba,rmse,8.649718451165587
37959907-ae4e-4f11-85a9-46ae32233762,galpi,test_r012,c20ecea7d5d435f8addbc5bb3795c002671eef03e467fabff9fc33b059b0ddba,rmse,8.893824286691341
3d9a2faa-ae7a-4c90-9976-200ad227d152,linear_interpolation,test_r013,c20ecea7d5d435f8addbc5bb3795c002671eef03e467fabff9fc33b059b0ddba,rmse,8.196256329722846
3e016977-160c-4f99-8ab9-61b7c48b265a,galpi,test_r005,c20ecea7d5d435f8addbc5bb3795c002671eef03e467fabff9fc33b059b0ddba,rmse,9.051507092088718
404b715e-521d-4510-ac4d-596c4dc80e28,nearest_interpolation,test_r000,c20ecea7d5d435f8addbc5bb3795c002671eef03e467fabff9fc33b059b0ddba,rmse,12.563443884508837
44e6bc81-e4fc-499d-b175-c3450d8159fe,cubic_spline,test_r017,c20ecea7d5d435f8addbc5bb3795c002671eef03e467fabff9fc33b059b0ddba,rmse,7.773100273080998
4b7840e0-c853-416a-a20d-815c5696b14d,linear_interpolation,test_r007,c20ecea7d5d435f8addbc5bb3795c002671eef03e467fabff9fc33b059b0ddba,rmse,8.157308259924369
4c0e4ca3-1e99-4346-aef1-b1fee3a623e3,nearest_interpolation,test_r008,c20ecea7d5d435f8addbc5bb3795c002671eef03e467fabff9fc33b059b0ddba,rmse,12.712077883274063
4e0e5048-2d06-4dbe-a16d-b48f60519b58,cubic_spline,test_r006,c20ecea7d5d435f8addbc5bb3795c002671eef03e467fabff9fc33b059b0ddba,rmse,7.678855489139921
55455c9b-58c2-4b10-acd9-1472fa533ea0,galpi,test_r017,c20ecea7d5d435f8addbc5bb3795c002671eef03e467fabff9fc33b059b0ddba,rmse,8.98303852271935
590ebc03-e65a-4e39-a6e3-f4925ca0a778,galpi,test_r008,c20ecea7d5d435f8addbc5bb3795c002671eef03e467fabff9fc33b059b0ddba,rmse,8.851156145085175
5ca894f7-3397-40f5-b790-25b245b9a6ef,cubic_spline,test_r018,c20ecea7d5d435f8addbc5bb3795c002671eef03e467fabff9fc33b059b0ddba,rmse,7.800054319222141
5cf51c10-6c7f-49d7-8416-345940bd3009,linear_interpolation,test_r016,c20ecea7d5d435f8addbc5bb3795c002671eef03e467fabff9fc33b059b0ddba,rmse,8.28971658850264
5ee1c069-003b-4d04-9321-119f01b45ced,linear_interpolation,test_r015,c20ecea7d5d435f8addbc5bb3795c002671eef03e467fabff9fc33b059b0ddba,rmse,8.29115191237513
5eee227e-c339-4f73-9479-ee9fc3d29750,nearest_interpolation,test_r007,c20ecea7d5d435f8addbc5bb3795c002671eef03e467fabff9fc33b059b0ddba,rmse,12.727447905904846
65dfda47-1913-488a-8fb1-9385db9d4f9f,galpi,test_r013,c20ecea7d5d435f8addbc5bb3795c002671eef03e467fabff9fc33b059b0ddba,rmse,8.918394798973365
687e763c-f568-431f-83bc-01e125f0d6ca,linear_interpolation,test_r006,c20ecea7d5d435f8addbc5bb3795c002671eef03e467fabff9fc33b059b0ddba,rmse,8.162610631123933
69f5ac37-6b9e-4965-b411-fe993375f1ce,cubic_spline,test_r012,c20ecea7d5d435f8addbc5bb3795c002671eef03e467fabff9fc33b059b0ddba,rmse,7.90789523159391
6fa44afa-1209-4090-954d-2bc3f243c0be,nearest_interpolation,test_r014,c20ecea7d5d435f8addbc5bb3795c002671eef03e467fabff9fc33b059b0ddba,rmse,12.77864210827389
76ad7c96-ea19-4151-a2f3-72402629648d,linear_interpolation,test_r012,c20ecea7d5d435f8addbc5bb3795c002671eef03e467fabff9fc33b059b0ddba,rmse,8.262719136890214
7b1cf777-e36f-4bee-8351-37c72835467d,linear_interpolation,test_r018,c20ecea7d5d435f8addbc5bb3795c002671eef03e467fabff9fc33b059b0ddba,rmse,8.232076474920424
7baf0e18-c37e-4704-a9a0-2baeabc342f5,linear_interpolation,test_r009,c20ecea7d5d435f8addbc5bb3795c002671eef03e467fabff9fc33b059b0ddba,rmse,8.097232155152893
7f8ecd9d-3a8c-4081-bba5-eb0a66a99653,galpi,test_r007,c20ecea7d5d435f8addbc5bb3795c002671eef03e467fabff9fc33b059b0ddba,rmse,8.979164060623054
8025cc02-19f4-40b2-92c1-fc7acf4addaf,cubic_spline,test_r015,c20ecea7d5d435f8addbc5bb3795c002671eef03e467fabff9fc33b059b0ddba,rmse,7.876417695370427
89303fe0-680c-4cb3-8ef2-5ad9cd619903,nearest_interpolation,test_r009,c20ecea7d5d435f8addbc5bb3795c002671eef03e467fabff9fc33b059b0ddba,rmse,12.748006390599532
913ee9aa-5412-4dfb-9dc0-388176bcf4eb,cubic_spline,test_r019,c20ecea7d5d435f8addbc5bb3795c002671eef03e467fabff9fc33b059b0ddba,rmse,7.6569384281274475
9167bcad-1291-4ba6-baa4-51f6ad05cea3,galpi,test_r003,c20ecea7d5d435f8addbc5bb3795c002671eef03e467fabff9fc33b059b0ddba,rmse,9.160615167574749
961cac93-484c-4e81-9864-110eb03c3bc6,cubic_spline,test_r001,c20ecea7d5d435f8addbc5bb3795c002671eef03e467fabff9fc33b059b0ddba,rmse,7.710878942571515
99204c1f-ee14-431f-8aa5-2d2b11f5d7be,nearest_interpolation,test_r013,c20ecea7d5d435f8addbc5bb3795c002671eef03e467fabff9fc33b059b0ddba,rmse,12.696030594881057
9c3ab34a-4513-494b-85c2-4742873f0ca3,cubic_spline,test_r014,c20ecea7d5d435f8addbc5bb3795c002671eef03e467fabff9fc33b059b0ddba,rmse,7.705622399634162
a00e1317-bf8a-4c03-a82f-d511dadfd3ae,nearest_interpolation,test_r006,c20ecea7d5d435f8addbc5bb3795c002671eef03e467fabff9fc33b059b0ddba,rmse,12.693963147973497
a22b12f9-8cca-4ee5-97f7-01f66cf78916,linear_interpolation,test_r001,c20ecea7d5d435f8addbc5bb3795c002671eef03e467fabff9fc33b059b0ddba,rmse,8.180247053792604
a4a2bc5a-f7fe-40e3-8285-6a92bcb0433c,cubic_spline,test_r011,c20ecea7d5d435f8addbc5bb3795c002671eef03e467fabff9fc33b059b0ddba,rmse,7.778146107299292
a6a539b3-2db0-4dcd-86b3-babeed2c5322,nearest_interpolation,test_r011,c20ecea7d5d435f8addbc5bb3795c002671eef03e467fabff9fc33b059b0ddba,rmse,12.734664658408605
a6a5ca54-aafe-4791-af1f-4371860fc40f,cubic_spline,test_r003,c20ecea7d5d435f8addbc5bb3795c002671eef03e467fabff9fc33b059b0ddba,rmse,7.700502994611531
a74d2155-5760-4395-8c05-ed672c37c458,cubic_spline,test_r013,c20ecea7d5d435f8addbc5bb3795c002671eef03e467fabff9fc33b059b0ddba,rmse,7.678720183152478
ab7d539a-e5d9-4ac1-8cf8-db7f7ca1e0d3,cubic_spline,test_r004,c20ecea7d5d435f8addbc5bb3795c002671eef03e467fabff9fc33b059b0ddba,rmse,7.733965870581038
af855020-72b8-4f34-86c2-7cfdfc2512b2,nearest_interpolation,test_r012,c20ecea7d5d435f8addbc5bb3795c002671eef03e467fabff9fc33b059b0ddba,rmse,12.80879596929079
b4a8d152-5508-40bf-bc0f-b5210e87b837,nearest_interpolation,test_r019,c20ecea7d5d435f8addbc5bb3795c002671eef03e467fabff9fc33b059b0ddba,rmse,12.704579904730037
b6ce67f9-d577-4903-a3dd-6adc6c3faa22,nearest_interpolation,test_r001,c20ecea7d5d435f8addbc5bb3795c002671eef03e467fabff9fc33b059b0ddba,rmse,12.77498192004517
b9c20908-869b-4322-bb95-bd39057f110f,cubic_spline,test_r007,c20ecea7d5d435f8addbc5bb3795c002671eef03e467fabff9fc33b059b0ddba,rmse,7.729728349483468
bf7849db-3ff1-4907-af6d-5d74a9301c26,nearest_interpolation,test_r015,c20ecea7d5d435f8addbc5bb3795c002671eef03e467fabff9fc33b059b0ddba,rmse,12.802577945390636
c5432dc7-151f-4581-a5d8-10fcefbbadbc,nearest_interpolation,test_r017,c20ecea7d5d435f8addbc5bb3795c002671eef03e467fabff9fc33b059b0ddba,rmse,12.676404159253451
c70d1168-41f2-407e-9d42-db087fef8700,nearest_interpolation,test_r003,c20ecea7d5d435f8addbc5bb3795c002671eef03e467fabff9fc33b059b0ddba,rmse,12.780641082965678
c730b86b-e2fb-4c79-9cbd-c22b4790826e,nearest_interpolation,test_r018,c20ecea7d5d435f8addbc5bb3795c002671eef03e467fabff9fc33b059b0ddba,rmse,12.784919590693974
c93a87cf-45f8-4b00-9237-489d00011331,nearest_interpolation,test_r005,c20ecea7d5d435f8addbc5bb3795c002671eef03e467fabff9fc33b059b0ddba,rmse,12.781910760391872
cd232ade-407c-489d-bb5e-eb3ab629d434,galpi,test_r018,c20ecea7d5d435f8addbc5bb3795c002671eef03e467fabff9fc33b059b0ddba,rmse,8.911672178664372
d206595a-3909-4d46-b11e-708ab67a69a1,galpi,test_r001,c20ecea7d5d435f8addbc5bb3795c002671eef03e467fabff9fc33b059b0ddba,rmse,8.901035729019888
d4675d6f-1bdc-4241-b975-6398fcc18026,galpi,test_r014,c20ecea7d5d435f8addbc5bb3795c002671eef03e467fabff9fc33b059b0ddba,rmse,8.832705761604814
e2fb0cbc-f34d-4f55-b1ec-b270bbc9bcec,galpi,test_r006,c20ecea7d5d435f8addbc5bb3795c002671eef03e467fabff9fc33b059b0ddba,rmse,8.951400890379261
e7855ab3-796b-494f-a542-a4b6428f8483,nearest_interpolation,test_r010,c20ecea7d5d435f8addbc5bb3795c002671eef03e467fabff9fc33b059b0ddba,rmse,12.748166338737809
eb990ecd-f45a-400e-82cf-de97512a82dd,nearest_interpolation,test_r004,c20ecea7d5d435f8addbc5bb3795c002671eef03e467fabff9fc33b059b0ddba,rmse,12.686243141103654
ed5ea684-0722-4e72-962e-19a3676e8db4,galpi,test_r010,c20ecea7d5d435f8addbc5bb3795c002671eef03e467fabff9fc33b059b0ddba,rmse,9.058159673138025
ed86ba8a-ce61-4e42-89a5-098794ed3910,linear_interpolation,test_r017,c20ecea7d5d435f8addbc5bb3795c002671eef03e467fabff9fc33b059b0ddba,rmse,8.209678640322934
f035ffe2-dbd2-491b-abf0-1ad59c7255ab,cubic_spline,test_r000,c20ecea7d5d435f8addbc5bb3795c002671eef03e467fabff9fc33b059b0ddba,rmse,7.58178186689146
f8a8cc6d-0dae-4629-ac08-333f3b80a380,cubic_spline,test_r010,c20ecea7d5d435f8addbc5bb3795c002671eef03e467fabff9fc33b059b0ddba,rmse,7.703900377023086
f92f0898-b8e5-4207-a51b-4e5e835327ba,cubic_spline,test_r009,c20ecea7d5d435f8addbc5bb3795c002671eef03e467fabff9fc33b059b0ddba,rmse,7.645115945149456
fa7466f8-2502-439d-96bf-efe727edbf57,galpi,test_r002,c20ecea7d5d435f8addbc5bb3795c002671eef03e467fabff9fc33b059b0ddba,rmse,8.958176178812494
fb3bce3f-a017-4fcf-a134-48ed15db111e,nearest_interpolation,test_r002,c20ecea7d5d435f8addbc5bb3795c002671eef03e467fabff9fc33b059b0ddba,rmse,12.828403832984131
fba8114c-7c01-4eaf-87a5-1fd6995e447e,nearest_interpolation,test_r016,c20ecea7d5d435f8addbc5bb3795c002671eef03e467fabff9fc33b059b0ddba,rmse,12.866614291200364
fbf88761-cc00-43a6-bf9f-a04313bd1e44,linear_interpolation,test_r000,c20ecea7d5d435f8addbc5bb3795c002671eef03e467fabff9fc33b059b0ddba,rmse,7.944566936189566
ff463a36-4f67-4051-a1e8-325fb52b3ee0,galpi,test_r009,c20ecea7d5d435f8addbc5bb3795c002671eef03e467fabff9fc33b059b0ddba,rmse,8.908112321709666
0548ebfd-3709-498e-9dc5-44395ac6a6bb,nearest_interpolation,test_r003,c20ecea7d5d435f8addbc5bb3795c002671eef03e467fabff9fc33b059b0ddba,rmse,14.21556457396177
083b4d89-4eb5-45d5-a47a-a40445df821f,galpi,test_r005,c20ecea7d5d435f8addbc5bb3795c002671eef03e467fabff9fc33b059b0ddba,rmse,13.795279185330129
0d203565-5048-443b-aefe-be691814c157,linear_interpolation,test_r017,c20ecea7d5d435f8addbc5bb3795c002671eef03e467fabff9fc33b059b0ddba,rmse,10.008874267060973
0e06dde9-c7dd-41c8-b4b6-7c968879c5dc,linear_interpolation,test_r012,c20ecea7d5d435f8addbc5bb3795c002671eef03e467fabff9fc33b059b0ddba,rmse,10.330592473919754
108f0681-9668-4b60-adb4-e178ab9c74d2,galpi,test_r014,c20ecea7d5d435f8addbc5bb3795c002671eef03e467fabff9fc33b059b0ddba,rmse,13.687644880997281
1db202ef-d703-4247-8437-65ea5f06a1a1,linear_interpolation,test_r019,c20ecea7d5d435f8addbc5bb3795c002671eef03e467fabff9fc33b059b0ddba,rmse,10.226118555200024
1e7c3219-6b81-482a-9f53-ec3e02a2bb6a,linear_interpolation,test_r005,c20ecea7d5d435f8addbc5bb3795c002671eef03e467fabff9fc33b059b0ddba,rmse,10.244626150647413
1f3ffbe4-df8d-43f5-b96c-ee48aa6e86dd,nearest_interpolation,test_r005,c20ecea7d5d435f8addbc5bb3795c002671eef03e467fabff9fc33b059b0ddba,rmse,14.21061919744894
1fecda18-ad1e-4706-bd65-236d8c4f876b,nearest_interpolation,test_r016,c20ecea7d5d435f8addbc5bb3795c002671eef03e467fabff9fc33b059b0ddba,rmse,14.172585660509638
27efb976-7c27-48a4-99e6-68486b17bc5c,galpi,test_r003,c20ecea7d5d435f8addbc5bb3795c002671eef03e467fabff9fc33b059b0ddba,rmse,13.531276402176998
29089280-f138-420b-8b67-8a5ad0fd0fe0,galpi,test_r004,c20ecea7d5d435f8addbc5bb3795c002671eef03e467fabff9fc33b059b0ddba,rmse,13.931557318129945
2ab38bce-b895-4335-8d44-a4c1c23ae52e,cubic_spline,test_r005,c20ecea7d5d435f8addbc5bb3795c002671eef03e467fabff9fc33b059b0ddba,rmse,9.29801211844597
2f4c4368-bb67-48cc-b959-8222d3501b04,galpi,test_r015,c20ecea7d5d435f8addbc5bb3795c002671eef03e467fabff9fc33b059b0ddba,rmse,13.63563283900894
2fbc05fb-266d-4b0f-a0be-994fe8bf0910,linear_interpolation,test_r006,c20ecea7d5d435f8addbc5bb3795c002671eef03e467fabff9fc33b059b0ddba,rmse,10.304226641062192
31cb8596-2f04-41e3-9094-568b5a6592e8,nearest_interpolation,test_r018,c20ecea7d5d435f8addbc5bb3795c002671eef03e467fabff9fc33b059b0ddba,rmse,14.199788388129353
38462ac5-11ed-4ecf-aa72-22cd41155ad8,nearest_interpolation,test_r014,c20ecea7d5d435f8addbc5bb3795c002671eef03e467fabff9fc33b059b0ddba,rmse,14.298276979928465
39e396cc-dd4c-4077-86a8-b2f887c3c9a1,cubic_spline,test_r016,c20ecea7d5d435f8addbc5bb3795c002671eef03e467fabff9fc33b059b0ddba,rmse,9.189979602331574
3c6d745c-f323-42b4-b9fa-c93682e27047,nearest_interpolation,test_r001,c20ecea7d5d435f8addbc5bb3795c002671eef03e467fabff9fc33b059b0ddba,rmse,14.091244799017261
3c96323f-1786-416f-8412-2c480733920e,linear_interpolation,test_r004,c20ecea7d5d435f8addbc5bb3795c002671eef03e467fabff9fc33b059b0ddba,rmse,10.291483607718401
3d1b1b82-967f-4fcb-836e-88a3e847f101,nearest_interpolation,test_r013,c20ecea7d5d435f8addbc5bb3795c002671eef03e467fabff9fc33b059b0ddba,rmse,14.17349824020761
3d92b0eb-145a-47d4-b644-9dc6bc160bbc,nearest_interpolation,test_r002,c20ecea7d5d435f8addbc5bb3795c002671eef03e467fabff9fc33b059b0ddba,rmse,14.309026521055248
3dd397eb-75dc-409b-a391-2f12936ca1bb,nearest_interpolation,test_r011,c20ecea7d5d435f8addbc5bb3795c002671eef03e467fabff9fc33b059b0ddba,rmse,14.285720617143442
3ea9e6d9-1558-4b6e-8be9-2fd11fe4b727,galpi,test_r018,c20ecea7d5d435f8addbc5bb3795c002671eef03e467fabff9fc33b059b0ddba,rmse,13.52374819551016
3eb7afee-2e5e-42e4-90df-7b0161c16299,nearest_interpolation,test_r007,c20ecea7d5d435f8addbc5bb3795c002671eef03e467fabff9fc33b059b0ddba,rmse,14.37060058599209
40ac9078-801c-4b0a-ab33-3b0763c9c1bd,cubic_spline,test_r004,c20ecea7d5d435f8addbc5bb3795c002671eef03e467fabff9fc33b059b0ddba,rmse,9.116496359384715
4953db7a-1b78-415e-b9f7-e1f192c5457f,nearest_interpolation,test_r004,c20ecea7d5d435f8addbc5bb3795c002671eef03e467fabff9fc33b059b0ddba,rmse,14.31994535284222
4e7d653c-b036-4b62-8430-2c96e7ed6c06,nearest_interpolation,test_r019,c20ecea7d5d435f8addbc5bb3795c002671eef03e467fabff9fc33b059b0ddba,rmse,14.200165193059506
5086b2b7-0099-4a4d-b637-820ab8e0f132,cubic_spline,test_r006,c20ecea7d5d435f8addbc5bb3795c002671eef03e467fabff9fc33b059b0ddba,rmse,9.107608618990046
50d1e849-c55b-4608-818b-f28ea37b46b3,galpi,test_r013,c20ecea7d5d435f8addbc5bb3795c002671eef03e467fabff9fc33b059b0ddba,rmse,13.376439675874408
512cefd4-ade4-461a-92e7-feb12bc75165,cubic_spline,test_r012,c20ecea7d5d435f8addbc5bb3795c002671eef03e467fabff9fc33b059b0ddba,rmse,9.215416283314063
5614d2dc-e3ab-44c0-a64c-d1f5546a2aa4,linear_interpolation,test_r018,c20ecea7d5d435f8addbc5bb3795c002671eef03e467fabff9fc33b059b0ddba,rmse,10.192276848246076
57471799-e7d8-4a28-935a-230b20baf676,cubic_spline,test_r015,c20ecea7d5d435f8addbc5bb3795c002671eef03e467fabff9fc33b059b0ddba,rmse,9.335695670660408
5aa4639c-3afe-43e8-a111-b281d5ecc2dd,nearest_interpolation,test_r008,c20ecea7d5d435f8addbc5bb3795c002671eef03e467fabff9fc33b059b0ddba,rmse,14.173836372658135
63882f3f-be38-4c89-a554-bcc0309c4f05,linear_interpolation,test_r001,c20ecea7d5d435f8addbc5bb3795c002671eef03e467fabff9fc33b059b0ddba,rmse,10.06109693461057
660f804d-ca86-4511-bd59-75e3d6db8ffb,galpi,test_r000,c20ecea7d5d435f8addbc5bb3795c002671eef03e467fabff9fc33b059b0ddba,rmse,13.638818032558587
6857d829-50d5-482d-bb4d-f076fa477973,linear_interpolation,test_r009,c20ecea7d5d435f8addbc5bb3795c002671eef03e467fabff9fc33b059b0ddba,rmse,10.27952315208182
6fae1a1c-7d45-4eb2-99f6-d39c45570675,galpi,test_r017,c20ecea7d5d435f8addbc5bb3795c002671eef03e467fabff9fc33b059b0ddba,rmse,13.204024504011265
7de0ce53-ee76-49ac-aa09-faf49135ec38,linear_interpolation,test_r010,c20ecea7d5d435f8addbc5bb3795c002671eef03e467fabff9fc33b059b0ddba,rmse,10.183113260641722
7dfda969-a98b-4c2d-809e-3ff710934f71,galpi,test_r012,c20ecea7d5d435f8addbc5bb3795c002671eef03e467fabff9fc33b059b0ddba,rmse,13.619777046205577
833637c5-7c8c-4cae-9e4a-425aecec43da,linear_interpolation,test_r015,c20ecea7d5d435f8addbc5bb3795c002671eef03e467fabff9fc33b059b0ddba,rmse,10.255085325625279
8cd8ffa2-47df-42e7-ad29-0f6b13f6e4cc,galpi,test_r009,c20ecea7d5d435f8addbc5bb3795c002671eef03e467fabff9fc33b059b0ddba,rmse,13.843845904218089
8e65aaf3-f9b3-475b-a035-33025c1f3e6e,galpi,test_r001,c20ecea7d5d435f8addbc5bb3795c002671eef03e467fabff9fc33b059b0ddba,rmse,13.554312173492118
90da906d-2225-4350-bfe0-da98b3e486b2,cubic_spline,test_r014,c20ecea7d5d435f8addbc5bb3795c002671eef03e467fabff9fc33b059b0ddba,rmse,9.446740650781532
922c09c4-f46b-41df-9376-f775b48adb97,cubic_spline,test_r000,c20ecea7d5d435f8addbc5bb3795c002671eef03e467fabff9fc33b059b0ddba,rmse,9.245488598932885
92b79628-fd5f-47c5-8bc2-3f9667e7e6d3,cubic_spline,test_r011,c20ecea7d5d435f8addbc5bb3795c002671eef03e467fabff9fc33b059b0ddba,rmse,9.252862248454559
986b895e-d531-43f4-96d6-9615fc27f8a7,galpi,test_r007,c20ecea7d5d435f8addbc5bb3795c002671eef03e467fabff9fc33b059b0ddba,rmse,14.013097026020553
a39c1c2f-527b-463f-9367-82fbe06f9319,nearest_interpolation,test_r009,c20ecea7d5d435f8addbc5bb3795c002671eef03e467fabff9fc33b059b0ddba,rmse,14.330246238481458
a5ec0f64-ee69-485e-b117-57644fefae39,nearest_interpolation,test_r000,c20ecea7d5d435f8addbc5bb3795c002671eef03e467fabff9fc33b059b0ddba,rmse,14.23176141004713
acac3c42-5aee-4e36-94eb-2d3abd2d22ea,cubic_spline,test_r013,c20ecea7d5d435f8addbc5bb3795c002671eef03e467fabff9fc33b059b0ddba,rmse,9.183498779630154
b8793f19-ec2d-4a28-ac5b-3e999b2cb6e8,cubic_spline,test_r009,c20ecea7d5d435f8addbc5bb3795c002671eef03e467fabff9fc33b059b0ddba,rmse,9.196409355967107
b8e4faf7-bfc2-4646-814b-b4d96a5ecea9,linear_interpolation,test_r003,c20ecea7d5d435f8addbc5bb3795c002671eef03e467fabff9fc33b059b0ddba,rmse,10.255851817971287
b9fc839f-c88e-4677-896f-4a5e3447f8b9,galpi,test_r008,c20ecea7d5d435f8addbc5bb3795c002671eef03e467fabff9fc33b059b0ddba,rmse,13.570625565772684
badac9d2-1fe6-4405-b77d-36fb20aac86e,cubic_spline,test_r002,c20ecea7d5d435f8addbc5bb3795c002671eef03e467fabff9fc33b059b0ddba,rmse,9.240560949594192
c10addb7-7883-4647-aebe-ccca2218f8f0,galpi,test_r016,c20ecea7d5d435f8addbc5bb3795c002671eef03e467fabff9fc33b059b0ddba,rmse,13.587510302216522
c48186ed-d6b2-4255-bca3-fe7ff50139dc,cubic_spline,test_r008,c20ecea7d5d435f8addbc5bb3795c002671eef03e467fabff9fc33b059b0ddba,rmse,9.082839020768041
c5fc3896-1b0f-419f-b69f-56c1dd652782,linear_interpolation,test_r000,c20ecea7d5d435f8addbc5bb3795c002671eef03e467fabff9fc33b059b0ddba,rmse,10.223265288778606
c7ba8bcf-d332-4160-9237-b2e53924950b,nearest_interpolation,test_r017,c20ecea7d5d435f8addbc5bb3795c002671eef03e467fabff9fc33b059b0ddba,rmse,14.018856170111215
c82daae8-e135-4f90-a0af-fc5b2c933123,linear_interpolation,test_r011,c20ecea7d5d435f8addbc5bb3795c002671eef03e467fabff9fc33b059b0ddba,rmse,10.30610943176065
cab6d298-e695-4f1f-a545-8aa0c54afec3,nearest_interpolation,test_r010,c20ecea7d5d435f8addbc5bb3795c002671eef03e467fabff9fc33b059b0ddba,rmse,14.115083130998478
cf3c8bb2-529c-496c-b17a-11df3da0f339,linear_interpolation,test_r008,c20ecea7d5d435f8addbc5bb3795c002671eef03e467fabff9fc33b059b0ddba,rmse,10.170295276286124
d0659528-9d1f-401c-936b-a0a7f25bedea,nearest_interpolation,test_r006,c20ecea7d5d435f8addbc5bb3795c002671eef03e467fabff9fc33b059b0ddba,rmse,14.274203566354851
d08c0212-7426-40af-bed7-bb8efe13d8a5,linear_interpolation,test_r014,c20ecea7d5d435f8addbc5bb3795c002671eef03e467fabff9fc33b059b0ddba,rmse,10.269130197355912
d2ebf33a-bee2-4b47-8c48-72f073842f61,cubic_spline,test_r017,c20ecea7d5d435f8addbc5bb3795c002671eef03e467fabff9fc33b059b0ddba,rmse,9.069093165703771
d3e59e91-9796-410f-9f90-ad7d656aabc7,linear_interpolation,test_r007,c20ecea7d5d435f8addbc5bb3795c002671eef03e467fabff9fc33b059b0ddba,rmse,10.449740590992086
d4498c72-35eb-4f2b-9a31-c3919056d883,galpi,test_r019,c20ecea7d5d435f8addbc5bb3795c002671eef03e467fabff9fc33b059b0ddba,rmse,13.552748217818241
d7756eea-9d9f-44bd-9a3c-8ac0bcf9ec83,cubic_spline,test_r007,c20ecea7d5d435f8addbc5bb3795c002671eef03e467fabff9fc33b059b0ddba,rmse,9.233327875948174
da1bb6ed-39d1-4c60-a44f-825541a5f56d,cubic_spline,test_r003,c20ecea7d5d435f8addbc5bb3795c002671eef03e467fabff9fc33b059b0ddba,rmse,9.151352467031808
db6f4332-4ebe-4bab-a9de-1befeb303734,nearest_interpolation,test_r015,c20ecea7d5d435f8addbc5bb3795c002671eef03e467fabff9fc33b059b0ddba,rmse,14.21488377569949
e6e06a24-0780-4d3e-ac54-1d5146885b94,cubic_spline,test_r010,c20ecea7d5d435f8addbc5bb3795c002671eef03e467fabff9fc33b059b0ddba,rmse,9.143234740583475
ea204656-e606-48f8-a7e0-58d28952e64a,galpi,test_r010,c20ecea7d5d435f8addbc5bb3795c002671eef03e467fabff9fc33b059b0ddba,rmse,13.661382171029576
ed018855-a0a4-4764-9e64-ca4ea52e0975,linear_interpolation,test_r016,c20ecea7d5d435f8addbc5bb3795c002671eef03e467fabff9fc33b059b0ddba,rmse,10.165174063898471
f59f3905-f360-40d9-b7ef-dee30de885c9,cubic_spline,test_r001,c20ecea7d5d435f8addbc5bb3795c002671eef03e467fabff9fc33b059b0ddba,rmse,9.05837534260285
f62107b8-c29b-42ee-93b5-72c1cab73d66,galpi,test_r011,c20ecea7d5d435f8addbc5bb3795c002671eef03e467fabff9fc33b059b0ddba,rmse,14.046523291291024
f8cee223-6dc7-48f5-a3b3-b611b8a2dc84,nearest_interpolation,test_r012,c20ecea7d5d435f8addbc5bb3795c002671eef03e467fabff9fc33b059b0ddba,rmse,14.36323859340521
f9331938-bb07-4d2b-9dd0-2c55f6bd1039,linear_interpolation,test_r002,c20ecea7d5d435f8addbc5bb3795c002671eef03e467fabff9fc33b059b0ddba,rmse,10.225160372597708
f938eae9-a4d9-4f87-97d8-a6acce8b1b4f,cubic_spline,test_r018,c20ecea7d5d435f8addbc5bb3795c002671eef03e467fabff9fc33b059b0ddba,rmse,9.0634224547781
faffc01d-fc41-47c4-b49e-df725e3409fd,galpi,test_r006,c20ecea7d5d435f8addbc5bb3795c002671eef03e467fabff9fc33b059b0ddba,rmse,13.938659316550279
fb1d1b1d-f105-4aa9-b7e3-ae3034777d1c,galpi,test_r002,c20ecea7d5d435f8addbc5bb3795c002671eef03e467fabff9fc33b059b0ddba,rmse,13.695530796517465
fcbe4dc4-28e4-4513-86f9-ede8f428f49b,cubic_spline,test_r019,c20ecea7d5d435f8addbc5bb3795c002671eef03e467fabff9fc33b059b0ddba,rmse,9.087994781408106
fcf6fa53-c4bd-423e-a633-1606782807f8,linear_interpolation,test_r013,c20ecea7d5d435f8addbc5bb3795c002671eef03e467fabff9fc33b059b0ddba,rmse,10.197801277011227
