station_label,recipe_label,algorithm_id,pollutant,mae,rmse
full_grid,MAR 10%,cubic_spline,co,0.06263376820721414,0.1190810665420534
full_grid,MAR 10%,cubic_spline,no2,3.364448419022205,5.652463852435806
full_grid,MAR 10%,cubic_spline,o3,5.14496713122488,7.970923528479862
full_grid,MAR 10%,cubic_spline,pm10,3.022095378388731,5.271069189973312
full_grid,MAR 10%,cubic_spline,pm25,2.940917369546633,4.67476195458654
full_grid,MAR 10%,cubic_spline,so2,0.6854236695490635,2.1732258897941565
full_grid,MAR 10%,cubic_spline,co,0.06258894669615131,0.11853177846182394
full_grid,MAR 10%,cubic_spline,no2,3.3654778455950685,5.729792742532206
full_grid,MAR 10%,cubic_spline,o3,5.141524976078516,7.935489920005013
full_grid,MAR 10%,cubic_spline,pm10,3.010348703597444,5.3519126913256345
full_grid,MAR 10%,cubic_spline,pm25,2.931955556617701,4.611688921982867
full_grid,MAR 10%,cubic_spline,so2,0.6828122380750129,1.7173066219146527
full_grid,MAR 10%,cubic_spline,co,0.08218925703785936,0.16320754481493888
full_grid,MAR 10%,cubic_spline,no2,4.011403939661202,6.777405459071188
full_grid,MAR 10%,cubic_spline,o3,5.286829002117293,8.388154731494431
full_grid,MAR 10%,cubic_spline,pm10,3.190003402706068,5.759436360346739
full_grid,MAR 10%,cubic_spline,pm25,3.1991147096053414,5.056469388861233
full_grid,MAR 10%,cubic_spline,so2,0.7962147027945821,1.994891487780039
full_grid,MAR 10%,cubic_spline,co,0.08139309582208436,0.1598535633251109
full_grid,MAR 10%,cubic_spline,no2,4.017394044213437,6.7784732250302735
full_grid,MAR 10%,cubic_spline,o3,5.29026461394636,8.25937703957828
full_grid,MAR 10%,cubic_spline,pm10,3.1733899789292392,5.680273564523796
full_grid,MAR 10%,cubic_spline,pm25,3.1537485986352225,4.9838082833046835
full_grid,MAR 10%,cubic_spline,so2,0.7993210596544226,2.6939822719708157
full_grid,MAR 10%,cubic_spline,co,0.06240057503720125,0.11467048834864706
full_grid,MAR 10%,cubic_spline,no2,3.4118206730637954,5.8202843598256555
full_grid,MAR 10%,cubic_spline,o3,5.210395483677055,8.110320912009417
full_grid,MAR 10%,cubic_spline,pm10,3.024872302841659,5.196413319931094
full_grid,MAR 10%,cubic_spline,pm25,2.958225899254562,4.727343032557457
full_grid,MAR 10%,cubic_spline,so2,0.6788283096065166,1.388931178962979
full_grid,MAR 10%,cubic_spline,co,0.07499479821546637,0.1481059581123667
full_grid,MAR 10%,cubic_spline,no2,4.011332328535852,6.808772547323307
full_grid,MAR 10%,cubic_spline,o3,5.206953367648101,8.20939139173474
full_grid,MAR 10%,cubic_spline,pm10,3.40118301718467,6.048771216614906
full_grid,MAR 10%,cubic_spline,pm25,3.2861948586404877,5.219104896573896
full_grid,MAR 10%,cubic_spline,so2,0.7721563140091167,2.002563983466436
full_grid,MAR 10%,cubic_spline,co,0.08158903648133113,0.1638713802233338
full_grid,MAR 10%,cubic_spline,no2,3.9817031447074624,6.7653689628884806
full_grid,MAR 10%,cubic_spline,o3,5.256799244304577,8.383761973938865
full_grid,MAR 10%,cubic_spline,pm10,3.150224679520242,5.574725853924904
full_grid,MAR 10%,cubic_spline,pm25,3.1628529177091367,5.08383839311562
full_grid,MAR 10%,cubic_spline,so2,0.8031064005793339,1.9221619367364307
full_grid,MAR 10%,cubic_spline,co,0.06267226801580124,0.12075607678958619
full_grid,MAR 10%,cubic_spline,no2,3.375601303157548,5.771816416277127
full_grid,MAR 10%,cubic_spline,o3,5.203001090266868,8.118378326039192
full_grid,MAR 10%,cubic_spline,pm10,3.0529946280992917,5.585318940532157
full_grid,MAR 10%,cubic_spline,pm25,2.94383837190368,4.699942781533071
full_grid,MAR 10%,cubic_spline,so2,0.6913816460013105,1.6454708011930135
full_grid,MAR 10%,cubic_spline,co,0.07727052857189685,0.15540053726740183
full_grid,MAR 10%,cubic_spline,no2,3.961238363207897,6.6827859128196465
full_grid,MAR 10%,cubic_spline,o3,5.200089891537092,8.254840955847666
full_grid,MAR 10%,cubic_spline,pm10,3.2758589633159634,5.972109715731733
full_grid,MAR 10%,cubic_spline,pm25,3.494800866455284,5.471705655821741
full_grid,MAR 10%,cubic_spline,so2,0.7941205140755213,3.0748438652417556
full_grid,MAR 10%,cubic_spline,co,0.07900885719956871,0.15680628293251367
full_grid,MAR 10%,cubic_spline,no2,3.8760907860247946,6.559624312941132
full_grid,MAR 10%,cubic_spline,o3,5.2042509263040175,8.108417069605721
full_grid,MAR 10%,cubic_spline,pm10,3.1553688794725443,5.502317202512832
full_grid,MAR 10%,cubic_spline,pm25,3.1751519516770155,4.980202675561939
full_grid,MAR 10%,cubic_spline,so2,0.87358882665743,2.2400757046956126
full_grid,MAR 10%,cubic_spline,co,0.08159698321455582,0.16149367083616517
full_grid,MAR 10%,cubic_spline,no2,3.9939130605291018,6.717518119877825
full_grid,MAR 10%,cubic_spline,o3,5.244611740082868,8.238969446024786
full_grid,MAR 10%,cubic_spline,pm10,3.1727553428903588,5.759528750358735
full_grid,MAR 10%,cubic_spline,pm25,3.1982080805627953,5.155081569329347
full_grid,MAR 10%,cubic_spline,so2,0.7984884838309407,2.373417347929942
full_grid,MAR 10%,cubic_spline,co,0.07975688334995386,0.15948642789739578
full_grid,MAR 10%,cubic_spline,no2,3.951804196446428,6.728219200617295
full_grid,MAR 10%,cubic_spline,o3,5.269629144005331,8.271667205544466
full_grid,MAR 10%,cubic_spline,pm10,3.19398188901811,5.568308576211496
full_grid,MAR 10%,cubic_spline,pm25,3.1745164944952498,5.084162509878285
full_grid,MAR 10%,cubic_spline,so2,0.891089975885538,2.8950244469395496
full_grid,MAR 10%,cubic_spline,co,0.06185267555765436,0.11643692742811096
full_grid,MAR 10%,cubic_spline,no2,3.3829388452436224,5.82232419842959
full_grid,MAR 10%,cubic_spline,o3,5.1575937008230195,8.013283028173404
full_grid,MAR 10%,cubic_spline,pm10,3.038805081579069,5.190371312925534
full_grid,MAR 10%,cubic_spline,pm25,2.9187495187556562,4.53589831281329
full_grid,MAR 10%,cubic_spline,so2,0.7046833296490381,3.092580034212437
full_grid,MAR 10%,cubic_spline,co,0.07981209999834346,0.15749775122059054
full_grid,MAR 10%,cubic_spline,no2,4.521525219960834,7.667768877062262
full_grid,MAR 10%,cubic_spline,o3,5.465208447409667,8.865843953584264
full_grid,MAR 10%,cubic_spline,pm10,3.1877013799104015,5.525831826077982
full_grid,MAR 10%,cubic_spline,pm25,3.237011734566152,5.033561401948454
full_grid,MAR 10%,cubic_spline,so2,0.7902676877724315,2.7431328063654385
full_grid,MAR 10%,cubic_spline,co,0.08227885528502298,0.1677257566553639
full_grid,MAR 10%,cubic_spline,no2,3.973848770816642,6.6991091786475545
full_grid,MAR 10%,cubic_spline,o3,5.235374574971678,8.308847318785647
full_grid,MAR 10%,cubic_spline,pm10,3.194146093640505,5.653707646720767
full_grid,MAR 10%,cubic_spline,pm25,3.182923930863055,5.046747730400492
full_grid,MAR 10%,cubic_spline,so2,0.7986957159705486,2.432178389763684
full_grid,MAR 10%,cubic_spline,co,0.07651262697489779,0.15240748288692918
full_grid,MAR 10%,cubic_spline,no2,3.9693035918530004,6.707724658334697
full_grid,MAR 10%,cubic_spline,o3,5.228065205561451,8.24881278817962
full_grid,MAR 10%,cubic_spline,pm10,3.2226561188658898,5.7733522882539825
full_grid,MAR 10%,cubic_spline,pm25,3.480845274028002,5.606420140403711
full_grid,MAR 10%,cubic_spline,so2,0.793262858431501,2.007076777414102
full_grid,MAR 10%,cubic_spline,co,0.06265844531588448,0.1180056193776445
full_grid,MAR 10%,cubic_spline,no2,3.3611774030027415,5.707150501036376
full_grid,MAR 10%,cubic_spline,o3,5.13293089715107,8.067230972116503
full_grid,MAR 10%,cubic_spline,pm10,3.008191839994014,5.211321209943667
full_grid,MAR 10%,cubic_spline,pm25,2.9245942533310507,4.678285165890087
full_grid,MAR 10%,cubic_spline,so2,0.6845159588060907,1.4748089057708071
full_grid,MAR 10%,cubic_spline,co,0.07945737231082234,0.1595678268814474
full_grid,MAR 10%,cubic_spline,no2,3.9266293433815584,6.711843085652311
full_grid,MAR 10%,cubic_spline,o3,5.269257395813151,8.305272722136609
full_grid,MAR 10%,cubic_spline,pm10,3.15977003508393,5.565788689753894
full_grid,MAR 10%,cubic_spline,pm25,3.186874960991508,5.073638788831269
full_grid,MAR 10%,cubic_spline,so2,0.8634084993653546,2.328332974638962
full_grid,MAR 10%,cubic_spline,co,0.07994080723607418,0.1635707095141788
full_grid,MAR 10%,cubic_spline,no2,3.869668332899248,6.5430096527685
full_grid,MAR 10%,cubic_spline,o3,5.215931971878275,8.138112078685662
full_grid,MAR 10%,cubic_spline,pm10,3.1668146982733636,5.409746914972998
full_grid,MAR 10%,cubic_spline,pm25,3.1502096710918575,4.914244336386409
full_grid,MAR 10%,cubic_spline,so2,0.8863688755861593,2.3257663834487294
full_grid,MAR 10%,cubic_spline,co,0.07889088451812246,0.15739407917683226
full_grid,MAR 10%,cubic_spline,no2,3.875188179643314,6.545576521400679
full_grid,MAR 10%,cubic_spline,o3,5.2081658902237855,8.132423755243408
full_grid,MAR 10%,cubic_spline,pm10,3.173028725432164,5.546773950321673
full_grid,MAR 10%,cubic_spline,pm25,3.1515086308826454,4.953830711547911
full_grid,MAR 10%,cubic_spline,so2,0.889634099212593,2.7620167120013597
full_grid,MAR 10%,galpi,co,0.07384348702417941,0.1590970959997282
full_grid,MAR 10%,galpi,no2,3.8553518096229933,6.5687296024610955
full_grid,MAR 10%,galpi,o3,5.478897487561192,8.668658549294427
full_grid,MAR 10%,galpi,pm10,3.715589745028886,6.124501888505038
full_grid,MAR 10%,galpi,pm25,2.9265932314887926,4.729247851421413
full_grid,MAR 10%,galpi,so2,0.7149233836235661,2.0610065819455197
full_grid,MAR 10%,galpi,co,0.06999498106625389,0.14945011878243825
full_grid,MAR 10%,galpi,no2,3.741648411437525,6.416992565585707
full_grid,MAR 10%,galpi,o3,5.436878433869002,8.59280473312228
full_grid,MAR 10%,galpi,pm10,3.693973205180109,6.238505999387664
full_grid,MAR 10%,galpi,pm25,2.899912543069534,4.618605759595254
full_grid,MAR 10%,galpi,so2,0.796764984176463,2.4431088285083473
full_grid,MAR 10%,galpi,co,0.06836691247203944,0.14802882043598567
full_grid,MAR 10%,galpi,no2,3.8274204869918758,6.557474833838133
full_grid,MAR 10%,galpi,o3,5.4190532704063665,8.630824893470958
full_grid,MAR 10%,galpi,pm10,3.8151881149688274,6.62065751673118
full_grid,MAR 10%,galpi,pm25,3.21583674775118,5.217006477802297
full_grid,MAR 10%,galpi,so2,0.7056821355931597,2.312446738334687
full_grid,MAR 10%,galpi,co,0.052975193951120866,0.10612302259828685
full_grid,MAR 10%,galpi,no2,3.1921944032200003,5.421034390759448
full_grid,MAR 10%,galpi,o3,5.313175442710934,8.175862500720402
full_grid,MAR 10%,galpi,pm10,3.472390296775991,5.882636912882335
full_grid,MAR 10%,galpi,pm25,2.6632630188127604,4.185815126349042
full_grid,MAR 10%,galpi,so2,0.5814363058611267,1.475916366422345
full_grid,MAR 10%,galpi,co,0.07302233334553695,0.1566764775707184
full_grid,MAR 10%,galpi,no2,3.8560857088843603,6.602806274242621
full_grid,MAR 10%,galpi,o3,5.506172494355432,8.785869379112754
full_grid,MAR 10%,galpi,pm10,3.697418321932115,6.297149136417008
full_grid,MAR 10%,galpi,pm25,2.917419701132479,4.835772229218806
full_grid,MAR 10%,galpi,so2,0.7126375602214794,1.7994970401890436
full_grid,MAR 10%,galpi,co,0.07107729233199926,0.15005866804039153
full_grid,MAR 10%,galpi,no2,4.3566918686542655,7.456745902809684
full_grid,MAR 10%,galpi,o3,5.648510590892524,9.108303523884166
full_grid,MAR 10%,galpi,pm10,3.7448974779720414,6.162985102382591
full_grid,MAR 10%,galpi,pm25,2.9882577915360753,4.682807886412034
full_grid,MAR 10%,galpi,so2,0.7021045609562637,2.5976196028446243
full_grid,MAR 10%,galpi,co,0.07429954615006912,0.15767896798419004
full_grid,MAR 10%,galpi,no2,3.8851509616871893,6.675220298742626
full_grid,MAR 10%,galpi,o3,5.542008416307825,8.85442801350941
full_grid,MAR 10%,galpi,pm10,3.7201530883142127,6.304901124563013
full_grid,MAR 10%,galpi,pm25,2.941615178041664,4.785200505400031
full_grid,MAR 10%,galpi,so2,0.7085962482818597,1.7719291044979273
full_grid,MAR 10%,galpi,co,0.07330706030242758,0.15573835833084332
full_grid,MAR 10%,galpi,no2,3.864652668525228,6.616580576371282
full_grid,MAR 10%,galpi,o3,5.510500097648077,8.678839533224043
full_grid,MAR 10%,galpi,pm10,3.7107773840166405,6.189122618208965
full_grid,MAR 10%,galpi,pm25,2.908539644455099,4.6643858744175235
full_grid,MAR 10%,galpi,so2,0.7127557806183992,2.6060509161541576
full_grid,MAR 10%,galpi,co,0.07118857245786882,0.1562202959736989
full_grid,MAR 10%,galpi,no2,3.7311621467959872,6.37803838871731
full_grid,MAR 10%,galpi,o3,5.42485287713969,8.481039966048886
full_grid,MAR 10%,galpi,pm10,3.6818045267491355,5.997247165584139
full_grid,MAR 10%,galpi,pm25,2.8977009312346182,4.648648917758616
full_grid,MAR 10%,galpi,so2,0.7995929082850716,2.165988440448977
full_grid,MAR 10%,galpi,co,0.07072824805048555,0.15268815489074908
full_grid,MAR 10%,galpi,no2,3.7852624499949368,6.53505916436482
full_grid,MAR 10%,galpi,o3,5.433930756569704,8.54638252072289
full_grid,MAR 10%,galpi,pm10,3.6775219845253817,6.246403727467486
full_grid,MAR 10%,galpi,pm25,2.9195789899234588,4.821711242140984
full_grid,MAR 10%,galpi,so2,0.7795355326509539,2.2571461606544405
full_grid,MAR 10%,galpi,co,0.053274427394020336,0.10805220571334435
full_grid,MAR 10%,galpi,no2,3.221812387581644,5.414893890496968
full_grid,MAR 10%,galpi,o3,5.387941478975641,8.376829589947306
full_grid,MAR 10%,galpi,pm10,3.4840678762756876,5.816397079280776
full_grid,MAR 10%,galpi,pm25,2.7098973559071866,4.4517834037181965
full_grid,MAR 10%,galpi,so2,0.5912584207789247,1.814741007669897
full_grid,MAR 10%,galpi,co,0.06644838057690065,0.1392810465560978
full_grid,MAR 10%,galpi,no2,3.8225751839678543,6.5378165868983364
full_grid,MAR 10%,galpi,o3,5.378137202704824,8.513539733288207
full_grid,MAR 10%,galpi,pm10,3.986386615647144,6.805437503232571
full_grid,MAR 10%,galpi,pm25,3.0292475844258036,4.954525106497646
full_grid,MAR 10%,galpi,so2,0.6815809998967598,1.9652456955639497
full_grid,MAR 10%,galpi,co,0.05350631753130536,0.10888129310334656
full_grid,MAR 10%,galpi,no2,3.207088886072679,5.442760880823256
full_grid,MAR 10%,galpi,o3,5.4277233875777995,8.465754141315713
full_grid,MAR 10%,galpi,pm10,3.4955994873183984,5.910972521047189
full_grid,MAR 10%,galpi,pm25,2.6998653414321927,4.427371629472389
full_grid,MAR 10%,galpi,so2,0.5907729033229578,1.4230612660591
full_grid,MAR 10%,galpi,co,0.05319337060652953,0.10548318414962109
full_grid,MAR 10%,galpi,no2,3.2016979254943334,5.412170684351698
full_grid,MAR 10%,galpi,o3,5.359548637861029,8.336813962842518
full_grid,MAR 10%,galpi,pm10,3.444767831459943,5.721891242412529
full_grid,MAR 10%,galpi,pm25,2.675263903208878,4.3582791974663095
full_grid,MAR 10%,galpi,so2,0.5859847125044939,1.3756605067982475
full_grid,MAR 10%,galpi,co,0.07301310099523088,0.15498138914880058
full_grid,MAR 10%,galpi,no2,3.854092722945913,6.532002449707664
full_grid,MAR 10%,galpi,o3,5.481571330323018,8.653469869461105
full_grid,MAR 10%,galpi,pm10,3.724088137953531,6.356155576599187
full_grid,MAR 10%,galpi,pm25,2.959871418503275,5.01270612323657
full_grid,MAR 10%,galpi,so2,0.7051769793579903,1.8651702720453098
full_grid,MAR 10%,galpi,co,0.0703944497919699,0.14868691661260025
full_grid,MAR 10%,galpi,no2,3.775538011614825,6.460233554042976
full_grid,MAR 10%,galpi,o3,5.448338573339817,8.577288517218374
full_grid,MAR 10%,galpi,pm10,3.7192395430633622,6.259047316285237
full_grid,MAR 10%,galpi,pm25,2.9245443450711317,4.887308642324063
full_grid,MAR 10%,galpi,so2,0.7932637822440235,2.818745782569691
full_grid,MAR 10%,galpi,co,0.05216562353189887,0.1038018033933822
full_grid,MAR 10%,galpi,no2,3.207078225953764,5.483164101075381
full_grid,MAR 10%,galpi,o3,5.396292031840834,8.487073998729487
full_grid,MAR 10%,galpi,pm10,3.474978179745471,5.7314349491296905
full_grid,MAR 10%,galpi,pm25,2.662107722655554,4.173948309688919
full_grid,MAR 10%,galpi,so2,0.6040277065910066,3.0111277580337097
full_grid,MAR 10%,galpi,co,0.07087574874125127,0.1514237836647572
full_grid,MAR 10%,galpi,no2,3.7310336844438803,6.338987701647173
full_grid,MAR 10%,galpi,o3,5.4118322592255055,8.46638289805906
full_grid,MAR 10%,galpi,pm10,3.690712920778734,6.235287461304931
full_grid,MAR 10%,galpi,pm25,2.916058165543752,4.65752629815159
full_grid,MAR 10%,galpi,so2,0.788347176414103,2.2049197892680072
full_grid,MAR 10%,galpi,co,0.05267915815098151,0.10328201180613619
full_grid,MAR 10%,galpi,no2,3.2335958782097554,5.485950872096828
full_grid,MAR 10%,galpi,o3,5.407456172161151,8.377527196207863
full_grid,MAR 10%,galpi,pm10,3.493570675218943,5.8067230596542165
full_grid,MAR 10%,galpi,pm25,2.6919578907791393,4.334152595048229
full_grid,MAR 10%,galpi,so2,0.5832308881107408,1.303600311665154
full_grid,MAR 10%,galpi,co,0.06735528344819235,0.142546187490469
full_grid,MAR 10%,galpi,no2,3.805145422074567,6.445444785080118
full_grid,MAR 10%,galpi,o3,5.419644220503261,8.508469655774917
full_grid,MAR 10%,galpi,pm10,3.7527961982066005,6.380728895796482
full_grid,MAR 10%,galpi,pm25,3.2073685742651845,5.337389500850565
full_grid,MAR 10%,galpi,so2,0.6951220112786534,1.771345653493633
full_grid,MAR 10%,linear_interpolation,co,0.07239151514753994,0.15543150625101176
full_grid,MAR 10%,linear_interpolation,no2,3.824248306413008,6.5209384558404775
full_grid,MAR 10%,linear_interpolation,o3,5.438590415601808,8.548717005327466
full_grid,MAR 10%,linear_interpolation,pm10,3.659366957098335,6.186330785291579
full_grid,MAR 10%,linear_interpolation,pm25,2.8957801711191014,4.758061900679035
full_grid,MAR 10%,linear_interpolation,so2,0.7087266487842812,1.7911555140104132
full_grid,MAR 10%,linear_interpolation,co,0.05313017854505395,0.10829401888699326
full_grid,MAR 10%,linear_interpolation,no2,3.1792109879620583,5.397980581339435
full_grid,MAR 10%,linear_interpolation,o3,5.347480877041933,8.245534007199236
full_grid,MAR 10%,linear_interpolation,pm10,3.4608317394224657,5.83317884949725
full_grid,MAR 10%,linear_interpolation,pm25,2.6810330133679705,4.358095397866231
full_grid,MAR 10%,linear_interpolation,so2,0.5869026842410408,1.416400332991534
full_grid,MAR 10%,linear_interpolation,co,0.06777929763744082,0.1468124034912499
full_grid,MAR 10%,linear_interpolation,no2,3.792155291469235,6.467059682101286
full_grid,MAR 10%,linear_interpolation,o3,5.348185632458592,8.435496843241582
full_grid,MAR 10%,linear_interpolation,pm10,3.785867241360247,6.534237292458675
full_grid,MAR 10%,linear_interpolation,pm25,3.1931625009870874,5.167823467037746
full_grid,MAR 10%,linear_interpolation,so2,0.7007517856796742,2.2955116185127107
full_grid,MAR 10%,linear_interpolation,co,0.07007759864639923,0.14856234232104304
full_grid,MAR 10%,linear_interpolation,no2,3.745934745206477,6.391146760269511
full_grid,MAR 10%,linear_interpolation,o3,5.379165235457285,8.361721905403332
full_grid,MAR 10%,linear_interpolation,pm10,3.6875498445741224,6.172789635110755
full_grid,MAR 10%,linear_interpolation,pm25,2.9088487141974255,4.850877766917219
full_grid,MAR 10%,linear_interpolation,so2,0.7904353557630002,2.8180231101361395
full_grid,MAR 10%,linear_interpolation,co,0.07297014180381371,0.15466891552705522
full_grid,MAR 10%,linear_interpolation,no2,3.8315675951881687,6.533884430032435
full_grid,MAR 10%,linear_interpolation,o3,5.4418571947851735,8.505543643887624
full_grid,MAR 10%,linear_interpolation,pm10,3.6762114677102304,6.082827082966973
full_grid,MAR 10%,linear_interpolation,pm25,2.8925321059672044,4.619640440496437
full_grid,MAR 10%,linear_interpolation,so2,0.7096312266994523,2.600910952560704
full_grid,MAR 10%,linear_interpolation,co,0.05257025800638147,0.10564817716706765
full_grid,MAR 10%,linear_interpolation,no2,3.170929775645462,5.378854001636915
full_grid,MAR 10%,linear_interpolation,o3,5.263558123123263,8.035571944681065
full_grid,MAR 10%,linear_interpolation,pm10,3.448221475097073,5.822565248108507
full_grid,MAR 10%,linear_interpolation,pm25,2.647540414098916,4.149579534123635
full_grid,MAR 10%,linear_interpolation,so2,0.5768613557078706,1.4669830868789673
full_grid,MAR 10%,linear_interpolation,co,0.0518917386047577,0.10353278980277397
full_grid,MAR 10%,linear_interpolation,no2,3.183294257082556,5.43406404621409
full_grid,MAR 10%,linear_interpolation,o3,5.312416387707022,8.179621494453777
full_grid,MAR 10%,linear_interpolation,pm10,3.449077480430708,5.671466075502345
full_grid,MAR 10%,linear_interpolation,pm25,2.650217688098744,4.152627393359975
full_grid,MAR 10%,linear_interpolation,so2,0.6005105087403647,3.007932054882295
full_grid,MAR 10%,linear_interpolation,co,0.07377034162332055,0.15646365205659538
full_grid,MAR 10%,linear_interpolation,no2,3.8532331089282628,6.6077424862442795
full_grid,MAR 10%,linear_interpolation,o3,5.473311862132916,8.66239755283565
full_grid,MAR 10%,linear_interpolation,pm10,3.6819051091882904,6.226392927858858
full_grid,MAR 10%,linear_interpolation,pm25,2.92134830125346,4.724899217342047
full_grid,MAR 10%,linear_interpolation,so2,0.704059004980387,1.7591065877961904
full_grid,MAR 10%,linear_interpolation,co,0.07031021669200863,0.1519770167520583
full_grid,MAR 10%,linear_interpolation,no2,3.7465346459509496,6.415316919515427
full_grid,MAR 10%,linear_interpolation,o3,5.356622667399795,8.360231121315858
full_grid,MAR 10%,linear_interpolation,pm10,3.6354750101123394,6.133982212140084
full_grid,MAR 10%,linear_interpolation,pm25,2.9024517079235888,4.785435960389258
full_grid,MAR 10%,linear_interpolation,so2,0.7743520968998326,2.250752218007817
full_grid,MAR 10%,linear_interpolation,co,0.06609299720327878,0.13891082267181748
full_grid,MAR 10%,linear_interpolation,no2,3.803181709293909,6.490071710978668
full_grid,MAR 10%,linear_interpolation,o3,5.32346467089217,8.34621734855207
full_grid,MAR 10%,linear_interpolation,pm10,3.9538948348390983,6.727491934756531
full_grid,MAR 10%,linear_interpolation,pm25,3.0115515560227744,4.914570052711271
full_grid,MAR 10%,linear_interpolation,so2,0.6785737174035509,1.9641033665101069
full_grid,MAR 10%,linear_interpolation,co,0.0695555941589376,0.14887558447084978
full_grid,MAR 10%,linear_interpolation,no2,3.707105244516783,6.346282142060567
full_grid,MAR 10%,linear_interpolation,o3,5.355333537210611,8.3508491043326
full_grid,MAR 10%,linear_interpolation,pm10,3.6589212160806635,6.140845203270666
full_grid,MAR 10%,linear_interpolation,pm25,2.882955939715029,4.565964179556842
full_grid,MAR 10%,linear_interpolation,so2,0.793687247544969,2.4399617195355585
full_grid,MAR 10%,linear_interpolation,co,0.07051662344040177,0.1509015961655492
full_grid,MAR 10%,linear_interpolation,no2,3.696120388913611,6.260278054738925
full_grid,MAR 10%,linear_interpolation,o3,5.338504327641559,8.252284753874445
full_grid,MAR 10%,linear_interpolation,pm10,3.6472204024428736,6.0862096701845285
full_grid,MAR 10%,linear_interpolation,pm25,2.8956064033193587,4.6085715902069335
full_grid,MAR 10%,linear_interpolation,so2,0.7842208544745817,2.1961979272283907
full_grid,MAR 10%,linear_interpolation,co,0.07060328792556039,0.14858967130524905
full_grid,MAR 10%,linear_interpolation,no2,4.3227143449143,7.36791998169686
full_grid,MAR 10%,linear_interpolation,o3,5.585566337241384,8.923949774660153
full_grid,MAR 10%,linear_interpolation,pm10,3.71475092871999,6.08132109334952
full_grid,MAR 10%,linear_interpolation,pm25,2.972566338558332,4.649473114477381
full_grid,MAR 10%,linear_interpolation,so2,0.6967871964262097,2.5836236890211026
full_grid,MAR 10%,linear_interpolation,co,0.05234660756207738,0.10280461487342608
full_grid,MAR 10%,linear_interpolation,no2,3.2098238195429603,5.428423699314852
full_grid,MAR 10%,linear_interpolation,o3,5.338842628249628,8.16584046136597
full_grid,MAR 10%,linear_interpolation,pm10,3.466066869860778,5.735979429294726
full_grid,MAR 10%,linear_interpolation,pm25,2.683229583203687,4.318382242805239
full_grid,MAR 10%,linear_interpolation,so2,0.5806057263052131,1.3001323073245332
full_grid,MAR 10%,linear_interpolation,co,0.07265996069593912,0.15448585549368152
full_grid,MAR 10%,linear_interpolation,no2,3.8238359466282814,6.4764129937251145
full_grid,MAR 10%,linear_interpolation,o3,5.423801695830492,8.49962778265998
full_grid,MAR 10%,linear_interpolation,pm10,3.6899146579978637,6.263400479568818
full_grid,MAR 10%,linear_interpolation,pm25,2.9491937960613637,4.96704146174464
full_grid,MAR 10%,linear_interpolation,so2,0.7010404864029962,1.8604123400968462
full_grid,MAR 10%,linear_interpolation,co,0.07362996002201562,0.1592002078695703
full_grid,MAR 10%,linear_interpolation,no2,3.8335758930342294,6.532759674046928
full_grid,MAR 10%,linear_interpolation,o3,5.421990687882293,8.524384976539084
full_grid,MAR 10%,linear_interpolation,pm10,3.694020347125349,6.083936398447459
full_grid,MAR 10%,linear_interpolation,pm25,2.9130997037559774,4.7033786783286935
full_grid,MAR 10%,linear_interpolation,so2,0.7103317776913045,2.044302867460958
full_grid,MAR 10%,linear_interpolation,co,0.052906669672399355,0.10508546160190431
full_grid,MAR 10%,linear_interpolation,no2,3.1784011435821418,5.360318138989483
full_grid,MAR 10%,linear_interpolation,o3,5.3009870263742735,8.163514030190525
full_grid,MAR 10%,linear_interpolation,pm10,3.4188043147348304,5.657787833813085
full_grid,MAR 10%,linear_interpolation,pm25,2.662599183864719,4.329470227810101
full_grid,MAR 10%,linear_interpolation,so2,0.5833080214059474,1.367238672525591
full_grid,MAR 10%,linear_interpolation,co,0.07086099538010712,0.15577966511540317
full_grid,MAR 10%,linear_interpolation,no2,3.7017326375452173,6.311013862485003
full_grid,MAR 10%,linear_interpolation,o3,5.361815530204799,8.3189909147739
full_grid,MAR 10%,linear_interpolation,pm10,3.646319728923754,5.917240439052759
full_grid,MAR 10%,linear_interpolation,pm25,2.88388538314335,4.626163027410601
full_grid,MAR 10%,linear_interpolation,so2,0.7953019765710438,2.159374398372024
full_grid,MAR 10%,linear_interpolation,co,0.05296252243131088,0.10744037519418088
full_grid,MAR 10%,linear_interpolation,no2,3.200397611724884,5.374945192309246
full_grid,MAR 10%,linear_interpolation,o3,5.315684113367621,8.16720393472349
full_grid,MAR 10%,linear_interpolation,pm10,3.4579247310481267,5.740124343068942
full_grid,MAR 10%,linear_interpolation,pm25,2.6915410594421485,4.401525988775774
full_grid,MAR 10%,linear_interpolation,so2,0.58760381174615,1.804881167566683
full_grid,MAR 10%,linear_interpolation,co,0.06710336276276276,0.1423736589827436
full_grid,MAR 10%,linear_interpolation,no2,3.7809622340807914,6.404911807406018
full_grid,MAR 10%,linear_interpolation,o3,5.359457090474779,8.351102189634894
full_grid,MAR 10%,linear_interpolation,pm10,3.719038891891233,6.305374305603039
full_grid,MAR 10%,linear_interpolation,pm25,3.1925538490401113,5.3111296474219705
full_grid,MAR 10%,linear_interpolation,so2,0.6923953969842023,1.7653688709454411
full_grid,MAR 10%,nearest_interpolation,co,0.09208911112984823,0.19906615288315188
full_grid,MAR 10%,nearest_interpolation,no2,5.4725509725758865,9.207799140725642
full_grid,MAR 10%,nearest_interpolation,o3,9.622421935075886,14.461074690413136
full_grid,MAR 10%,nearest_interpolation,pm10,5.8992969686973025,9.490052898257353
full_grid,MAR 10%,nearest_interpolation,pm25,4.12467021618887,6.655896011109092
full_grid,MAR 10%,nearest_interpolation,so2,1.0525870319772346,2.9794193900459813
full_grid,MAR 10%,nearest_interpolation,co,0.09582715806404139,0.20271369441069262
full_grid,MAR 10%,nearest_interpolation,no2,5.654781151651493,9.444056880687262
full_grid,MAR 10%,nearest_interpolation,o3,9.694423490969871,14.665938828372477
full_grid,MAR 10%,nearest_interpolation,pm10,5.979155448583983,9.525925176442634
full_grid,MAR 10%,nearest_interpolation,pm25,4.180199496646553,6.798981606706389
full_grid,MAR 10%,nearest_interpolation,so2,0.9255575103546875,2.469409685414299
full_grid,MAR 10%,nearest_interpolation,co,0.08679137096838896,0.18502013390633867
full_grid,MAR 10%,nearest_interpolation,no2,5.708756184411103,9.536209828504994
full_grid,MAR 10%,nearest_interpolation,o3,9.737472274390242,14.747351921028478
full_grid,MAR 10%,nearest_interpolation,pm10,6.500829242558568,10.456211249914643
full_grid,MAR 10%,nearest_interpolation,pm25,4.35653687347561,7.063008332132305
full_grid,MAR 10%,nearest_interpolation,so2,0.8965540724085366,2.389943052133619
full_grid,MAR 10%,nearest_interpolation,co,0.06601023824482184,0.14222584913497385
full_grid,MAR 10%,nearest_interpolation,no2,4.714421309119466,7.991544714763037
full_grid,MAR 10%,nearest_interpolation,o3,9.730155361303623,14.256510256810428
full_grid,MAR 10%,nearest_interpolation,pm10,5.592596129439482,8.999799317966811
full_grid,MAR 10%,nearest_interpolation,pm25,3.83826080657701,6.1982667339070785
full_grid,MAR 10%,nearest_interpolation,so2,0.7799838838519683,3.3452716377899274
full_grid,MAR 10%,nearest_interpolation,co,0.0955348504970179,0.19923481239537588
full_grid,MAR 10%,nearest_interpolation,no2,5.623335733703046,9.335808907827339
full_grid,MAR 10%,nearest_interpolation,o3,9.659637065983048,14.56186201913324
full_grid,MAR 10%,nearest_interpolation,pm10,5.9782264668410585,9.482061608870143
full_grid,MAR 10%,nearest_interpolation,pm25,4.0998350776185,6.563257321312161
full_grid,MAR 10%,nearest_interpolation,so2,0.9298757287014755,3.0629732717228273
full_grid,MAR 10%,nearest_interpolation,co,0.09643681405914771,0.20571678490181725
full_grid,MAR 10%,nearest_interpolation,no2,5.650661570968829,9.43581652306047
full_grid,MAR 10%,nearest_interpolation,o3,9.630162920323084,14.54556309104777
full_grid,MAR 10%,nearest_interpolation,pm10,6.02528708689159,9.576268165479403
full_grid,MAR 10%,nearest_interpolation,pm25,4.154512770539734,6.614384216370495
full_grid,MAR 10%,nearest_interpolation,so2,0.9270651380042909,3.0513619045576523
full_grid,MAR 10%,nearest_interpolation,co,0.09527623864679857,0.2008543100513179
full_grid,MAR 10%,nearest_interpolation,no2,5.625686041405794,9.390367655229417
full_grid,MAR 10%,nearest_interpolation,o3,9.637936597900492,14.59991379554735
full_grid,MAR 10%,nearest_interpolation,pm10,6.0028725275899495,9.714752854249516
full_grid,MAR 10%,nearest_interpolation,pm25,4.138719687411303,6.713697717228713
full_grid,MAR 10%,nearest_interpolation,so2,0.9261508944194007,2.2869593536480193
full_grid,MAR 10%,nearest_interpolation,co,0.0917949780021006,0.19116022659610035
full_grid,MAR 10%,nearest_interpolation,no2,6.383777323180456,10.547309688301443
full_grid,MAR 10%,nearest_interpolation,o3,9.76150000824678,15.022661196792887
full_grid,MAR 10%,nearest_interpolation,pm10,6.078939864628311,9.611477180260401
full_grid,MAR 10%,nearest_interpolation,pm25,4.23476909563543,6.642760442611284
full_grid,MAR 10%,nearest_interpolation,so2,0.9058995346403703,2.965421374918373
full_grid,MAR 10%,nearest_interpolation,co,0.08958078631714826,0.1972278372546978
full_grid,MAR 10%,nearest_interpolation,no2,5.582279240333631,9.349299244627193
full_grid,MAR 10%,nearest_interpolation,o3,9.591631348545327,14.578231977900423
full_grid,MAR 10%,nearest_interpolation,pm10,6.162224009135141,9.880633725031526
full_grid,MAR 10%,nearest_interpolation,pm25,4.560045418667461,7.238003558201214
full_grid,MAR 10%,nearest_interpolation,so2,0.9233626421606594,3.2189519875183614
full_grid,MAR 10%,nearest_interpolation,co,0.09169404244796599,0.19550560835974956
full_grid,MAR 10%,nearest_interpolation,no2,5.499654374771135,9.226367840664079
full_grid,MAR 10%,nearest_interpolation,o3,9.64188406021003,14.397512810339864
full_grid,MAR 10%,nearest_interpolation,pm10,5.926111068733295,9.391198674805633
full_grid,MAR 10%,nearest_interpolation,pm25,4.138396659027295,6.731979759347349
full_grid,MAR 10%,nearest_interpolation,so2,1.0490026805353874,3.261101864259172
full_grid,MAR 10%,nearest_interpolation,co,0.06740117290325114,0.14426892561416102
full_grid,MAR 10%,nearest_interpolation,no2,4.673793653035181,7.909318571142283
full_grid,MAR 10%,nearest_interpolation,o3,9.678122561371133,14.198858516434296
full_grid,MAR 10%,nearest_interpolation,pm10,5.570818976931835,8.97539626185286
full_grid,MAR 10%,nearest_interpolation,pm25,3.8073830378906863,6.1402100306494445
full_grid,MAR 10%,nearest_interpolation,so2,0.766838159317575,2.137310720125965
full_grid,MAR 10%,nearest_interpolation,co,0.09228589339759646,0.20089014414221434
full_grid,MAR 10%,nearest_interpolation,no2,5.4738397117841435,9.188700102482919
full_grid,MAR 10%,nearest_interpolation,o3,9.586419246353628,14.311398759638521
full_grid,MAR 10%,nearest_interpolation,pm10,5.890576660535012,9.293345641047349
full_grid,MAR 10%,nearest_interpolation,pm25,4.144446767853009,6.593038430869413
full_grid,MAR 10%,nearest_interpolation,so2,1.031840907035969,2.722069522300467
full_grid,MAR 10%,nearest_interpolation,co,0.06717358838629381,0.14373657244564175
full_grid,MAR 10%,nearest_interpolation,no2,4.755744344599588,8.147154815178174
full_grid,MAR 10%,nearest_interpolation,o3,9.807847643771147,14.324032205392541
full_grid,MAR 10%,nearest_interpolation,pm10,5.6202725752207225,9.017737020259004
full_grid,MAR 10%,nearest_interpolation,pm25,3.8851680062424645,6.475080169197503
full_grid,MAR 10%,nearest_interpolation,so2,0.7575590249504104,1.8247635602819616
full_grid,MAR 10%,nearest_interpolation,co,0.06793840946965984,0.1480247404581842
full_grid,MAR 10%,nearest_interpolation,no2,4.717902801019507,8.05401166512544
full_grid,MAR 10%,nearest_interpolation,o3,9.76501581148907,14.35548231763364
full_grid,MAR 10%,nearest_interpolation,pm10,5.60056385460249,8.996286525822356
full_grid,MAR 10%,nearest_interpolation,pm25,3.8455901860013726,6.329504581863575
full_grid,MAR 10%,nearest_interpolation,so2,0.7703508987158122,2.02863136559179
full_grid,MAR 10%,nearest_interpolation,co,0.09297390624211324,0.2076705081526587
full_grid,MAR 10%,nearest_interpolation,no2,5.463844185370573,9.126514928969595
full_grid,MAR 10%,nearest_interpolation,o3,9.554583267350887,14.330680167725832
full_grid,MAR 10%,nearest_interpolation,pm10,5.906776060969967,9.224456067739686
full_grid,MAR 10%,nearest_interpolation,pm25,4.120203979242029,6.562794359895789
full_grid,MAR 10%,nearest_interpolation,so2,1.0560772918945067,2.734385082142097
full_grid,MAR 10%,nearest_interpolation,co,0.06734668638225794,0.1462070559065662
full_grid,MAR 10%,nearest_interpolation,no2,4.718466408000473,8.03474039322493
full_grid,MAR 10%,nearest_interpolation,o3,9.67606529275979,14.112069369379158
full_grid,MAR 10%,nearest_interpolation,pm10,5.6068642921295195,9.098571121932556
full_grid,MAR 10%,nearest_interpolation,pm25,3.8377335359450084,6.199908970654435
full_grid,MAR 10%,nearest_interpolation,so2,0.7517671847671944,1.9369942906974584
full_grid,MAR 10%,nearest_interpolation,co,0.09159576467150848,0.2007707143790296
full_grid,MAR 10%,nearest_interpolation,no2,5.5286155412388345,9.295853186957432
full_grid,MAR 10%,nearest_interpolation,o3,9.599207958343769,14.456561265490102
full_grid,MAR 10%,nearest_interpolation,pm10,5.891831738479839,9.277133260838223
full_grid,MAR 10%,nearest_interpolation,pm25,4.135091560480841,6.730410178434553
full_grid,MAR 10%,nearest_interpolation,so2,1.02636428322481,2.6165005167283932
full_grid,MAR 10%,nearest_interpolation,co,0.0868317575272641,0.18381946347026482
full_grid,MAR 10%,nearest_interpolation,no2,5.552158850165955,9.22244006288587
full_grid,MAR 10%,nearest_interpolation,o3,9.51601303496918,14.368162904006109
full_grid,MAR 10%,nearest_interpolation,pm10,6.112431434862495,9.854064837004822
full_grid,MAR 10%,nearest_interpolation,pm25,4.5344130709064325,7.278664248707491
full_grid,MAR 10%,nearest_interpolation,so2,0.8997678987276752,2.3960107356030766
full_grid,MAR 10%,nearest_interpolation,co,0.09722623510517046,0.20538853624776693
full_grid,MAR 10%,nearest_interpolation,no2,5.666504172396643,9.549120652050167
full_grid,MAR 10%,nearest_interpolation,o3,9.71523293068076,14.789819983562035
full_grid,MAR 10%,nearest_interpolation,pm10,5.964604974510414,9.723652541718693
full_grid,MAR 10%,nearest_interpolation,pm25,4.171022198943115,6.725452359030838
full_grid,MAR 10%,nearest_interpolation,so2,0.9373715726453217,2.458458335117492
full_grid,MAR 10%,nearest_interpolation,co,0.06806718453371986,0.14955006907675425
full_grid,MAR 10%,nearest_interpolation,no2,4.69455745623176,7.944470127742795
full_grid,MAR 10%,nearest_interpolation,o3,9.701628388145652,14.264231329461987
full_grid,MAR 10%,nearest_interpolation,pm10,5.6064083573737085,8.940374103216516
full_grid,MAR 10%,nearest_interpolation,pm25,3.8578090209586113,6.296881985431406
full_grid,MAR 10%,nearest_interpolation,so2,0.7743134130021742,2.846189879606843
full_grid,MAR 30%,cubic_spline,co,0.08054840329377289,0.1585359552361898
full_grid,MAR 30%,cubic_spline,no2,4.494921867748108,7.87755973720145
full_grid,MAR 30%,cubic_spline,o3,7.008481925802007,11.214567584505415
full_grid,MAR 30%,cubic_spline,pm10,4.4873953120719134,7.739974710293688
full_grid,MAR 30%,cubic_spline,pm25,3.6450008082335184,5.935021434661124
full_grid,MAR 30%,cubic_spline,so2,0.886604593180457,2.609885675960725
full_grid,MAR 30%,cubic_spline,co,0.10423885824158849,0.2134590488156166
full_grid,MAR 30%,cubic_spline,no2,5.237139084929302,9.033941498326506
full_grid,MAR 30%,cubic_spline,o3,7.100004444656158,11.609742632010875
full_grid,MAR 30%,cubic_spline,pm10,4.8834610178665185,8.81047179441838
full_grid,MAR 30%,cubic_spline,pm25,3.9801017819674693,6.65295462939565
full_grid,MAR 30%,cubic_spline,so2,1.0261455664016437,2.6996226432295685
full_grid,MAR 30%,cubic_spline,co,0.09552442260044215,0.19553093637115657
full_grid,MAR 30%,cubic_spline,no2,5.145454714891969,8.821951676554539
full_grid,MAR 30%,cubic_spline,o3,6.952239919466696,11.228169507566504
full_grid,MAR 30%,cubic_spline,pm10,5.261701336198727,9.776879479444235
full_grid,MAR 30%,cubic_spline,pm25,4.0632468783276,6.855544823918643
full_grid,MAR 30%,cubic_spline,so2,0.9843572240624676,2.730341019458412
full_grid,MAR 30%,cubic_spline,co,0.09990163261526497,0.2085053413980983
full_grid,MAR 30%,cubic_spline,no2,5.031962328071603,8.633945747108665
full_grid,MAR 30%,cubic_spline,o3,6.998895797539395,11.224047102040947
full_grid,MAR 30%,cubic_spline,pm10,4.79698177204029,8.472902193189793
full_grid,MAR 30%,cubic_spline,pm25,3.9110139493752123,6.322245560301623
full_grid,MAR 30%,cubic_spline,so2,1.1092801334327969,3.145358937927037
full_grid,MAR 30%,cubic_spline,co,0.08030460967090562,0.1592636277145638
full_grid,MAR 30%,cubic_spline,no2,4.442111089607871,7.705049587799363
full_grid,MAR 30%,cubic_spline,o3,6.933463897229307,10.95949257085594
full_grid,MAR 30%,cubic_spline,pm10,4.462368862939889,7.761370579266157
full_grid,MAR 30%,cubic_spline,pm25,3.631970344995057,5.887360731272119
full_grid,MAR 30%,cubic_spline,so2,0.8821808191685079,2.163250325417281
full_grid,MAR 30%,cubic_spline,co,0.10367270160016567,0.21187279201615072
full_grid,MAR 30%,cubic_spline,no2,5.206350067219528,9.010052850256658
full_grid,MAR 30%,cubic_spline,o3,7.075067395553699,11.627164857365955
full_grid,MAR 30%,cubic_spline,pm10,4.830078920650567,8.750867804628252
full_grid,MAR 30%,cubic_spline,pm25,3.978949721660001,6.579636122376731
full_grid,MAR 30%,cubic_spline,so2,1.0225180044186666,2.7994946086814334
full_grid,MAR 30%,cubic_spline,co,0.09895836472930565,0.19601858880948483
full_grid,MAR 30%,cubic_spline,no2,5.949235021457143,10.421491761656156
full_grid,MAR 30%,cubic_spline,o3,7.293827718193147,12.032555122925675
full_grid,MAR 30%,cubic_spline,pm10,4.911689176327234,8.701281282995778
full_grid,MAR 30%,cubic_spline,pm25,4.058629352209679,6.576941623678668
full_grid,MAR 30%,cubic_spline,so2,0.9922074905237539,2.6934114898419743
full_grid,MAR 30%,cubic_spline,co,0.08063459956970259,0.159660300177249
full_grid,MAR 30%,cubic_spline,no2,4.460383035010497,7.751041013532658
full_grid,MAR 30%,cubic_spline,o3,6.966357660166455,11.11999134115895
full_grid,MAR 30%,cubic_spline,pm10,4.481204793537825,7.764603053180737
full_grid,MAR 30%,cubic_spline,pm25,3.6563893297315992,5.969243915228248
full_grid,MAR 30%,cubic_spline,so2,0.8670543213327208,1.9560430794093804
full_grid,MAR 30%,cubic_spline,co,0.10011399604396075,0.20923919054423198
full_grid,MAR 30%,cubic_spline,no2,5.0322011489910246,8.691022278792744
full_grid,MAR 30%,cubic_spline,o3,6.992826687704539,11.350739269281842
full_grid,MAR 30%,cubic_spline,pm10,4.793589829814276,8.494834890671163
full_grid,MAR 30%,cubic_spline,pm25,3.925868375236455,6.40105985524238
full_grid,MAR 30%,cubic_spline,so2,1.111140998990772,2.903596488863706
full_grid,MAR 30%,cubic_spline,co,0.1000436400343039,0.20809538525105975
full_grid,MAR 30%,cubic_spline,no2,5.022986405088047,8.6649079898959
full_grid,MAR 30%,cubic_spline,o3,6.9654160472712165,11.16623822524659
full_grid,MAR 30%,cubic_spline,pm10,4.7659170183520185,8.32341645262795
full_grid,MAR 30%,cubic_spline,pm25,3.937054798367983,6.381559208388901
full_grid,MAR 30%,cubic_spline,so2,1.102915922139145,2.8000151252226764
full_grid,MAR 30%,cubic_spline,co,0.07964651224817917,0.15661224801366014
full_grid,MAR 30%,cubic_spline,no2,4.427880500326652,7.653510589450105
full_grid,MAR 30%,cubic_spline,o3,6.919032505541188,10.926862681323378
full_grid,MAR 30%,cubic_spline,pm10,4.47558544177355,8.019349343057607
full_grid,MAR 30%,cubic_spline,pm25,3.6343486301773016,5.928302898676713
full_grid,MAR 30%,cubic_spline,so2,0.8812000312749968,2.4545953052930924
full_grid,MAR 30%,cubic_spline,co,0.09690445806282809,0.19639927947122632
full_grid,MAR 30%,cubic_spline,no2,5.183393650863573,8.985060693055308
full_grid,MAR 30%,cubic_spline,o3,7.003237688651366,11.439848279228922
full_grid,MAR 30%,cubic_spline,pm10,4.9512372203001425,9.358741877322426
full_grid,MAR 30%,cubic_spline,pm25,4.35605328482347,7.167092932777073
full_grid,MAR 30%,cubic_spline,so2,1.0000539462494695,2.720704489569073
full_grid,MAR 30%,cubic_spline,co,0.10395565899972448,0.21193377594492377
full_grid,MAR 30%,cubic_spline,no2,5.184775702647192,8.88952249005379
full_grid,MAR 30%,cubic_spline,o3,7.032151862536381,11.35393209655605
full_grid,MAR 30%,cubic_spline,pm10,4.817847915542601,8.549006319671408
full_grid,MAR 30%,cubic_spline,pm25,3.996196418788633,6.570831912243066
full_grid,MAR 30%,cubic_spline,so2,1.0133032454523008,2.788970682396698
full_grid,MAR 30%,cubic_spline,co,0.09772804491102204,0.2044666718424692
full_grid,MAR 30%,cubic_spline,no2,5.117877490866139,8.871418785838232
full_grid,MAR 30%,cubic_spline,o3,6.94330016195172,11.380168830745653
full_grid,MAR 30%,cubic_spline,pm10,4.945637580119455,9.050687615391267
full_grid,MAR 30%,cubic_spline,pm25,4.3655243539279605,7.113320131686235
full_grid,MAR 30%,cubic_spline,so2,1.0235237458521096,3.963804515843643
full_grid,MAR 30%,cubic_spline,co,0.08081538592521081,0.1627458803614899
full_grid,MAR 30%,cubic_spline,no2,4.427050060804541,7.61309096000037
full_grid,MAR 30%,cubic_spline,o3,6.932288968949289,10.913168152881951
full_grid,MAR 30%,cubic_spline,pm10,4.487972562373636,7.844132495052715
full_grid,MAR 30%,cubic_spline,pm25,3.6434344600888826,5.9404615408234385
full_grid,MAR 30%,cubic_spline,so2,0.8909812762063554,2.509587992841178
full_grid,MAR 30%,cubic_spline,co,0.09912522119763224,0.20372271665307284
full_grid,MAR 30%,cubic_spline,no2,5.065653076866046,8.756686533291264
full_grid,MAR 30%,cubic_spline,o3,7.0324988849832,11.42380088016393
full_grid,MAR 30%,cubic_spline,pm10,4.773294481630397,8.343141576951892
full_grid,MAR 30%,cubic_spline,pm25,3.936244312731265,6.42007146179823
full_grid,MAR 30%,cubic_spline,so2,1.1013305345320634,2.8837872433193605
full_grid,MAR 30%,cubic_spline,co,0.10421929939884765,0.21159165156241933
full_grid,MAR 30%,cubic_spline,no2,5.25972923563894,9.151751797563636
full_grid,MAR 30%,cubic_spline,o3,7.159238742919762,11.71427773252083
full_grid,MAR 30%,cubic_spline,pm10,4.833879017214529,8.48914330954657
full_grid,MAR 30%,cubic_spline,pm25,3.962845078045492,6.468630555905442
full_grid,MAR 30%,cubic_spline,so2,1.0089321824064876,2.610956393321009
full_grid,MAR 30%,cubic_spline,co,0.08050346750148604,0.1573348364938137
full_grid,MAR 30%,cubic_spline,no2,4.48165935425134,7.736754636948702
full_grid,MAR 30%,cubic_spline,o3,6.990156925931432,11.056562665358843
full_grid,MAR 30%,cubic_spline,pm10,4.488666110892907,8.032233057413025
full_grid,MAR 30%,cubic_spline,pm25,3.648121938524882,5.948863415739411
full_grid,MAR 30%,cubic_spline,so2,0.8837945592238069,2.4475301673634204
full_grid,MAR 30%,cubic_spline,co,0.10056990111302495,0.20996941240892716
full_grid,MAR 30%,cubic_spline,no2,5.050704586201338,8.702918558290559
full_grid,MAR 30%,cubic_spline,o3,6.976676816046458,11.285938692817147
full_grid,MAR 30%,cubic_spline,pm10,4.796935706166425,8.394026624153799
full_grid,MAR 30%,cubic_spline,pm25,3.937985704154937,6.401982651705292
full_grid,MAR 30%,cubic_spline,so2,1.1203507315577352,3.2356467666049924
full_grid,MAR 30%,cubic_spline,co,0.10385092050249906,0.21226905719889466
full_grid,MAR 30%,cubic_spline,no2,5.164664118109972,8.877797267880908
full_grid,MAR 30%,cubic_spline,o3,7.061824143046148,11.482405269213052
full_grid,MAR 30%,cubic_spline,pm10,4.786152189244796,8.465579977962193
full_grid,MAR 30%,cubic_spline,pm25,3.9609946575233344,6.513189461811258
full_grid,MAR 30%,cubic_spline,so2,1.016077774491438,2.8215222274376495
full_grid,MAR 30%,galpi,co,0.09407511714834635,0.19161595678978677
full_grid,MAR 30%,galpi,no2,6.380027409645958,11.260879753292103
full_grid,MAR 30%,galpi,o3,9.31559675714005,16.168011323584295
full_grid,MAR 30%,galpi,pm10,5.659410397402925,9.842320063296736
full_grid,MAR 30%,galpi,pm25,4.001342292508293,6.705065550483292
full_grid,MAR 30%,galpi,so2,0.9215093408203512,2.5532201064221587
full_grid,MAR 30%,galpi,co,0.07170212439633498,0.13631138338636023
full_grid,MAR 30%,galpi,no2,4.613470668876581,7.877960792822081
full_grid,MAR 30%,galpi,o3,8.996170588154564,15.783359582059491
full_grid,MAR 30%,galpi,pm10,5.054781849500367,8.705238751546627
full_grid,MAR 30%,galpi,pm25,3.5199454206126495,5.9333681691632485
full_grid,MAR 30%,galpi,so2,0.7873586028708633,1.8546929986340108
full_grid,MAR 30%,galpi,co,0.0716858276539024,0.13474005719034424
full_grid,MAR 30%,galpi,no2,4.66475901292455,7.999989076480951
full_grid,MAR 30%,galpi,o3,9.111631090575306,15.966227325240522
full_grid,MAR 30%,galpi,pm10,5.138775116960118,9.089867016958777
full_grid,MAR 30%,galpi,pm25,3.542130591320981,5.953870161227438
full_grid,MAR 30%,galpi,so2,0.7809225140965864,2.198079252076154
full_grid,MAR 30%,galpi,co,0.09049669710946004,0.1843330015196437
full_grid,MAR 30%,galpi,no2,5.3549353657969485,9.326856019198008
full_grid,MAR 30%,galpi,o3,8.828882342431653,15.286446995019823
full_grid,MAR 30%,galpi,pm10,5.748930671348222,10.374431231009078
full_grid,MAR 30%,galpi,pm25,4.4024952071512615,7.6252812685316895
full_grid,MAR 30%,galpi,so2,0.9293629251548171,2.3418339809816726
full_grid,MAR 30%,galpi,co,0.07130751503287441,0.13578299224254298
full_grid,MAR 30%,galpi,no2,4.597948600202848,7.843724029688666
full_grid,MAR 30%,galpi,o3,8.875636556553332,15.406648948695441
full_grid,MAR 30%,galpi,pm10,5.09165510570247,8.990692348182897
full_grid,MAR 30%,galpi,pm25,3.5556510211108634,6.008038874620061
full_grid,MAR 30%,galpi,so2,0.7786262913445144,2.1861468573354426
full_grid,MAR 30%,galpi,co,0.09247375946133995,0.19428340575825817
full_grid,MAR 30%,galpi,no2,5.274568534653586,9.201300536826148
full_grid,MAR 30%,galpi,o3,8.958509394249324,15.618057964964043
full_grid,MAR 30%,galpi,pm10,5.500497461356901,9.580637609334596
full_grid,MAR 30%,galpi,pm25,3.855101371063696,6.495389747650057
full_grid,MAR 30%,galpi,so2,1.0485913290533841,2.8995640405914616
full_grid,MAR 30%,galpi,co,0.09301737470938674,0.19492697162967834
full_grid,MAR 30%,galpi,no2,5.202739272402497,9.003726676821802
full_grid,MAR 30%,galpi,o3,8.832352141790468,15.206130832316061
full_grid,MAR 30%,galpi,pm10,5.436824485001185,9.29980317470261
full_grid,MAR 30%,galpi,pm25,3.834294048555894,6.426379582627782
full_grid,MAR 30%,galpi,so2,1.051497456059131,2.7657896374915825
full_grid,MAR 30%,galpi,co,0.09250352343875176,0.19292912958466624
full_grid,MAR 30%,galpi,no2,5.257442216797662,9.181332522233328
full_grid,MAR 30%,galpi,o3,8.90998164481272,15.422375008372905
full_grid,MAR 30%,galpi,pm10,5.433463157908836,9.340844525729487
full_grid,MAR 30%,galpi,pm25,3.8194584855397564,6.412675560368587
full_grid,MAR 30%,galpi,so2,1.0408188541615264,3.0891679341535316
full_grid,MAR 30%,galpi,co,0.07166949048109364,0.13612226187036652
full_grid,MAR 30%,galpi,no2,4.617903659196988,7.916026562884246
full_grid,MAR 30%,galpi,o3,8.945628933185676,15.507791731655907
full_grid,MAR 30%,galpi,pm10,5.047052608879362,8.60381962282181
full_grid,MAR 30%,galpi,pm25,3.526563890585806,5.877948608692816
full_grid,MAR 30%,galpi,so2,0.778463220362217,1.8127632890307726
full_grid,MAR 30%,galpi,co,0.0721784430144409,0.13746657937154375
full_grid,MAR 30%,galpi,no2,4.610592634721876,7.880149541793231
full_grid,MAR 30%,galpi,o3,8.921295065211861,15.4118220084161
full_grid,MAR 30%,galpi,pm10,5.070968358102262,8.784128492366406
full_grid,MAR 30%,galpi,pm25,3.525426281553128,5.858853239228046
full_grid,MAR 30%,galpi,so2,0.7939837677752831,2.231475648348763
full_grid,MAR 30%,galpi,co,0.09289012829464345,0.19262670478886998
full_grid,MAR 30%,galpi,no2,5.303084648837675,9.292503467109317
full_grid,MAR 30%,galpi,o3,8.969318795463941,15.59402927314551
full_grid,MAR 30%,galpi,pm10,5.512231790133931,9.50149109495861
full_grid,MAR 30%,galpi,pm25,3.855580598468275,6.4856720612296055
full_grid,MAR 30%,galpi,so2,1.0581150198534943,3.0008105678785735
full_grid,MAR 30%,galpi,co,0.10044706889054802,0.20505929567929568
full_grid,MAR 30%,galpi,no2,5.505151701142433,9.62839662157991
full_grid,MAR 30%,galpi,o3,9.115728236608643,15.952705860235813
full_grid,MAR 30%,galpi,pm10,5.576920039744897,9.831539169619623
full_grid,MAR 30%,galpi,pm25,3.9267550870375434,6.734150536354556
full_grid,MAR 30%,galpi,so2,0.9560888083662996,2.4759285880964286
full_grid,MAR 30%,galpi,co,0.10069107340677463,0.20926377572375426
full_grid,MAR 30%,galpi,no2,5.508955458858515,9.72665866341588
full_grid,MAR 30%,galpi,o3,9.165713879149248,16.063943271319783
full_grid,MAR 30%,galpi,pm10,5.574301505068671,9.732344750571425
full_grid,MAR 30%,galpi,pm25,3.9378237335824315,6.699208142553057
full_grid,MAR 30%,galpi,so2,0.9522644190924451,2.5728288328658198
full_grid,MAR 30%,galpi,co,0.0997074999214437,0.2084080848954189
full_grid,MAR 30%,galpi,no2,5.496470942311681,9.664150717113431
full_grid,MAR 30%,galpi,o3,9.018374017051421,15.650516023537214
full_grid,MAR 30%,galpi,pm10,5.557613003416811,9.775191641235399
full_grid,MAR 30%,galpi,pm25,3.905144135147919,6.622341529508897
full_grid,MAR 30%,galpi,so2,0.9605547271969641,2.6384882529568903
full_grid,MAR 30%,galpi,co,0.07189930466600601,0.13726475782729503
full_grid,MAR 30%,galpi,no2,4.638195036635349,7.993359725562043
full_grid,MAR 30%,galpi,o3,9.031040836558931,15.679791961132022
full_grid,MAR 30%,galpi,pm10,5.073648838927303,8.620386857981362
full_grid,MAR 30%,galpi,pm25,3.5311428134902387,5.845989717085361
full_grid,MAR 30%,galpi,so2,0.7872479407994358,2.422426643303542
full_grid,MAR 30%,galpi,co,0.08757818694447125,0.1768786931653519
full_grid,MAR 30%,galpi,no2,5.34729501002594,9.335791638765949
full_grid,MAR 30%,galpi,o3,8.780019029921808,15.317447108283824
full_grid,MAR 30%,galpi,pm10,6.228463300532514,11.404863315261695
full_grid,MAR 30%,galpi,pm25,3.9865166691380804,6.864630186471422
full_grid,MAR 30%,galpi,so2,0.8845988051019741,2.322629661846483
full_grid,MAR 30%,galpi,co,0.10030985445439865,0.2072508591828457
full_grid,MAR 30%,galpi,no2,5.5252104834414375,9.686857359915638
full_grid,MAR 30%,galpi,o3,9.112796707123326,16.026221039756045
full_grid,MAR 30%,galpi,pm10,5.563138189797786,9.654714633928572
full_grid,MAR 30%,galpi,pm25,3.928810777460946,6.683410102640876
full_grid,MAR 30%,galpi,so2,0.9617757789018068,2.6186370678393582
full_grid,MAR 30%,galpi,co,0.09292664390433393,0.19367874087829254
full_grid,MAR 30%,galpi,no2,5.227564042315684,9.124736730691582
full_grid,MAR 30%,galpi,o3,8.841165555576792,15.324413790496715
full_grid,MAR 30%,galpi,pm10,5.476024335929033,9.470121135475006
full_grid,MAR 30%,galpi,pm25,3.82750941449054,6.3789833144249215
full_grid,MAR 30%,galpi,so2,1.0387270837807128,2.7619100509062315
full_grid,MAR 30%,galpi,co,0.08990915286103073,0.18413790564231455
full_grid,MAR 30%,galpi,no2,5.349158533854411,9.295304360873093
full_grid,MAR 30%,galpi,o3,8.816224542341418,15.397539796170227
full_grid,MAR 30%,galpi,pm10,5.697047278451838,10.203183804378714
full_grid,MAR 30%,galpi,pm25,4.35439642110123,7.550079548267089
full_grid,MAR 30%,galpi,so2,0.9199930900440944,2.6030589858347333
full_grid,MAR 30%,galpi,co,0.09932694148201206,0.20463012666375296
full_grid,MAR 30%,galpi,no2,5.463285425836615,9.535713799842508
full_grid,MAR 30%,galpi,o3,9.052058003614794,15.791507782215325
full_grid,MAR 30%,galpi,pm10,5.5059705835444,9.624355751444579
full_grid,MAR 30%,galpi,pm25,3.8918037297458437,6.63930482960253
full_grid,MAR 30%,galpi,so2,0.9529884654463051,2.6519034405714197
full_grid,MAR 30%,linear_interpolation,co,0.08051449327795202,0.1665419901724561
full_grid,MAR 30%,linear_interpolation,no2,4.719940352222645,8.06549191781244
full_grid,MAR 30%,linear_interpolation,o3,7.200319548257907,11.551035162259156
full_grid,MAR 30%,linear_interpolation,pm10,5.4945138588024145,9.77920826517497
full_grid,MAR 30%,linear_interpolation,pm25,3.595392308015539,5.987059104428324
full_grid,MAR 30%,linear_interpolation,so2,0.816590901182531,2.2481223258735357
full_grid,MAR 30%,linear_interpolation,co,0.08554852535583159,0.1815708575553628
full_grid,MAR 30%,linear_interpolation,no2,4.652362749373605,7.949450818868565
full_grid,MAR 30%,linear_interpolation,o3,7.266934765418355,11.596176855383288
full_grid,MAR 30%,linear_interpolation,pm10,4.83900964670648,8.102760994104461
full_grid,MAR 30%,linear_interpolation,pm25,3.484782959768751,5.707072490918252
full_grid,MAR 30%,linear_interpolation,so2,0.9748671467605978,2.910922944534497
full_grid,MAR 30%,linear_interpolation,co,0.09249932923184036,0.1955630714525805
full_grid,MAR 30%,linear_interpolation,no2,4.847720337714595,8.328572237105044
full_grid,MAR 30%,linear_interpolation,o3,7.454026982334315,12.001369417767693
full_grid,MAR 30%,linear_interpolation,pm10,4.897625481030515,8.269335257846068
full_grid,MAR 30%,linear_interpolation,pm25,3.54264535594157,5.818071076920112
full_grid,MAR 30%,linear_interpolation,so2,0.8724471705959703,2.431919524190889
full_grid,MAR 30%,linear_interpolation,co,0.09202824846354776,0.19220202274328527
full_grid,MAR 30%,linear_interpolation,no2,4.815524243998767,8.22762614030224
full_grid,MAR 30%,linear_interpolation,o3,7.345594063623335,11.742048546787444
full_grid,MAR 30%,linear_interpolation,pm10,4.904786242988529,8.330135410475107
full_grid,MAR 30%,linear_interpolation,pm25,3.545450122301188,5.891770045488728
full_grid,MAR 30%,linear_interpolation,so2,0.8783691026492295,2.348920715858171
full_grid,MAR 30%,linear_interpolation,co,0.08218039134367627,0.1717219198061001
full_grid,MAR 30%,linear_interpolation,no2,4.719019489215335,8.03331617049805
full_grid,MAR 30%,linear_interpolation,o3,7.215769002716456,11.59104929881469
full_grid,MAR 30%,linear_interpolation,pm10,4.994484592976107,8.688393336780994
full_grid,MAR 30%,linear_interpolation,pm25,3.925356704133249,6.593600557326493
full_grid,MAR 30%,linear_interpolation,so2,0.842020610813231,2.490381303193049
full_grid,MAR 30%,linear_interpolation,co,0.06473680538451447,0.12707966803349208
full_grid,MAR 30%,linear_interpolation,no2,4.070080848262679,6.797884197095672
full_grid,MAR 30%,linear_interpolation,o3,7.320410226594808,11.525856905948636
full_grid,MAR 30%,linear_interpolation,pm10,4.467189949966888,7.37009007144934
full_grid,MAR 30%,linear_interpolation,pm25,3.185478097507523,5.128127996640201
full_grid,MAR 30%,linear_interpolation,so2,0.7029626849554059,1.6831117156767441
full_grid,MAR 30%,linear_interpolation,co,0.08550522485142373,0.18296873368713065
full_grid,MAR 30%,linear_interpolation,no2,4.642574340911553,7.929419532510672
full_grid,MAR 30%,linear_interpolation,o3,7.223618365689355,11.495509826924408
full_grid,MAR 30%,linear_interpolation,pm10,4.813187009440119,8.0144885070176
full_grid,MAR 30%,linear_interpolation,pm25,3.453780109443979,5.647174801453092
full_grid,MAR 30%,linear_interpolation,so2,0.9646141768451953,2.9722001099284467
full_grid,MAR 30%,linear_interpolation,co,0.06481601971414191,0.12698140827334795
full_grid,MAR 30%,linear_interpolation,no2,4.055102809265086,6.762411931029726
full_grid,MAR 30%,linear_interpolation,o3,7.308426902616446,11.525838174097526
full_grid,MAR 30%,linear_interpolation,pm10,4.47868475831743,7.548531570635962
full_grid,MAR 30%,linear_interpolation,pm25,3.184624195806254,5.2168035381520435
full_grid,MAR 30%,linear_interpolation,so2,0.7140839832700654,1.7464218434277623
full_grid,MAR 30%,linear_interpolation,co,0.06469559196272759,0.12511319808577884
full_grid,MAR 30%,linear_interpolation,no2,4.099803899664874,6.884817612774243
full_grid,MAR 30%,linear_interpolation,o3,7.363122605758595,11.603839877942306
full_grid,MAR 30%,linear_interpolation,pm10,4.497190726332275,7.633469134973893
full_grid,MAR 30%,linear_interpolation,pm25,3.199682575736136,5.220403382121969
full_grid,MAR 30%,linear_interpolation,so2,0.7102713637407085,2.1291482950166225
full_grid,MAR 30%,linear_interpolation,co,0.06424437222655634,0.12651699934548677
full_grid,MAR 30%,linear_interpolation,no2,4.041373163167545,6.747571217299719
full_grid,MAR 30%,linear_interpolation,o3,7.22490931458379,11.359314219227379
full_grid,MAR 30%,linear_interpolation,pm10,4.4907267585996955,7.659590155281003
full_grid,MAR 30%,linear_interpolation,pm25,3.212760230741294,5.24608861762749
full_grid,MAR 30%,linear_interpolation,so2,0.7079592878412482,2.0864127075602967
full_grid,MAR 30%,linear_interpolation,co,0.09169583693186587,0.19495151139462868
full_grid,MAR 30%,linear_interpolation,no2,4.833666839442999,8.287252882359121
full_grid,MAR 30%,linear_interpolation,o3,7.359496459465333,11.775367749419116
full_grid,MAR 30%,linear_interpolation,pm10,4.917057027189339,8.431760432033562
full_grid,MAR 30%,linear_interpolation,pm25,3.537215919879721,5.825126459018828
full_grid,MAR 30%,linear_interpolation,so2,0.8829153312321523,2.5503045892307465
full_grid,MAR 30%,linear_interpolation,co,0.08523399522889887,0.18350159001598307
full_grid,MAR 30%,linear_interpolation,no2,4.645945201518897,7.921428123486546
full_grid,MAR 30%,linear_interpolation,o3,7.274572131552776,11.670861592387459
full_grid,MAR 30%,linear_interpolation,pm10,4.8317799397665935,8.129024124248058
full_grid,MAR 30%,linear_interpolation,pm25,3.4856101631832885,5.734508859479333
full_grid,MAR 30%,linear_interpolation,so2,0.9649434760112036,2.7647714300414803
full_grid,MAR 30%,linear_interpolation,co,0.0649703711674164,0.12795739059616743
full_grid,MAR 30%,linear_interpolation,no2,4.093885667842333,6.918544780868646
full_grid,MAR 30%,linear_interpolation,o3,7.330050522636487,11.556516913710913
full_grid,MAR 30%,linear_interpolation,pm10,4.4798071350127575,7.369369461122234
full_grid,MAR 30%,linear_interpolation,pm25,3.193327002357233,5.12325480230295
full_grid,MAR 30%,linear_interpolation,so2,0.7128490276312576,2.3248708834822307
full_grid,MAR 30%,linear_interpolation,co,0.08300894077039773,0.1741226942197489
full_grid,MAR 30%,linear_interpolation,no2,4.705591084086808,8.044231804878251
full_grid,MAR 30%,linear_interpolation,o3,7.193641356695151,11.526451568051014
full_grid,MAR 30%,linear_interpolation,pm10,5.036492363136321,8.810017308321898
full_grid,MAR 30%,linear_interpolation,pm25,3.9471379567927714,6.569055553393497
full_grid,MAR 30%,linear_interpolation,so2,0.8526710018000452,2.5545413716110366
full_grid,MAR 30%,linear_interpolation,co,0.09184441017980063,0.19442078650703237
full_grid,MAR 30%,linear_interpolation,no2,4.863901327303327,8.3493722125118
full_grid,MAR 30%,linear_interpolation,o3,7.412689753307161,12.017974882817613
full_grid,MAR 30%,linear_interpolation,pm10,4.903376684276419,8.25660591425411
full_grid,MAR 30%,linear_interpolation,pm25,3.5438217558789415,5.853684071729928
full_grid,MAR 30%,linear_interpolation,so2,0.8795971670696612,2.4870094877476108
full_grid,MAR 30%,linear_interpolation,co,0.08651954657410388,0.17915016142426185
full_grid,MAR 30%,linear_interpolation,no2,5.594149924743629,9.633938844059877
full_grid,MAR 30%,linear_interpolation,o3,7.650785620986469,12.375627006058984
full_grid,MAR 30%,linear_interpolation,pm10,4.994584789324329,8.425039256698064
full_grid,MAR 30%,linear_interpolation,pm25,3.598880927650978,5.8063980290741215
full_grid,MAR 30%,linear_interpolation,so2,0.8447358726976668,2.4312435906817496
full_grid,MAR 30%,linear_interpolation,co,0.06525573252345725,0.12865782416915109
full_grid,MAR 30%,linear_interpolation,no2,4.050587145943505,6.774020187603515
full_grid,MAR 30%,linear_interpolation,o3,7.2625933627851404,11.33404248426245
full_grid,MAR 30%,linear_interpolation,pm10,4.504968846806205,7.628896236513852
full_grid,MAR 30%,linear_interpolation,pm25,3.1856090105624615,5.139885737972801
full_grid,MAR 30%,linear_interpolation,so2,0.7198533497933172,2.1315600348874315
full_grid,MAR 30%,linear_interpolation,co,0.08558983744686974,0.1839491081099884
full_grid,MAR 30%,linear_interpolation,no2,4.595428413448681,7.771295706023925
full_grid,MAR 30%,linear_interpolation,o3,7.211435706307468,11.490622949670279
full_grid,MAR 30%,linear_interpolation,pm10,4.802900790379599,7.983992846411388
full_grid,MAR 30%,linear_interpolation,pm25,3.4805836200548037,5.6704825851649625
full_grid,MAR 30%,linear_interpolation,so2,0.9695677995722602,2.6625120193889225
full_grid,MAR 30%,linear_interpolation,co,0.0915992116346895,0.19378634629642452
full_grid,MAR 30%,linear_interpolation,no2,4.794950614480165,8.18393267754092
full_grid,MAR 30%,linear_interpolation,o3,7.361025058980382,11.81744946226053
full_grid,MAR 30%,linear_interpolation,pm10,4.858500390762025,8.252038332406997
full_grid,MAR 30%,linear_interpolation,pm25,3.524275133455829,5.88413810611074
full_grid,MAR 30%,linear_interpolation,so2,0.8748720049441964,2.5341635856976694
full_grid,MAR 30%,linear_interpolation,co,0.0856763550539057,0.18285490111868205
full_grid,MAR 30%,linear_interpolation,no2,4.6194348615187275,7.871268316924963
full_grid,MAR 30%,linear_interpolation,o3,7.2305817787044155,11.469059099828812
full_grid,MAR 30%,linear_interpolation,pm10,4.833415700366844,8.100375347280554
full_grid,MAR 30%,linear_interpolation,pm25,3.469340433317426,5.635903543909117
full_grid,MAR 30%,linear_interpolation,so2,0.9616774980188998,2.6181908029894942
full_grid,MAR 30%,nearest_interpolation,co,0.0756676206530639,0.16339576448044865
full_grid,MAR 30%,nearest_interpolation,no2,5.3868428988831765,9.269041119294753
full_grid,MAR 30%,nearest_interpolation,o3,11.267042369351195,17.040123287669665
full_grid,MAR 30%,nearest_interpolation,pm10,6.180799896112403,9.930040477456197
full_grid,MAR 30%,nearest_interpolation,pm25,4.203104047293093,6.943815635448078
full_grid,MAR 30%,nearest_interpolation,so2,0.8345947912619133,2.1254617645795624
full_grid,MAR 30%,nearest_interpolation,co,0.07568824829727433,0.16304061884210003
full_grid,MAR 30%,nearest_interpolation,no2,5.336552030727499,9.111422787285926
full_grid,MAR 30%,nearest_interpolation,o3,11.253168180554285,16.97441321044413
full_grid,MAR 30%,nearest_interpolation,pm10,6.189574039447022,10.131237425363778
full_grid,MAR 30%,nearest_interpolation,pm25,4.170492602738742,6.872018342909671
full_grid,MAR 30%,nearest_interpolation,so2,0.8495409417216812,2.2672853699813538
full_grid,MAR 30%,nearest_interpolation,co,0.10765300927022245,0.2265532128573989
full_grid,MAR 30%,nearest_interpolation,no2,6.284957738016967,10.607009792279097
full_grid,MAR 30%,nearest_interpolation,o3,11.013506578333729,17.24389465273097
full_grid,MAR 30%,nearest_interpolation,pm10,6.710950507737955,10.961619728321098
full_grid,MAR 30%,nearest_interpolation,pm25,4.569351508100127,7.541409476735238
full_grid,MAR 30%,nearest_interpolation,so2,1.034248858300018,2.943092168477811
full_grid,MAR 30%,nearest_interpolation,co,0.10001501855413907,0.21587748453233116
full_grid,MAR 30%,nearest_interpolation,no2,6.095415534440638,10.327161110412579
full_grid,MAR 30%,nearest_interpolation,o3,10.956497612623552,16.97896738063227
full_grid,MAR 30%,nearest_interpolation,pm10,6.633932812865045,10.67592198281499
full_grid,MAR 30%,nearest_interpolation,pm25,4.494181351538807,7.354312496173734
full_grid,MAR 30%,nearest_interpolation,so2,1.1423697105750872,3.2881581765722525
full_grid,MAR 30%,nearest_interpolation,co,0.07526520079818606,0.162762181480159
full_grid,MAR 30%,nearest_interpolation,no2,5.336641901000026,9.156746391853577
full_grid,MAR 30%,nearest_interpolation,o3,11.163398930705917,16.841887829827826
full_grid,MAR 30%,nearest_interpolation,pm10,6.221887945778396,10.336431450353954
full_grid,MAR 30%,nearest_interpolation,pm25,4.20408885759784,6.949388753953597
full_grid,MAR 30%,nearest_interpolation,so2,0.845281716833993,2.6637570099008006
full_grid,MAR 30%,nearest_interpolation,co,0.0964708312749559,0.20481926610209814
full_grid,MAR 30%,nearest_interpolation,no2,6.189723244743511,10.441402060431638
full_grid,MAR 30%,nearest_interpolation,o3,10.83571378890466,16.93116676972023
full_grid,MAR 30%,nearest_interpolation,pm10,6.894487126348115,11.48610776561223
full_grid,MAR 30%,nearest_interpolation,pm25,5.056557019016224,8.354916277853436
full_grid,MAR 30%,nearest_interpolation,so2,0.9948057698552724,2.878328651396899
full_grid,MAR 30%,nearest_interpolation,co,0.10720658578983448,0.2245997704261207
full_grid,MAR 30%,nearest_interpolation,no2,6.302184995683926,10.702982156602094
full_grid,MAR 30%,nearest_interpolation,o3,10.978698483854945,17.135906661872372
full_grid,MAR 30%,nearest_interpolation,pm10,6.759211110301217,11.121915276686511
full_grid,MAR 30%,nearest_interpolation,pm25,4.575552287176294,7.516864710783292
full_grid,MAR 30%,nearest_interpolation,so2,1.0377603853897057,2.9237130815778714
full_grid,MAR 30%,nearest_interpolation,co,0.10015896736665474,0.21505916540950665
full_grid,MAR 30%,nearest_interpolation,no2,6.06708098653383,10.273499301837164
full_grid,MAR 30%,nearest_interpolation,o3,10.929192653670901,16.903512436023977
full_grid,MAR 30%,nearest_interpolation,pm10,6.629138351433324,10.688859653865094
full_grid,MAR 30%,nearest_interpolation,pm25,4.503175732796933,7.36221540533073
full_grid,MAR 30%,nearest_interpolation,so2,1.1381039517871812,2.915637660789562
full_grid,MAR 30%,nearest_interpolation,co,0.09525796824909784,0.20307391710517186
full_grid,MAR 30%,nearest_interpolation,no2,6.2630280947590995,10.577983161698514
full_grid,MAR 30%,nearest_interpolation,o3,10.974850792491845,17.16266279651942
full_grid,MAR 30%,nearest_interpolation,pm10,7.442636960684913,12.457573119956471
full_grid,MAR 30%,nearest_interpolation,pm25,4.69792853517613,7.676912919688019
full_grid,MAR 30%,nearest_interpolation,so2,0.9721819259857121,2.58058322684178
full_grid,MAR 30%,nearest_interpolation,co,0.10792443240355336,0.22553424550118917
full_grid,MAR 30%,nearest_interpolation,no2,6.352667940441936,10.797104575910497
full_grid,MAR 30%,nearest_interpolation,o3,11.031892224194765,17.32376057822539
full_grid,MAR 30%,nearest_interpolation,pm10,6.752562239377601,10.98334257104533
full_grid,MAR 30%,nearest_interpolation,pm25,4.596500141073275,7.566776298349029
full_grid,MAR 30%,nearest_interpolation,so2,1.040182076221471,2.8818567091702714
full_grid,MAR 30%,nearest_interpolation,co,0.1001920106437467,0.2169787939362509
full_grid,MAR 30%,nearest_interpolation,no2,6.032094838856342,10.172290421728484
full_grid,MAR 30%,nearest_interpolation,o3,10.871859861736537,16.829232892873463
full_grid,MAR 30%,nearest_interpolation,pm10,6.600365969163304,10.681379381845902
full_grid,MAR 30%,nearest_interpolation,pm25,4.50382932178916,7.373935035423698
full_grid,MAR 30%,nearest_interpolation,so2,1.1440155777512717,2.99881159942123
full_grid,MAR 30%,nearest_interpolation,co,0.07555978587943309,0.1630448551062643
full_grid,MAR 30%,nearest_interpolation,no2,5.3710537231467566,9.285384675351503
full_grid,MAR 30%,nearest_interpolation,o3,11.29209639870028,17.072178964993487
full_grid,MAR 30%,nearest_interpolation,pm10,6.192171756018549,10.006364822156149
full_grid,MAR 30%,nearest_interpolation,pm25,4.192055498994187,6.889224157014901
full_grid,MAR 30%,nearest_interpolation,so2,0.8502506949252171,2.7260807313877944
full_grid,MAR 30%,nearest_interpolation,co,0.10140500159501055,0.21100591930554627
full_grid,MAR 30%,nearest_interpolation,no2,7.251315786463893,12.189231580360092
full_grid,MAR 30%,nearest_interpolation,o3,11.145909629651571,17.62289659964817
full_grid,MAR 30%,nearest_interpolation,pm10,6.86284192493034,11.148814720244829
full_grid,MAR 30%,nearest_interpolation,pm25,4.66893832402151,7.555705413310616
full_grid,MAR 30%,nearest_interpolation,so2,0.9925048494310045,2.770069838898191
full_grid,MAR 30%,nearest_interpolation,co,0.0975062198257819,0.20809049807859584
full_grid,MAR 30%,nearest_interpolation,no2,6.182748029215753,10.460248941191916
full_grid,MAR 30%,nearest_interpolation,o3,10.851122758991634,16.952548980443925
full_grid,MAR 30%,nearest_interpolation,pm10,6.914018463279314,11.502776355749683
full_grid,MAR 30%,nearest_interpolation,pm25,5.06330357767058,8.243293923130182
full_grid,MAR 30%,nearest_interpolation,so2,1.011239346808327,3.283833786045482
full_grid,MAR 30%,nearest_interpolation,co,0.10803481858434894,0.22562158202242255
full_grid,MAR 30%,nearest_interpolation,no2,6.327406205105284,10.720829473652564
full_grid,MAR 30%,nearest_interpolation,o3,11.096968530865663,17.373957600564378
full_grid,MAR 30%,nearest_interpolation,pm10,6.729757806900165,10.95535109131241
full_grid,MAR 30%,nearest_interpolation,pm25,4.565187244383141,7.464018632968871
full_grid,MAR 30%,nearest_interpolation,so2,1.0306260054335301,2.8409137154426833
full_grid,MAR 30%,nearest_interpolation,co,0.07566002701713809,0.161377510615928
full_grid,MAR 30%,nearest_interpolation,no2,5.3816466093001685,9.277755609623062
full_grid,MAR 30%,nearest_interpolation,o3,11.269458219083834,17.032665981298113
full_grid,MAR 30%,nearest_interpolation,pm10,6.215543834800165,10.219798272622635
full_grid,MAR 30%,nearest_interpolation,pm25,4.200968996661244,6.936481527391546
full_grid,MAR 30%,nearest_interpolation,so2,0.8456717566889469,2.446887913766707
full_grid,MAR 30%,nearest_interpolation,co,0.09997983561154355,0.21366806237024247
full_grid,MAR 30%,nearest_interpolation,no2,6.080579458547318,10.34421428776169
full_grid,MAR 30%,nearest_interpolation,o3,10.946513689103124,16.976993179124168
full_grid,MAR 30%,nearest_interpolation,pm10,6.653854815391406,10.744344162581006
full_grid,MAR 30%,nearest_interpolation,pm25,4.514004436351407,7.333189191111974
full_grid,MAR 30%,nearest_interpolation,so2,1.1522197117894752,3.2297895057029535
full_grid,MAR 30%,nearest_interpolation,co,0.1076974413692949,0.2225395805547249
full_grid,MAR 30%,nearest_interpolation,no2,6.278954775936102,10.591518308943348
full_grid,MAR 30%,nearest_interpolation,o3,10.972805177892436,17.18933150732782
full_grid,MAR 30%,nearest_interpolation,pm10,6.729155712302847,11.023040768706226
full_grid,MAR 30%,nearest_interpolation,pm25,4.569593663534111,7.474892185266842
full_grid,MAR 30%,nearest_interpolation,so2,1.0365631271617781,2.9506027822366305
full_grid,MAR 30%,nearest_interpolation,co,0.10002556439391284,0.21584299347925912
full_grid,MAR 30%,nearest_interpolation,no2,6.09779828967973,10.374333161808416
full_grid,MAR 30%,nearest_interpolation,o3,11.002774455618566,17.086914609240395
full_grid,MAR 30%,nearest_interpolation,pm10,6.646772657860242,10.788005675445424
full_grid,MAR 30%,nearest_interpolation,pm25,4.52727528371454,7.425190028253813
full_grid,MAR 30%,nearest_interpolation,so2,1.1427043673113184,3.104262922779109
full_grid,MAR 30%,nearest_interpolation,co,0.0762119696469185,0.16477979313122687
full_grid,MAR 30%,nearest_interpolation,no2,5.3507099468903006,9.191979016693342
full_grid,MAR 30%,nearest_interpolation,o3,11.229362272659941,16.95409377042929
full_grid,MAR 30%,nearest_interpolation,pm10,6.200961271453946,10.21849588799821
full_grid,MAR 30%,nearest_interpolation,pm25,4.18268975278395,6.889824384810192
full_grid,MAR 30%,nearest_interpolation,so2,0.8522748543432238,2.626049600274602
full_grid,MAR 50%,cubic_spline,co,0.18642602836217548,0.48178265846147
full_grid,MAR 50%,cubic_spline,no2,10.58543895061567,22.610291550643836
full_grid,MAR 50%,cubic_spline,o3,17.61451309624623,37.50009754768295
full_grid,MAR 50%,cubic_spline,pm10,11.400147013627159,25.06360059037388
full_grid,MAR 50%,cubic_spline,pm25,8.240236406828094,21.002681541298696
full_grid,MAR 50%,cubic_spline,so2,1.8612528443708094,4.46705718261584
full_grid,MAR 50%,cubic_spline,co,0.17876903680696207,0.36855057146495523
full_grid,MAR 50%,cubic_spline,no2,10.666362836661007,22.66944955408979
full_grid,MAR 50%,cubic_spline,o3,17.411886966824955,36.49741946720077
full_grid,MAR 50%,cubic_spline,pm10,11.255026084681935,25.368282911013985
full_grid,MAR 50%,cubic_spline,pm25,7.7312716971602535,16.763412930816372
full_grid,MAR 50%,cubic_spline,so2,1.7214509348790799,4.334017879878625
full_grid,MAR 50%,cubic_spline,co,0.16975639681607346,0.4116063775802968
full_grid,MAR 50%,cubic_spline,no2,9.950700397038025,19.94597470951682
full_grid,MAR 50%,cubic_spline,o3,15.739442836263429,31.765951700482056
full_grid,MAR 50%,cubic_spline,pm10,10.600125680551406,22.911591636137473
full_grid,MAR 50%,cubic_spline,pm25,7.905623220855244,15.588475670008263
full_grid,MAR 50%,cubic_spline,so2,1.758199165151805,4.87802444083076
full_grid,MAR 50%,cubic_spline,co,0.15034633064907885,0.36039936846527076
full_grid,MAR 50%,cubic_spline,no2,8.483563079156008,16.050564871106616
full_grid,MAR 50%,cubic_spline,o3,14.419100643034904,25.754786651489113
full_grid,MAR 50%,cubic_spline,pm10,8.809179989569806,16.7812635416477
full_grid,MAR 50%,cubic_spline,pm25,6.3758985931371805,11.780714532501218
full_grid,MAR 50%,cubic_spline,so2,1.6699767636785832,5.1893926867712485
full_grid,MAR 50%,cubic_spline,co,0.15074220815764705,0.31572570468870637
full_grid,MAR 50%,cubic_spline,no2,8.959766956585801,17.131556794050574
full_grid,MAR 50%,cubic_spline,o3,13.84178093490914,29.51003381376362
full_grid,MAR 50%,cubic_spline,pm10,10.163525750093603,24.25304470851157
full_grid,MAR 50%,cubic_spline,pm25,6.708007774007526,13.023647509673191
full_grid,MAR 50%,cubic_spline,so2,1.568648705175847,4.1558445009352765
full_grid,MAR 50%,cubic_spline,co,0.17662391590741788,0.3753762260111049
full_grid,MAR 50%,cubic_spline,no2,10.250401212265214,20.736982733506462
full_grid,MAR 50%,cubic_spline,o3,17.895396534284114,38.64513606651394
full_grid,MAR 50%,cubic_spline,pm10,11.276907421173625,24.434567591172446
full_grid,MAR 50%,cubic_spline,pm25,7.803543376152363,16.13181284829173
full_grid,MAR 50%,cubic_spline,so2,1.8370656368210403,4.295928084551087
full_grid,MAR 50%,cubic_spline,co,0.14910821475010697,0.33050232526411427
full_grid,MAR 50%,cubic_spline,no2,8.683000029408538,17.531585027114996
full_grid,MAR 50%,cubic_spline,o3,14.603604457137125,26.608141099600047
full_grid,MAR 50%,cubic_spline,pm10,8.858812722238923,17.094029176564295
full_grid,MAR 50%,cubic_spline,pm25,6.424807275349916,12.365549723997795
full_grid,MAR 50%,cubic_spline,so2,1.6366396541070343,4.5225744695768615
full_grid,MAR 50%,cubic_spline,co,0.16028960819341684,0.3392464998582905
full_grid,MAR 50%,cubic_spline,no2,10.502744952986701,19.133258306372046
full_grid,MAR 50%,cubic_spline,o3,14.612025915651621,26.598042458473465
full_grid,MAR 50%,cubic_spline,pm10,9.941591909842614,18.887011793484437
full_grid,MAR 50%,cubic_spline,pm25,7.151466368646553,13.20514785070501
full_grid,MAR 50%,cubic_spline,so2,1.6151070041271696,4.2272019060470125
full_grid,MAR 50%,cubic_spline,co,0.1775629664956703,0.41272255990486834
full_grid,MAR 50%,cubic_spline,no2,10.294678071503947,20.708013720595776
full_grid,MAR 50%,cubic_spline,o3,17.766584535209336,38.09340276078632
full_grid,MAR 50%,cubic_spline,pm10,11.371622089521114,26.139970709916753
full_grid,MAR 50%,cubic_spline,pm25,7.935454241375218,16.876586990597335
full_grid,MAR 50%,cubic_spline,so2,1.9056278385253802,4.5966887092906035
full_grid,MAR 50%,cubic_spline,co,0.1477243030562207,0.3262746032456464
full_grid,MAR 50%,cubic_spline,no2,8.438717752712867,15.584362575323501
full_grid,MAR 50%,cubic_spline,o3,14.423973616505032,25.430968009964563
full_grid,MAR 50%,cubic_spline,pm10,8.885862890825226,17.2411849898696
full_grid,MAR 50%,cubic_spline,pm25,6.356832056569752,13.222252350796376
full_grid,MAR 50%,cubic_spline,so2,1.5979521201311049,4.301651662587508
full_grid,MAR 50%,cubic_spline,co,0.17736064818843533,0.3728495204996772
full_grid,MAR 50%,cubic_spline,no2,10.312669731895797,20.98448632501217
full_grid,MAR 50%,cubic_spline,o3,16.993649055044195,35.815492202374145
full_grid,MAR 50%,cubic_spline,pm10,11.342357281676769,26.09374589559504
full_grid,MAR 50%,cubic_spline,pm25,7.600874393239278,15.707984750894935
full_grid,MAR 50%,cubic_spline,so2,1.7333209775021865,4.10184185718875
full_grid,MAR 50%,cubic_spline,co,0.17784554920188367,0.3555228957407317
full_grid,MAR 50%,cubic_spline,no2,10.620331918626007,23.11168421606491
full_grid,MAR 50%,cubic_spline,o3,17.505572647855125,38.99323576487347
full_grid,MAR 50%,cubic_spline,pm10,10.925534208913795,23.17321848863073
full_grid,MAR 50%,cubic_spline,pm25,7.61253577611266,15.76510396499315
full_grid,MAR 50%,cubic_spline,so2,1.7626116041356787,4.393810652568899
full_grid,MAR 50%,cubic_spline,co,0.1833952487429172,0.44445026260727216
full_grid,MAR 50%,cubic_spline,no2,10.627315204895174,21.77490959334713
full_grid,MAR 50%,cubic_spline,o3,17.632896070294798,37.92639317592103
full_grid,MAR 50%,cubic_spline,pm10,11.469557666248633,28.450243716622985
full_grid,MAR 50%,cubic_spline,pm25,7.8526760256024835,17.519063483980712
full_grid,MAR 50%,cubic_spline,so2,1.7486676083838986,4.374949609530617
full_grid,MAR 50%,cubic_spline,co,0.17867653954444462,0.41585778820443675
full_grid,MAR 50%,cubic_spline,no2,10.252151255564842,19.944742858901574
full_grid,MAR 50%,cubic_spline,o3,18.12213651197857,41.73239547436041
full_grid,MAR 50%,cubic_spline,pm10,11.468627218311779,25.60003060434393
full_grid,MAR 50%,cubic_spline,pm25,7.9814426831804015,19.07621310551935
full_grid,MAR 50%,cubic_spline,so2,1.88881289049217,5.447424260514206
full_grid,MAR 50%,cubic_spline,co,0.15050448341937783,0.33586748603756933
full_grid,MAR 50%,cubic_spline,no2,8.583384835216416,16.634697595321597
full_grid,MAR 50%,cubic_spline,o3,14.38443427737374,25.406878938020586
full_grid,MAR 50%,cubic_spline,pm10,8.917647798377363,18.809311866599824
full_grid,MAR 50%,cubic_spline,pm25,6.366826460863512,11.977675044093218
full_grid,MAR 50%,cubic_spline,so2,1.6333846567106434,5.476999239961161
full_grid,MAR 50%,cubic_spline,co,0.15164465205602598,0.34538014034651404
full_grid,MAR 50%,cubic_spline,no2,8.598740321168554,16.272895407947175
full_grid,MAR 50%,cubic_spline,o3,14.507723750297037,25.78408175738282
full_grid,MAR 50%,cubic_spline,pm10,8.785338801526951,16.689778404773957
full_grid,MAR 50%,cubic_spline,pm25,6.3843469203871015,12.29011756415906
full_grid,MAR 50%,cubic_spline,so2,1.6400700402273236,4.5786999750369155
full_grid,MAR 50%,cubic_spline,co,0.17501909771014437,0.4580915258332304
full_grid,MAR 50%,cubic_spline,no2,10.253684026281201,21.350792678348085
full_grid,MAR 50%,cubic_spline,o3,16.229772587551558,34.13115885111164
full_grid,MAR 50%,cubic_spline,pm10,10.900930565095885,23.187170673335807
full_grid,MAR 50%,cubic_spline,pm25,8.000386348567245,16.45780456123134
full_grid,MAR 50%,cubic_spline,so2,1.841626397628447,5.204100108569742
full_grid,MAR 50%,cubic_spline,co,0.1789062224197465,0.41085185841944494
full_grid,MAR 50%,cubic_spline,no2,10.723799871471064,23.42315248646352
full_grid,MAR 50%,cubic_spline,o3,18.004460349635075,39.368626851149074
full_grid,MAR 50%,cubic_spline,pm10,11.64090533069864,28.698369729603613
full_grid,MAR 50%,cubic_spline,pm25,7.971489759477775,17.295429501394057
full_grid,MAR 50%,cubic_spline,so2,1.885150421796233,4.547368774560755
full_grid,MAR 50%,cubic_spline,co,0.14968970434313747,0.3366337187273536
full_grid,MAR 50%,cubic_spline,no2,8.380567848461306,15.376563730565294
full_grid,MAR 50%,cubic_spline,o3,14.289169601280639,25.36830306479902
full_grid,MAR 50%,cubic_spline,pm10,8.855272636520862,17.05793662670295
full_grid,MAR 50%,cubic_spline,pm25,6.418292369948248,13.595493495815708
full_grid,MAR 50%,cubic_spline,so2,1.6199770262307127,4.248771237818409
full_grid,MAR 50%,cubic_spline,co,0.1801657092278802,0.3703846412080817
full_grid,MAR 50%,cubic_spline,no2,10.465583620290555,20.53676227094508
full_grid,MAR 50%,cubic_spline,o3,17.54982072871814,36.699705165191325
full_grid,MAR 50%,cubic_spline,pm10,11.220077116465218,25.614805604179313
full_grid,MAR 50%,cubic_spline,pm25,7.744507066727091,17.583977946081372
full_grid,MAR 50%,cubic_spline,so2,1.7312349148017332,4.16812447052435
full_grid,MAR 50%,galpi,co,0.1424993030097359,0.2715064457547832
full_grid,MAR 50%,galpi,no2,9.071828813068736,15.088881755906012
full_grid,MAR 50%,galpi,o3,18.87638826031622,30.510253963067825
full_grid,MAR 50%,galpi,pm10,10.136143986155055,17.089001095615046
full_grid,MAR 50%,galpi,pm25,6.675924990727932,11.366029904204504
full_grid,MAR 50%,galpi,so2,1.6808265660305501,4.062403429056438
full_grid,MAR 50%,galpi,co,0.12079963148742898,0.2045105744960243
full_grid,MAR 50%,galpi,no2,8.926453482048544,14.417498308353311
full_grid,MAR 50%,galpi,o3,20.254910946356105,33.30849326386111
full_grid,MAR 50%,galpi,pm10,9.057457740732,15.03609158612281
full_grid,MAR 50%,galpi,pm25,5.973006294306348,9.981610463611439
full_grid,MAR 50%,galpi,so2,1.25842909731411,2.7372266242902286
full_grid,MAR 50%,galpi,co,0.12051266311268385,0.20381014014624993
full_grid,MAR 50%,galpi,no2,8.925211268924576,14.449892072941154
full_grid,MAR 50%,galpi,o3,20.305199823192325,33.40600671333111
full_grid,MAR 50%,galpi,pm10,9.0760989682668,15.232110989320143
full_grid,MAR 50%,galpi,pm25,5.98487457137583,10.034685449300008
full_grid,MAR 50%,galpi,so2,1.2588599501145405,2.900935930585333
full_grid,MAR 50%,galpi,co,0.16215680022761042,0.3088461940616211
full_grid,MAR 50%,galpi,no2,9.491354913787546,15.829325500849563
full_grid,MAR 50%,galpi,o3,19.25067499067977,30.939647133976976
full_grid,MAR 50%,galpi,pm10,10.111481354743308,17.22136358021247
full_grid,MAR 50%,galpi,pm25,6.65967454288098,11.284419293820767
full_grid,MAR 50%,galpi,so2,1.4747295066770114,3.4690429248548065
full_grid,MAR 50%,galpi,co,0.1430047061180067,0.2732764084107659
full_grid,MAR 50%,galpi,no2,9.107590576447492,15.714304145207693
full_grid,MAR 50%,galpi,o3,18.91120149752736,30.844219463046173
full_grid,MAR 50%,galpi,pm10,10.208196602739767,17.2414702832555
full_grid,MAR 50%,galpi,pm25,6.687860860158705,11.369559029649826
full_grid,MAR 50%,galpi,so2,1.679899950839963,4.062257225311232
full_grid,MAR 50%,galpi,co,0.12071788668574707,0.20390243282164727
full_grid,MAR 50%,galpi,no2,8.933397446748451,14.426934463561285
full_grid,MAR 50%,galpi,o3,20.27501563882102,33.325624221456806
full_grid,MAR 50%,galpi,pm10,9.17704005974986,15.785389305064669
full_grid,MAR 50%,galpi,pm25,6.028496938932227,10.187004103156603
full_grid,MAR 50%,galpi,so2,1.2558348071562584,2.7604568007289285
full_grid,MAR 50%,galpi,co,0.14230713335739537,0.27289527981100253
full_grid,MAR 50%,galpi,no2,9.084874587196994,15.396494678014323
full_grid,MAR 50%,galpi,o3,18.788348670214607,30.648194304926722
full_grid,MAR 50%,galpi,pm10,10.157871729949195,17.08046143968057
full_grid,MAR 50%,galpi,pm25,6.675858449143268,11.28808199134867
full_grid,MAR 50%,galpi,so2,1.6744312924746794,4.033278388332
full_grid,MAR 50%,galpi,co,0.13657197664872456,0.25483789791427425
full_grid,MAR 50%,galpi,no2,9.136633272740388,15.274849795534717
full_grid,MAR 50%,galpi,o3,18.423788494565265,29.92648979238298
full_grid,MAR 50%,galpi,pm10,10.63567983023014,18.702511782722816
full_grid,MAR 50%,galpi,pm25,8.289750459207161,14.61759805234451
full_grid,MAR 50%,galpi,so2,1.3974071837363908,3.259801131353468
full_grid,MAR 50%,galpi,co,0.1427651327407015,0.27332403897508606
full_grid,MAR 50%,galpi,no2,9.146437491369813,15.934178393748617
full_grid,MAR 50%,galpi,o3,18.840102252976486,30.888313827340923
full_grid,MAR 50%,galpi,pm10,10.159933751700866,17.23369934441893
full_grid,MAR 50%,galpi,pm25,6.648581902378961,11.267983048203911
full_grid,MAR 50%,galpi,so2,1.6719059221821022,4.0479808078554615
full_grid,MAR 50%,galpi,co,0.14436384841025596,0.2720240371610407
full_grid,MAR 50%,galpi,no2,11.987298299519138,21.121115725541596
full_grid,MAR 50%,galpi,o3,19.96424224435802,32.166338447015704
full_grid,MAR 50%,galpi,pm10,10.316150187607423,17.787308487694624
full_grid,MAR 50%,galpi,pm25,6.921751013733845,12.322043334451145
full_grid,MAR 50%,galpi,so2,1.4092874514767888,3.26157831179209
full_grid,MAR 50%,galpi,co,0.13668378179965063,0.25535045843520404
full_grid,MAR 50%,galpi,no2,9.14888290530425,15.300116750974809
full_grid,MAR 50%,galpi,o3,18.447014582305037,30.05787943225086
full_grid,MAR 50%,galpi,pm10,10.641047096719742,18.526127423760013
full_grid,MAR 50%,galpi,pm25,8.331879076856069,14.616321059479684
full_grid,MAR 50%,galpi,so2,1.4025884971315383,3.370588420996616
full_grid,MAR 50%,galpi,co,0.16273918606886764,0.3109829227801931
full_grid,MAR 50%,galpi,no2,9.48388792940312,15.846022334733705
full_grid,MAR 50%,galpi,o3,19.213481642233813,30.98105334748089
full_grid,MAR 50%,galpi,pm10,10.183732341464301,17.68938595620137
full_grid,MAR 50%,galpi,pm25,6.737416344612912,11.572086140943107
full_grid,MAR 50%,galpi,so2,1.4641241139095054,3.4818722407620974
full_grid,MAR 50%,galpi,co,0.1200075671259854,0.2030905119086725
full_grid,MAR 50%,galpi,no2,8.895602972695542,14.335952109820576
full_grid,MAR 50%,galpi,o3,20.266706152700678,33.321111642870854
full_grid,MAR 50%,galpi,pm10,9.055320949573932,15.352465378436149
full_grid,MAR 50%,galpi,pm25,5.958715599117037,9.9297863500046
full_grid,MAR 50%,galpi,so2,1.253850377475956,2.639781148798434
full_grid,MAR 50%,galpi,co,0.12088932799658272,0.20365606225968844
full_grid,MAR 50%,galpi,no2,8.934824675087905,14.41105536780251
full_grid,MAR 50%,galpi,o3,20.377867991146058,33.55192919488684
full_grid,MAR 50%,galpi,pm10,9.061602117501886,15.28833534445784
full_grid,MAR 50%,galpi,pm25,5.957127420493949,10.006736322411948
full_grid,MAR 50%,galpi,so2,1.2571000483944976,2.880356146770011
full_grid,MAR 50%,galpi,co,0.14298563623056756,0.2744969552919253
full_grid,MAR 50%,galpi,no2,9.112747436404895,15.877561929360441
full_grid,MAR 50%,galpi,o3,18.911647419529938,31.025366555086933
full_grid,MAR 50%,galpi,pm10,10.148284639416064,17.149872721065975
full_grid,MAR 50%,galpi,pm25,6.661231724152868,11.370273368578282
full_grid,MAR 50%,galpi,so2,1.6802965027166474,4.044664230819979
full_grid,MAR 50%,galpi,co,0.13085829462099402,0.2429726272300568
full_grid,MAR 50%,galpi,no2,9.078449052070626,15.31393670699358
full_grid,MAR 50%,galpi,o3,18.14659484827428,29.773578063258267
full_grid,MAR 50%,galpi,pm10,11.858005810654284,21.11775543834592
full_grid,MAR 50%,galpi,pm25,6.731510593307986,11.831451170806618
full_grid,MAR 50%,galpi,so2,1.3282879934865066,3.1483800800186903
full_grid,MAR 50%,galpi,co,0.1621751241676059,0.30677362079998693
full_grid,MAR 50%,galpi,no2,9.518453361198514,15.93422081055137
full_grid,MAR 50%,galpi,o3,19.27568452984324,31.104130864347766
full_grid,MAR 50%,galpi,pm10,10.138117621082053,17.363757031777
full_grid,MAR 50%,galpi,pm25,6.672661377048831,11.249625967802853
full_grid,MAR 50%,galpi,so2,1.459695163521706,3.3973797548086204
full_grid,MAR 50%,galpi,co,0.16170519817512297,0.30955503711773397
full_grid,MAR 50%,galpi,no2,9.551209259436986,16.398609677889446
full_grid,MAR 50%,galpi,o3,19.337572491512834,31.660898541279003
full_grid,MAR 50%,galpi,pm10,10.2437228712162,18.408430987757182
full_grid,MAR 50%,galpi,pm25,6.7751556939951705,12.612687268233627
full_grid,MAR 50%,galpi,so2,1.4594471965848037,3.4209921171024376
full_grid,MAR 50%,galpi,co,0.12164653919527126,0.2070935647511836
full_grid,MAR 50%,galpi,no2,8.903842873899338,14.38417398387536
full_grid,MAR 50%,galpi,o3,20.193532103945493,33.23021733821703
full_grid,MAR 50%,galpi,pm10,9.041686847556182,15.21445483420336
full_grid,MAR 50%,galpi,pm25,5.97118701607381,9.965418973666132
full_grid,MAR 50%,galpi,so2,1.2615819594169626,2.8106986422230644
full_grid,MAR 50%,galpi,co,0.1632821554814352,0.3081251022381862
full_grid,MAR 50%,galpi,no2,9.567171720713205,15.997116394505666
full_grid,MAR 50%,galpi,o3,19.38832358160508,31.238540015687622
full_grid,MAR 50%,galpi,pm10,10.254733929192948,17.70104611739541
full_grid,MAR 50%,galpi,pm25,6.713276223241651,11.50789047047829
full_grid,MAR 50%,galpi,so2,1.4654309592109247,3.4247892557552593
full_grid,MAR 50%,linear_interpolation,co,0.12430582172287047,0.2509675486846954
full_grid,MAR 50%,linear_interpolation,no2,7.486213631536411,12.818802505456675
full_grid,MAR 50%,linear_interpolation,o3,14.538459913681926,24.43730475382783
full_grid,MAR 50%,linear_interpolation,pm10,8.17157961348942,14.058324363294789
full_grid,MAR 50%,linear_interpolation,pm25,5.466162166304764,9.43058223041516
full_grid,MAR 50%,linear_interpolation,so2,1.4754626850680859,3.794930599445789
full_grid,MAR 50%,linear_interpolation,co,0.14293055790306133,0.28345279288191516
full_grid,MAR 50%,linear_interpolation,no2,7.853028438412876,13.663971641557584
full_grid,MAR 50%,linear_interpolation,o3,14.787548558922287,24.919708008188028
full_grid,MAR 50%,linear_interpolation,pm10,8.17572432472824,14.084595586880898
full_grid,MAR 50%,linear_interpolation,pm25,5.501307043381921,9.490022567279059
full_grid,MAR 50%,linear_interpolation,so2,1.281577493600088,3.239150131364323
full_grid,MAR 50%,linear_interpolation,co,0.1255313679831879,0.2533015429141759
full_grid,MAR 50%,linear_interpolation,no2,7.473908868330738,12.850656463674461
full_grid,MAR 50%,linear_interpolation,o3,14.369744371566531,24.083331897234643
full_grid,MAR 50%,linear_interpolation,pm10,8.197688922470984,14.01895557914664
full_grid,MAR 50%,linear_interpolation,pm25,5.496805963540818,9.4669771609572
full_grid,MAR 50%,linear_interpolation,so2,1.4690842972282503,3.7819918714831187
full_grid,MAR 50%,linear_interpolation,co,0.12560341148222934,0.25305332024324395
full_grid,MAR 50%,linear_interpolation,no2,7.463961656180206,12.81419279898374
full_grid,MAR 50%,linear_interpolation,o3,14.397419661765198,24.260859997044886
full_grid,MAR 50%,linear_interpolation,pm10,8.235562987633859,14.194316939360073
full_grid,MAR 50%,linear_interpolation,pm25,5.528556464824898,9.563673382746362
full_grid,MAR 50%,linear_interpolation,so2,1.4740842908662293,3.7696700939049363
full_grid,MAR 50%,linear_interpolation,co,0.09837300786682181,0.1823188869790649
full_grid,MAR 50%,linear_interpolation,no2,6.9813622769612635,11.4369017260881
full_grid,MAR 50%,linear_interpolation,o3,14.719152243770736,24.514738668509
full_grid,MAR 50%,linear_interpolation,pm10,7.092113532372105,12.158912511902805
full_grid,MAR 50%,linear_interpolation,pm25,4.764253669129357,8.029119184428712
full_grid,MAR 50%,linear_interpolation,so2,1.032685406386722,2.3795941808989145
full_grid,MAR 50%,linear_interpolation,co,0.09906978149975303,0.18291150479282436
full_grid,MAR 50%,linear_interpolation,no2,7.037236401128446,11.520829155007348
full_grid,MAR 50%,linear_interpolation,o3,14.86272129166639,24.860623571369068
full_grid,MAR 50%,linear_interpolation,pm10,7.0680596873137596,11.93414774187589
full_grid,MAR 50%,linear_interpolation,pm25,4.7722066671493195,8.132679196388658
full_grid,MAR 50%,linear_interpolation,so2,1.0560370803085775,2.7492423989986166
full_grid,MAR 50%,linear_interpolation,co,0.11860796106920096,0.23589366793980332
full_grid,MAR 50%,linear_interpolation,no2,7.486932850318328,12.968291802043442
full_grid,MAR 50%,linear_interpolation,o3,13.834540296789626,23.424841760625025
full_grid,MAR 50%,linear_interpolation,pm10,8.51036610497011,15.52643577553383
full_grid,MAR 50%,linear_interpolation,pm25,6.672844071666297,11.807413079218323
full_grid,MAR 50%,linear_interpolation,so2,1.2164755829190372,3.0645596232936967
full_grid,MAR 50%,linear_interpolation,co,0.1250999279476358,0.25351273277348085
full_grid,MAR 50%,linear_interpolation,no2,7.4528395548274915,12.789978505728065
full_grid,MAR 50%,linear_interpolation,o3,14.41045991486598,24.331285269290596
full_grid,MAR 50%,linear_interpolation,pm10,8.159028518980023,14.085294983185593
full_grid,MAR 50%,linear_interpolation,pm25,5.513049716044979,9.548720424372048
full_grid,MAR 50%,linear_interpolation,so2,1.474523122011213,3.7892242905525344
full_grid,MAR 50%,linear_interpolation,co,0.14254262883101837,0.2824965917727416
full_grid,MAR 50%,linear_interpolation,no2,7.837047952955029,13.51456113665023
full_grid,MAR 50%,linear_interpolation,o3,14.714933659287754,24.78935776309402
full_grid,MAR 50%,linear_interpolation,pm10,8.173327524783687,14.179073647141907
full_grid,MAR 50%,linear_interpolation,pm25,5.508848605639592,9.566954139895012
full_grid,MAR 50%,linear_interpolation,so2,1.265720887198075,3.1724874708907156
full_grid,MAR 50%,linear_interpolation,co,0.09889308458285218,0.18240757048740272
full_grid,MAR 50%,linear_interpolation,no2,6.976759048221432,11.431742653821068
full_grid,MAR 50%,linear_interpolation,o3,14.69101245307852,24.568594327462563
full_grid,MAR 50%,linear_interpolation,pm10,7.109611363711176,12.265001136885896
full_grid,MAR 50%,linear_interpolation,pm25,4.781547064190655,8.077328482973654
full_grid,MAR 50%,linear_interpolation,so2,1.0359455834949818,2.509226258430398
full_grid,MAR 50%,linear_interpolation,co,0.09876486766615239,0.18339349215365064
full_grid,MAR 50%,linear_interpolation,no2,6.968712269921826,11.430223869230645
full_grid,MAR 50%,linear_interpolation,o3,14.682711253205369,24.519482462608284
full_grid,MAR 50%,linear_interpolation,pm10,7.105882595369616,12.160911825137132
full_grid,MAR 50%,linear_interpolation,pm25,4.758251969388993,7.973645316758793
full_grid,MAR 50%,linear_interpolation,so2,1.0438498379699,2.5862642822064457
full_grid,MAR 50%,linear_interpolation,co,0.09910511176694468,0.18400245899573048
full_grid,MAR 50%,linear_interpolation,no2,6.9848432570462915,11.463672114071972
full_grid,MAR 50%,linear_interpolation,o3,14.76663990868591,24.73951159832059
full_grid,MAR 50%,linear_interpolation,pm10,7.079079879164625,11.957296372905473
full_grid,MAR 50%,linear_interpolation,pm25,4.74640637690133,7.920515287754497
full_grid,MAR 50%,linear_interpolation,so2,1.0561281745501343,2.561058589854383
full_grid,MAR 50%,linear_interpolation,co,0.12594543954759246,0.25394572063480997
full_grid,MAR 50%,linear_interpolation,no2,7.4863793899923206,12.798539057411935
full_grid,MAR 50%,linear_interpolation,o3,14.483051194691443,24.285982005340763
full_grid,MAR 50%,linear_interpolation,pm10,8.194835867088042,14.135745925077831
full_grid,MAR 50%,linear_interpolation,pm25,5.478965544231211,9.459788964080813
full_grid,MAR 50%,linear_interpolation,so2,1.4738083468521257,3.7548856566428217
full_grid,MAR 50%,linear_interpolation,co,0.11172637261291522,0.21911555783780579
full_grid,MAR 50%,linear_interpolation,no2,7.239833011222528,12.61826125168228
full_grid,MAR 50%,linear_interpolation,o3,13.189318227756486,22.608931492021156
full_grid,MAR 50%,linear_interpolation,pm10,9.583738020792214,17.503899173793446
full_grid,MAR 50%,linear_interpolation,pm25,5.388646610820167,9.482345288582803
full_grid,MAR 50%,linear_interpolation,so2,1.1228786609253623,2.876205860104006
full_grid,MAR 50%,linear_interpolation,co,0.14277903370027983,0.28373621199038795
full_grid,MAR 50%,linear_interpolation,no2,7.914331845010711,13.759394266486837
full_grid,MAR 50%,linear_interpolation,o3,14.823283977272034,24.93070683009946
full_grid,MAR 50%,linear_interpolation,pm10,8.240245927916682,14.390132939148218
full_grid,MAR 50%,linear_interpolation,pm25,5.528022772595338,9.578580783561035
full_grid,MAR 50%,linear_interpolation,so2,1.2663877511877144,3.182701549031303
full_grid,MAR 50%,linear_interpolation,co,0.14296780291417727,0.28360475683141867
full_grid,MAR 50%,linear_interpolation,no2,7.901194134247141,13.749250432795296
full_grid,MAR 50%,linear_interpolation,o3,14.836766559192766,24.957591566383375
full_grid,MAR 50%,linear_interpolation,pm10,8.172974678580664,14.06416196547285
full_grid,MAR 50%,linear_interpolation,pm25,5.529986416745738,9.569677475407563
full_grid,MAR 50%,linear_interpolation,so2,1.2707399474597618,3.174738035046342
full_grid,MAR 50%,linear_interpolation,co,0.12450060538130597,0.24640064023987873
full_grid,MAR 50%,linear_interpolation,no2,9.715318601415063,16.879624494307382
full_grid,MAR 50%,linear_interpolation,o3,14.701166447705551,23.674290022788806
full_grid,MAR 50%,linear_interpolation,pm10,8.151004547281463,14.139393587512648
full_grid,MAR 50%,linear_interpolation,pm25,5.547262747797933,9.623708683917096
full_grid,MAR 50%,linear_interpolation,so2,1.1988499869367317,3.014959375887457
full_grid,MAR 50%,linear_interpolation,co,0.09866098747035276,0.18301290440039597
full_grid,MAR 50%,linear_interpolation,no2,6.978823496191272,11.471728162417751
full_grid,MAR 50%,linear_interpolation,o3,14.773036653154296,24.76260285120004
full_grid,MAR 50%,linear_interpolation,pm10,7.070445371682489,11.994897918804407
full_grid,MAR 50%,linear_interpolation,pm25,4.767414354334349,8.040880360627295
full_grid,MAR 50%,linear_interpolation,so2,1.051891690127577,2.732818178309269
full_grid,MAR 50%,linear_interpolation,co,0.11871767680283253,0.2352230960010639
full_grid,MAR 50%,linear_interpolation,no2,7.472804625866855,12.980807805583266
full_grid,MAR 50%,linear_interpolation,o3,13.891558825109078,23.643283631856434
full_grid,MAR 50%,linear_interpolation,pm10,8.466816987009102,15.197036116682522
full_grid,MAR 50%,linear_interpolation,pm25,6.693970347503819,11.717146416437664
full_grid,MAR 50%,linear_interpolation,so2,1.22691849401263,3.1993220407123655
full_grid,MAR 50%,linear_interpolation,co,0.14359767354533165,0.2848990668937364
full_grid,MAR 50%,linear_interpolation,no2,7.883163187142433,13.625595519889135
full_grid,MAR 50%,linear_interpolation,o3,14.774315825786477,24.81924584099944
full_grid,MAR 50%,linear_interpolation,pm10,8.267387148153412,14.395945841940534
full_grid,MAR 50%,linear_interpolation,pm25,5.543197667095953,9.604590875968906
full_grid,MAR 50%,linear_interpolation,so2,1.2725060871872613,3.1844921726935613
full_grid,MAR 50%,nearest_interpolation,co,0.13403052754449657,0.27022228249218044
full_grid,MAR 50%,nearest_interpolation,no2,8.624662105203972,14.743971869730034
full_grid,MAR 50%,nearest_interpolation,o3,17.301018030960183,28.215996345888687
full_grid,MAR 50%,nearest_interpolation,pm10,9.754669449219573,16.626357993419745
full_grid,MAR 50%,nearest_interpolation,pm25,6.461196958813818,11.201741021146661
full_grid,MAR 50%,nearest_interpolation,so2,1.5604156769754964,3.909457654715298
full_grid,MAR 50%,nearest_interpolation,co,0.10856417840014443,0.22013293993821853
full_grid,MAR 50%,nearest_interpolation,no2,8.074583783381346,13.700541267982588
full_grid,MAR 50%,nearest_interpolation,o3,17.988120277478632,28.5124457213439
full_grid,MAR 50%,nearest_interpolation,pm10,8.555930412546411,14.430166795186581
full_grid,MAR 50%,nearest_interpolation,pm25,5.657231611994599,9.56591537669379
full_grid,MAR 50%,nearest_interpolation,so2,1.1659250806168022,3.0774801832088294
full_grid,MAR 50%,nearest_interpolation,co,0.15074126147440384,0.29540122293359
full_grid,MAR 50%,nearest_interpolation,no2,9.087540889987308,15.685770929201258
full_grid,MAR 50%,nearest_interpolation,o3,17.56030486068606,28.929367604085748
full_grid,MAR 50%,nearest_interpolation,pm10,9.737180065895352,16.439729762487012
full_grid,MAR 50%,nearest_interpolation,pm25,6.445950097182138,11.070310150577447
full_grid,MAR 50%,nearest_interpolation,so2,1.3643578061802812,3.399555106065264
full_grid,MAR 50%,nearest_interpolation,co,0.13504866761583653,0.2660908377562271
full_grid,MAR 50%,nearest_interpolation,no2,10.695859500547597,18.274874968114723
full_grid,MAR 50%,nearest_interpolation,o3,17.09317365739531,27.632090168137115
full_grid,MAR 50%,nearest_interpolation,pm10,9.719834813218235,16.52712867123288
full_grid,MAR 50%,nearest_interpolation,pm25,6.516113533587314,11.207624639360109
full_grid,MAR 50%,nearest_interpolation,so2,1.2980966111389256,3.308020164199031
full_grid,MAR 50%,nearest_interpolation,co,0.12900142246708837,0.25818194088113033
full_grid,MAR 50%,nearest_interpolation,no2,8.750863431965382,15.072978824137401
full_grid,MAR 50%,nearest_interpolation,o3,16.65750245609328,27.59812483089169
full_grid,MAR 50%,nearest_interpolation,pm10,10.050855391758857,17.587372114839873
full_grid,MAR 50%,nearest_interpolation,pm25,7.539340685596907,13.080018374646553
full_grid,MAR 50%,nearest_interpolation,so2,1.3256700795850367,3.4701470859752432
full_grid,MAR 50%,nearest_interpolation,co,0.10842420337672028,0.218992236748474
full_grid,MAR 50%,nearest_interpolation,no2,8.066433501537192,13.665138824046918
full_grid,MAR 50%,nearest_interpolation,o3,17.88712259160532,28.290913261088455
full_grid,MAR 50%,nearest_interpolation,pm10,8.607612636574594,14.850820394850654
full_grid,MAR 50%,nearest_interpolation,pm25,5.686485118024226,9.780130406718595
full_grid,MAR 50%,nearest_interpolation,so2,1.152215576669219,3.01920192889887
full_grid,MAR 50%,nearest_interpolation,co,0.10841368261587452,0.21964857197061238
full_grid,MAR 50%,nearest_interpolation,no2,8.061377732747573,13.677520651729804
full_grid,MAR 50%,nearest_interpolation,o3,17.944985567944332,28.372519520822273
full_grid,MAR 50%,nearest_interpolation,pm10,8.601818697896764,14.756865275266208
full_grid,MAR 50%,nearest_interpolation,pm25,5.6834770000629,9.686980620936142
full_grid,MAR 50%,nearest_interpolation,so2,1.159134358965287,3.071686699933314
full_grid,MAR 50%,nearest_interpolation,co,0.1348627654257581,0.27138533677710475
full_grid,MAR 50%,nearest_interpolation,no2,8.664173080996544,14.878349738074686
full_grid,MAR 50%,nearest_interpolation,o3,17.27353971607007,28.086129287237988
full_grid,MAR 50%,nearest_interpolation,pm10,9.784714114573905,16.58139999330887
full_grid,MAR 50%,nearest_interpolation,pm25,6.44033694686391,11.112124046056612
full_grid,MAR 50%,nearest_interpolation,so2,1.5590205646477868,3.9060250246526325
full_grid,MAR 50%,nearest_interpolation,co,0.15071064807248627,0.29561566596540406
full_grid,MAR 50%,nearest_interpolation,no2,9.02921024346659,15.500653026280242
full_grid,MAR 50%,nearest_interpolation,o3,17.447317521846553,28.767709729573692
full_grid,MAR 50%,nearest_interpolation,pm10,9.727831091333528,16.578100964479063
full_grid,MAR 50%,nearest_interpolation,pm25,6.418224128348505,11.008847195396381
full_grid,MAR 50%,nearest_interpolation,so2,1.3579402350014684,3.40806273745725
full_grid,MAR 50%,nearest_interpolation,co,0.15069950363090912,0.29580756629372773
full_grid,MAR 50%,nearest_interpolation,no2,9.100948787155188,15.68998398158965
full_grid,MAR 50%,nearest_interpolation,o3,17.56424479406603,28.898755551401063
full_grid,MAR 50%,nearest_interpolation,pm10,9.794013277678893,16.80445005959321
full_grid,MAR 50%,nearest_interpolation,pm25,6.445524062527681,11.092690660857707
full_grid,MAR 50%,nearest_interpolation,so2,1.354836324918315,3.3952648065267645
full_grid,MAR 50%,nearest_interpolation,co,0.10846993221602952,0.21964459634579403
full_grid,MAR 50%,nearest_interpolation,no2,8.130928753858232,13.74870421757807
full_grid,MAR 50%,nearest_interpolation,o3,18.08420519487401,28.61020616016216
full_grid,MAR 50%,nearest_interpolation,pm10,8.58838088220033,14.472552473666777
full_grid,MAR 50%,nearest_interpolation,pm25,5.688834625732004,9.87092391747124
full_grid,MAR 50%,nearest_interpolation,so2,1.1715114356503649,3.180728440625117
full_grid,MAR 50%,nearest_interpolation,co,0.10859345512468417,0.22053610979780464
full_grid,MAR 50%,nearest_interpolation,no2,8.070919921246528,13.698774779189206
full_grid,MAR 50%,nearest_interpolation,o3,18.011522751965604,28.510090101680156
full_grid,MAR 50%,nearest_interpolation,pm10,8.562758184946876,14.517211780966754
full_grid,MAR 50%,nearest_interpolation,pm25,5.6724862778401155,9.741997286075966
full_grid,MAR 50%,nearest_interpolation,so2,1.1696083617881077,3.182153152654755
full_grid,MAR 50%,nearest_interpolation,co,0.15141652911806663,0.29615782023868775
full_grid,MAR 50%,nearest_interpolation,no2,9.045096342040782,15.608079717795484
full_grid,MAR 50%,nearest_interpolation,o3,17.56195836707225,28.87803119997966
full_grid,MAR 50%,nearest_interpolation,pm10,9.750976353436268,16.504049388208237
full_grid,MAR 50%,nearest_interpolation,pm25,6.42801837761601,10.994702005027058
full_grid,MAR 50%,nearest_interpolation,so2,1.3731428397709156,3.4854395463210524
full_grid,MAR 50%,nearest_interpolation,co,0.13486107548668883,0.27030790374620056
full_grid,MAR 50%,nearest_interpolation,no2,8.632488342731511,14.835065663784876
full_grid,MAR 50%,nearest_interpolation,o3,17.26806732683714,28.109709189522107
full_grid,MAR 50%,nearest_interpolation,pm10,9.806286240269376,16.666432666268534
full_grid,MAR 50%,nearest_interpolation,pm25,6.4476287746245005,11.215933118797638
full_grid,MAR 50%,nearest_interpolation,so2,1.566104213382209,3.9066942693725437
full_grid,MAR 50%,nearest_interpolation,co,0.10818603535438723,0.2200659967902863
full_grid,MAR 50%,nearest_interpolation,no2,8.072912582878638,13.676717955831565
full_grid,MAR 50%,nearest_interpolation,o3,17.888379474865946,28.221766023155645
full_grid,MAR 50%,nearest_interpolation,pm10,8.599305836160875,14.736739255424327
full_grid,MAR 50%,nearest_interpolation,pm25,5.6922977626827445,9.817392496040679
full_grid,MAR 50%,nearest_interpolation,so2,1.1466645792541572,2.9631221596725403
full_grid,MAR 50%,nearest_interpolation,co,0.12913107834664087,0.26008698620961607
full_grid,MAR 50%,nearest_interpolation,no2,8.77085630460121,15.12694497069632
full_grid,MAR 50%,nearest_interpolation,o3,16.67932934135618,27.556657415349374
full_grid,MAR 50%,nearest_interpolation,pm10,10.12395163880145,17.90637995199209
full_grid,MAR 50%,nearest_interpolation,pm25,7.5410896622118795,13.136155497086113
full_grid,MAR 50%,nearest_interpolation,so2,1.3214502583789913,3.3967048162388362
full_grid,MAR 50%,nearest_interpolation,co,0.1354447747317583,0.27234432918046125
full_grid,MAR 50%,nearest_interpolation,no2,8.666484581724163,14.840527873316951
full_grid,MAR 50%,nearest_interpolation,o3,17.35310005128832,28.246312338014825
full_grid,MAR 50%,nearest_interpolation,pm10,9.751610465012682,16.63097194421824
full_grid,MAR 50%,nearest_interpolation,pm25,6.404272281082744,11.033589086003069
full_grid,MAR 50%,nearest_interpolation,so2,1.5657378851259662,3.8828443985952097
full_grid,MAR 50%,nearest_interpolation,co,0.15156609902243007,0.2969023989603607
full_grid,MAR 50%,nearest_interpolation,no2,9.042909330115272,15.533000729487803
full_grid,MAR 50%,nearest_interpolation,o3,17.495405121636853,28.820139013093172
full_grid,MAR 50%,nearest_interpolation,pm10,9.797671559226156,16.731833697647524
full_grid,MAR 50%,nearest_interpolation,pm25,6.456253531218967,11.059567035087724
full_grid,MAR 50%,nearest_interpolation,so2,1.3636451242766694,3.405648792503255
full_grid,MAR 50%,nearest_interpolation,co,0.12214946595746384,0.2468490315220765
full_grid,MAR 50%,nearest_interpolation,no2,8.457227966729612,14.6170248526904
full_grid,MAR 50%,nearest_interpolation,o3,16.056539403773524,26.787730161294782
full_grid,MAR 50%,nearest_interpolation,pm10,10.905021000804155,19.150680290769774
full_grid,MAR 50%,nearest_interpolation,pm25,6.298952563284151,10.96075044430714
full_grid,MAR 50%,nearest_interpolation,so2,1.233087758817693,3.179678085510908
full_grid,MAR 50%,nearest_interpolation,co,0.13371403018672157,0.2678661326087475
full_grid,MAR 50%,nearest_interpolation,no2,8.678218529817665,14.810923977836854
full_grid,MAR 50%,nearest_interpolation,o3,17.434466376361822,28.33273359908655
full_grid,MAR 50%,nearest_interpolation,pm10,9.752083654529272,16.604977605336337
full_grid,MAR 50%,nearest_interpolation,pm25,6.417562373055072,11.077513781908106
full_grid,MAR 50%,nearest_interpolation,so2,1.565637984204377,3.913495696015783
full_grid,MCAR 10%,cubic_spline,co,0.06765950381321001,0.13094647470107995
full_grid,MCAR 10%,cubic_spline,no2,3.729075491079757,6.3361204770455775
full_grid,MCAR 10%,cubic_spline,o3,5.003890999020894,7.848446202398326
full_grid,MCAR 10%,cubic_spline,pm10,2.9639208511609714,5.226191239541634
full_grid,MCAR 10%,cubic_spline,pm25,3.0109871737315568,4.923996713938577
full_grid,MCAR 10%,cubic_spline,so2,0.6964549115995129,1.856122994131948
full_grid,MCAR 10%,cubic_spline,co,0.06721106874772603,0.13084042529200707
full_grid,MCAR 10%,cubic_spline,no2,3.7154188174377714,6.37339448759789
full_grid,MCAR 10%,cubic_spline,o3,5.024368143641607,7.885402412856529
full_grid,MCAR 10%,cubic_spline,pm10,2.943431425497742,5.067057716657011
full_grid,MCAR 10%,cubic_spline,pm25,2.9953266988651173,4.7698639789610136
full_grid,MCAR 10%,cubic_spline,so2,0.6951427628984537,1.7268176339257673
full_grid,MCAR 10%,cubic_spline,co,0.06751408542573765,0.1310225365357779
full_grid,MCAR 10%,cubic_spline,no2,3.7568135458448952,6.418925225779897
full_grid,MCAR 10%,cubic_spline,o3,5.029967620602831,7.928922082452187
full_grid,MCAR 10%,cubic_spline,pm10,2.959588848365126,5.118838193570107
full_grid,MCAR 10%,cubic_spline,pm25,3.0209760603533105,4.7708777537284615
full_grid,MCAR 10%,cubic_spline,so2,0.6945858849414035,1.5985025784437759
full_grid,MCAR 10%,cubic_spline,co,0.0662768672661242,0.12841330817763988
full_grid,MCAR 10%,cubic_spline,no2,3.7601861142482886,6.456052547021263
full_grid,MCAR 10%,cubic_spline,o3,5.027065697540161,7.899714509208568
full_grid,MCAR 10%,cubic_spline,pm10,2.946144292046163,5.244969795663811
full_grid,MCAR 10%,cubic_spline,pm25,2.9960679929095666,4.684444186005087
full_grid,MCAR 10%,cubic_spline,so2,0.700434597291316,1.9715660814994633
full_grid,MCAR 10%,cubic_spline,co,0.06815857284373139,0.13365137916444458
full_grid,MCAR 10%,cubic_spline,no2,3.77059804597361,6.563209448183653
full_grid,MCAR 10%,cubic_spline,o3,5.0090876168158545,7.92012705907237
full_grid,MCAR 10%,cubic_spline,pm10,2.9666547935045826,5.129798668416026
full_grid,MCAR 10%,cubic_spline,pm25,2.9762570242955957,4.684296506281433
full_grid,MCAR 10%,cubic_spline,so2,0.6948836038069299,1.6862085963518059
full_grid,MCAR 10%,cubic_spline,co,0.06747765721000874,0.12982183838687097
full_grid,MCAR 10%,cubic_spline,no2,3.753380265319603,6.498704749410662
full_grid,MCAR 10%,cubic_spline,o3,4.987090650968249,7.843542814974259
full_grid,MCAR 10%,cubic_spline,pm10,3.0142680906372683,5.278431187090897
full_grid,MCAR 10%,cubic_spline,pm25,2.991374873251328,4.696587738246423
full_grid,MCAR 10%,cubic_spline,so2,0.6853153346524626,1.5522092276973884
full_grid,MCAR 10%,cubic_spline,co,0.06665165113207831,0.1261047108123922
full_grid,MCAR 10%,cubic_spline,no2,3.7467118567449704,6.424363329739412
full_grid,MCAR 10%,cubic_spline,o3,5.008686048831741,7.8578627860527375
full_grid,MCAR 10%,cubic_spline,pm10,2.995016289589023,5.308987148162137
full_grid,MCAR 10%,cubic_spline,pm25,2.9963385512294614,4.755330488655745
full_grid,MCAR 10%,cubic_spline,so2,0.706763055899388,2.1870802591717524
full_grid,MCAR 10%,cubic_spline,co,0.06782543859720097,0.13229382027708855
full_grid,MCAR 10%,cubic_spline,no2,3.7363911164300236,6.3651530631184885
full_grid,MCAR 10%,cubic_spline,o3,5.056965847382644,7.920143040088326
full_grid,MCAR 10%,cubic_spline,pm10,2.96475159765781,5.153390624048645
full_grid,MCAR 10%,cubic_spline,pm25,2.9920756138966564,4.720113775691
full_grid,MCAR 10%,cubic_spline,so2,0.6954553587618177,2.2277398465822547
full_grid,MCAR 10%,cubic_spline,co,0.06734369591166478,0.12971062928461474
full_grid,MCAR 10%,cubic_spline,no2,3.754508406053717,6.46735594341066
full_grid,MCAR 10%,cubic_spline,o3,5.047151058099894,7.903458198662772
full_grid,MCAR 10%,cubic_spline,pm10,2.968831647760639,5.30777834323907
full_grid,MCAR 10%,cubic_spline,pm25,3.0219390928956136,4.78428093221825
full_grid,MCAR 10%,cubic_spline,so2,0.7000905674196574,1.7399684171033778
full_grid,MCAR 10%,cubic_spline,co,0.06744896236581727,0.1318594206897718
full_grid,MCAR 10%,cubic_spline,no2,3.7249380897014728,6.284997201965468
full_grid,MCAR 10%,cubic_spline,o3,5.085080275215796,7.972104946565912
full_grid,MCAR 10%,cubic_spline,pm10,2.9472328926439135,5.042708960380725
full_grid,MCAR 10%,cubic_spline,pm25,2.991353972117675,4.690300597831576
full_grid,MCAR 10%,cubic_spline,so2,0.716540618808288,2.9392234118306746
full_grid,MCAR 10%,cubic_spline,co,0.06820955323975436,0.13204420772697673
full_grid,MCAR 10%,cubic_spline,no2,3.732677218641462,6.392947568367605
full_grid,MCAR 10%,cubic_spline,o3,5.038477136269478,8.008462101699429
full_grid,MCAR 10%,cubic_spline,pm10,2.9708969954636375,5.048760003492812
full_grid,MCAR 10%,cubic_spline,pm25,2.9951775427432525,4.7642200519170865
full_grid,MCAR 10%,cubic_spline,so2,0.6886692310056604,1.4856993073224096
full_grid,MCAR 10%,cubic_spline,co,0.06684738010163252,0.1317985121802439
full_grid,MCAR 10%,cubic_spline,no2,3.723693264818107,6.331757188436302
full_grid,MCAR 10%,cubic_spline,o3,5.020037590514152,7.911849098121136
full_grid,MCAR 10%,cubic_spline,pm10,2.9868378560895312,5.22446149882715
full_grid,MCAR 10%,cubic_spline,pm25,3.0283531543930966,4.758337858375432
full_grid,MCAR 10%,cubic_spline,so2,0.6894570249360368,1.7579525723481342
full_grid,MCAR 10%,cubic_spline,co,0.06779630155171167,0.1339918289311822
full_grid,MCAR 10%,cubic_spline,no2,3.7714844161134975,6.473152398856454
full_grid,MCAR 10%,cubic_spline,o3,5.055625203547013,7.987908642841739
full_grid,MCAR 10%,cubic_spline,pm10,2.9886814887687745,5.341668104428861
full_grid,MCAR 10%,cubic_spline,pm25,3.0053238844609673,4.802248008680092
full_grid,MCAR 10%,cubic_spline,so2,0.6964632970965919,1.6899872529854332
full_grid,MCAR 10%,cubic_spline,co,0.0673192379246993,0.12774479640385453
full_grid,MCAR 10%,cubic_spline,no2,3.7536243916475134,6.439243310096829
full_grid,MCAR 10%,cubic_spline,o3,5.004590057158745,7.86103059663375
full_grid,MCAR 10%,cubic_spline,pm10,2.9962791300470544,5.252198155915844
full_grid,MCAR 10%,cubic_spline,pm25,3.005095598361616,4.70375364894962
full_grid,MCAR 10%,cubic_spline,so2,0.6875980548450565,1.550137465988866
full_grid,MCAR 10%,cubic_spline,co,0.06689638550101085,0.12901480741112656
full_grid,MCAR 10%,cubic_spline,no2,3.7460280377526565,6.415884625848164
full_grid,MCAR 10%,cubic_spline,o3,5.023185368054635,7.899752355584672
full_grid,MCAR 10%,cubic_spline,pm10,2.9402756143365605,5.025557600052929
full_grid,MCAR 10%,cubic_spline,pm25,2.995082830495301,4.714939817082428
full_grid,MCAR 10%,cubic_spline,so2,0.6851703018697674,1.5517388248024604
full_grid,MCAR 10%,cubic_spline,co,0.06739554117620827,0.13291728364206756
full_grid,MCAR 10%,cubic_spline,no2,3.7569568817196375,6.420966539955849
full_grid,MCAR 10%,cubic_spline,o3,5.016788056690337,7.867887848743085
full_grid,MCAR 10%,cubic_spline,pm10,2.9649186748329854,5.246729064318061
full_grid,MCAR 10%,cubic_spline,pm25,3.0318875345161644,4.998383307178931
full_grid,MCAR 10%,cubic_spline,so2,0.7013696246636006,1.9111962124102329
full_grid,MCAR 10%,cubic_spline,co,0.0672002513643394,0.1299222634122966
full_grid,MCAR 10%,cubic_spline,no2,3.733287327568412,6.380547906919026
full_grid,MCAR 10%,cubic_spline,o3,5.00349020567497,7.8796415151719055
full_grid,MCAR 10%,cubic_spline,pm10,2.9380676702448354,5.008512376165014
full_grid,MCAR 10%,cubic_spline,pm25,3.012982422522582,4.80408793394384
full_grid,MCAR 10%,cubic_spline,so2,0.6981665653851599,1.748764896168287
full_grid,MCAR 10%,cubic_spline,co,0.06661864321160474,0.12749439356950143
full_grid,MCAR 10%,cubic_spline,no2,3.7627817898338263,6.4877161141902
full_grid,MCAR 10%,cubic_spline,o3,5.067785418659333,7.974159743229201
full_grid,MCAR 10%,cubic_spline,pm10,2.9582919681782105,5.07366698782065
full_grid,MCAR 10%,cubic_spline,pm25,2.9783837344658557,4.672944024587828
full_grid,MCAR 10%,cubic_spline,so2,0.6885272390185234,1.7143255149941812
full_grid,MCAR 10%,cubic_spline,co,0.06820885412716433,0.1365182230153012
full_grid,MCAR 10%,cubic_spline,no2,3.7338658606394146,6.425676479346818
full_grid,MCAR 10%,cubic_spline,o3,5.005645851586883,7.935156791670773
full_grid,MCAR 10%,cubic_spline,pm10,2.9433485971578386,4.973237093285056
full_grid,MCAR 10%,cubic_spline,pm25,2.9816443648197968,4.698105572172495
full_grid,MCAR 10%,cubic_spline,so2,0.7090367752374234,2.437646392761187
full_grid,MCAR 10%,cubic_spline,co,0.0680367150648545,0.13248372561388336
full_grid,MCAR 10%,cubic_spline,no2,3.7706308284212757,6.460344427410558
full_grid,MCAR 10%,cubic_spline,o3,5.032528731811102,7.883593472096036
full_grid,MCAR 10%,cubic_spline,pm10,2.9849836627993085,5.183022744451581
full_grid,MCAR 10%,cubic_spline,pm25,2.9852099461056696,4.761176820450596
full_grid,MCAR 10%,cubic_spline,so2,0.6921349082401446,1.5799564603608098
full_grid,MCAR 10%,galpi,co,0.05868488781490454,0.12166951671930229
full_grid,MCAR 10%,galpi,no2,3.5574437586115657,6.144129461289614
full_grid,MCAR 10%,galpi,o3,5.209681540355122,8.188491398960707
full_grid,MCAR 10%,galpi,pm10,3.5177668176509806,5.769507837173764
full_grid,MCAR 10%,galpi,pm25,2.73003544833421,4.391810181184746
full_grid,MCAR 10%,galpi,so2,0.6035108809212799,1.4165746292546346
full_grid,MCAR 10%,galpi,co,0.05855674150029019,0.12292465833230753
full_grid,MCAR 10%,galpi,no2,3.539408718228026,6.0773328325925755
full_grid,MCAR 10%,galpi,o3,5.1720300603081375,8.059490973139189
full_grid,MCAR 10%,galpi,pm10,3.4909127778475293,5.711242508519034
full_grid,MCAR 10%,galpi,pm25,2.7342393797758127,4.387851598193205
full_grid,MCAR 10%,galpi,so2,0.5964492943533566,1.8191877694195195
full_grid,MCAR 10%,galpi,co,0.05798255641395588,0.11997058682969669
full_grid,MCAR 10%,galpi,no2,3.5671896594372305,6.098813247441778
full_grid,MCAR 10%,galpi,o3,5.136139349685703,8.04905714703167
full_grid,MCAR 10%,galpi,pm10,3.4994532134676883,5.804587304801441
full_grid,MCAR 10%,galpi,pm25,2.7640086545578937,4.42585760735719
full_grid,MCAR 10%,galpi,so2,0.5936956086302195,1.4895182265654308
full_grid,MCAR 10%,galpi,co,0.05899222223320904,0.12450190938918834
full_grid,MCAR 10%,galpi,no2,3.6129040133972086,6.267554933130699
full_grid,MCAR 10%,galpi,o3,5.1230453995075065,8.043259994215177
full_grid,MCAR 10%,galpi,pm10,3.4882138899139354,5.706531699142096
full_grid,MCAR 10%,galpi,pm25,2.7489024962076027,4.370262485344071
full_grid,MCAR 10%,galpi,so2,0.6019023737155319,1.511424251070072
full_grid,MCAR 10%,galpi,co,0.058675445297604004,0.12216962602436425
full_grid,MCAR 10%,galpi,no2,3.6052543821393916,6.19542850960117
full_grid,MCAR 10%,galpi,o3,5.149308156471859,8.092794085669336
full_grid,MCAR 10%,galpi,pm10,3.5129322707719424,5.782313532445023
full_grid,MCAR 10%,galpi,pm25,2.7503733323452866,4.355793916378364
full_grid,MCAR 10%,galpi,so2,0.6005868813569838,1.456539016709388
full_grid,MCAR 10%,galpi,co,0.057428638072967456,0.1181218127728198
full_grid,MCAR 10%,galpi,no2,3.565165291979788,6.1423578410557775
full_grid,MCAR 10%,galpi,o3,5.151349122744573,8.063369158756142
full_grid,MCAR 10%,galpi,pm10,3.5142041729357665,5.899143056337944
full_grid,MCAR 10%,galpi,pm25,2.74098395603075,4.380798273243451
full_grid,MCAR 10%,galpi,so2,0.6078246758801878,1.8118272996754055
full_grid,MCAR 10%,galpi,co,0.05861609940814527,0.1242779850290303
full_grid,MCAR 10%,galpi,no2,3.62777445674243,6.264798153665527
full_grid,MCAR 10%,galpi,o3,5.16424134940619,8.092673050990223
full_grid,MCAR 10%,galpi,pm10,3.493497419567247,5.927073729220501
full_grid,MCAR 10%,galpi,pm25,2.7456872695981995,4.492656814813358
full_grid,MCAR 10%,galpi,so2,0.6038102631562716,1.5693496060994534
full_grid,MCAR 10%,galpi,co,0.05937462710415174,0.12511097494444726
full_grid,MCAR 10%,galpi,no2,3.555325045346518,6.0976107881873745
full_grid,MCAR 10%,galpi,o3,5.137854181365113,8.093176390759304
full_grid,MCAR 10%,galpi,pm10,3.493618751559826,5.698867357810461
full_grid,MCAR 10%,galpi,pm25,2.755655747458007,4.451906098847867
full_grid,MCAR 10%,galpi,so2,0.6130783394205155,1.9885624041307617
full_grid,MCAR 10%,galpi,co,0.05854743402225644,0.12365786618843128
full_grid,MCAR 10%,galpi,no2,3.5507065357784473,6.037575122184009
full_grid,MCAR 10%,galpi,o3,5.194617800912443,8.106573267634193
full_grid,MCAR 10%,galpi,pm10,3.4569242864674234,5.614573776367243
full_grid,MCAR 10%,galpi,pm25,2.7335982567163866,4.374889345627885
full_grid,MCAR 10%,galpi,so2,0.6182287325825433,2.115975857209984
full_grid,MCAR 10%,galpi,co,0.05831118704060551,0.11987413314614304
full_grid,MCAR 10%,galpi,no2,3.5688016793037027,6.1383518709123965
full_grid,MCAR 10%,galpi,o3,5.164181220794884,8.021412825653133
full_grid,MCAR 10%,galpi,pm10,3.4886132025598453,5.8928541754708155
full_grid,MCAR 10%,galpi,pm25,2.7611286273796822,4.418865022805482
full_grid,MCAR 10%,galpi,so2,0.6133238332407748,1.7960351293993042
full_grid,MCAR 10%,galpi,co,0.058084291161386116,0.12020556464254553
full_grid,MCAR 10%,galpi,no2,3.588955196091248,6.206549894358619
full_grid,MCAR 10%,galpi,o3,5.093006135544036,8.010255025295178
full_grid,MCAR 10%,galpi,pm10,3.5372788763190046,5.926536626689327
full_grid,MCAR 10%,galpi,pm25,2.7423705332409876,4.390758630674842
full_grid,MCAR 10%,galpi,so2,0.5979144810784738,1.4801396641126607
full_grid,MCAR 10%,galpi,co,0.05824347398179882,0.12080847842180846
full_grid,MCAR 10%,galpi,no2,3.596740279062052,6.1671754108171335
full_grid,MCAR 10%,galpi,o3,5.13660750899139,8.028523516867468
full_grid,MCAR 10%,galpi,pm10,3.5047227907095237,5.829543504344674
full_grid,MCAR 10%,galpi,pm25,2.7521062225676345,4.381451462263613
full_grid,MCAR 10%,galpi,so2,0.5944966624182603,1.3938634781775414
full_grid,MCAR 10%,galpi,co,0.0581753811017702,0.12059240174271849
full_grid,MCAR 10%,galpi,no2,3.556867602138868,6.07006528109865
full_grid,MCAR 10%,galpi,o3,5.138182021973036,8.050106743830245
full_grid,MCAR 10%,galpi,pm10,3.4781479876632657,5.6643294657119005
full_grid,MCAR 10%,galpi,pm25,2.742472312927731,4.435457762645103
full_grid,MCAR 10%,galpi,so2,0.6065054161324064,1.6870346234330438
full_grid,MCAR 10%,galpi,co,0.05892605639717317,0.12406752277733729
full_grid,MCAR 10%,galpi,no2,3.6164525053646344,6.257626816660044
full_grid,MCAR 10%,galpi,o3,5.129051971841661,7.930006563543856
full_grid,MCAR 10%,galpi,pm10,3.5149433834052743,5.815391506335775
full_grid,MCAR 10%,galpi,pm25,2.7522711098186385,4.4696418868535535
full_grid,MCAR 10%,galpi,so2,0.594018290925066,1.4233776516616246
full_grid,MCAR 10%,galpi,co,0.057673315245533735,0.12127198775443224
full_grid,MCAR 10%,galpi,no2,3.5979504018850688,6.246854836140962
full_grid,MCAR 10%,galpi,o3,5.103983072037315,7.940777774789021
full_grid,MCAR 10%,galpi,pm10,3.4758318630237643,5.875118208590558
full_grid,MCAR 10%,galpi,pm25,2.7319607091775615,4.296631154239345
full_grid,MCAR 10%,galpi,so2,0.6073605371107105,1.817603364121994
full_grid,MCAR 10%,galpi,co,0.05860186480461015,0.12370098549487087
full_grid,MCAR 10%,galpi,no2,3.575952008298596,6.192998925182511
full_grid,MCAR 10%,galpi,o3,5.134003495847619,8.038865321078543
full_grid,MCAR 10%,galpi,pm10,3.464704381466536,5.751763037582382
full_grid,MCAR 10%,galpi,pm25,2.729334892642165,4.394725463120909
full_grid,MCAR 10%,galpi,so2,0.6089013521671407,1.8199354056254393
full_grid,MCAR 10%,galpi,co,0.05909256591951159,0.12402279229719368
full_grid,MCAR 10%,galpi,no2,3.5633153062008045,6.1256329748504115
full_grid,MCAR 10%,galpi,o3,5.07144274280854,7.891453308161899
full_grid,MCAR 10%,galpi,pm10,3.512911861143655,5.9650073940229635
full_grid,MCAR 10%,galpi,pm25,2.7783660759665283,4.542690804323703
full_grid,MCAR 10%,galpi,so2,0.6005974330957775,1.7925414382583482
full_grid,MCAR 10%,galpi,co,0.05762635791944139,0.11896451773601822
full_grid,MCAR 10%,galpi,no2,3.5967007055673443,6.188151363084381
full_grid,MCAR 10%,galpi,o3,5.160039225561833,7.998721046598269
full_grid,MCAR 10%,galpi,pm10,3.4875780231476887,5.753736658339596
full_grid,MCAR 10%,galpi,pm25,2.7149845570748905,4.317702783264989
full_grid,MCAR 10%,galpi,so2,0.6009698491819255,1.5381613925970434
full_grid,MCAR 10%,galpi,co,0.05856396033399721,0.12404712963338833
full_grid,MCAR 10%,galpi,no2,3.5837872302633524,6.12918083344839
full_grid,MCAR 10%,galpi,o3,5.128749279185452,7.989032203880852
full_grid,MCAR 10%,galpi,pm10,3.485111297210704,5.921995066690637
full_grid,MCAR 10%,galpi,pm25,2.7722064228265655,4.780702150345218
full_grid,MCAR 10%,galpi,so2,0.6109594978517435,1.8470136787069238
full_grid,MCAR 10%,galpi,co,0.05876342546719465,0.12367460014346093
full_grid,MCAR 10%,galpi,no2,3.5847697784793953,6.1046683404385265
full_grid,MCAR 10%,galpi,o3,5.110931593365472,8.01476961465235
full_grid,MCAR 10%,galpi,pm10,3.4984383906973244,5.771135671285899
full_grid,MCAR 10%,galpi,pm25,2.7754966113257744,4.45099673243313
full_grid,MCAR 10%,galpi,so2,0.6036434570482105,1.5004505127662586
full_grid,MCAR 10%,linear_interpolation,co,0.05895392685928711,0.12457841823739497
full_grid,MCAR 10%,linear_interpolation,no2,3.599357151041836,6.237727867742944
full_grid,MCAR 10%,linear_interpolation,o3,5.097077474706528,7.967872942842357
full_grid,MCAR 10%,linear_interpolation,pm10,3.4721147177960012,5.666544042399456
full_grid,MCAR 10%,linear_interpolation,pm25,2.7421016530928903,4.354583173079133
full_grid,MCAR 10%,linear_interpolation,so2,0.6006314646206716,1.5093745909338896
full_grid,MCAR 10%,linear_interpolation,co,0.05841508906719076,0.12376230322901595
full_grid,MCAR 10%,linear_interpolation,no2,3.578297015122635,6.118664121186406
full_grid,MCAR 10%,linear_interpolation,o3,5.103924275900214,7.923747179495981
full_grid,MCAR 10%,linear_interpolation,pm10,3.4764794494256814,5.906286497164248
full_grid,MCAR 10%,linear_interpolation,pm25,2.767180688739044,4.770224400052158
full_grid,MCAR 10%,linear_interpolation,so2,0.6095412063139768,1.8408158349154964
full_grid,MCAR 10%,linear_interpolation,co,0.059020508767897065,0.12396873040135825
full_grid,MCAR 10%,linear_interpolation,no2,3.5519599616275013,6.095813521536601
full_grid,MCAR 10%,linear_interpolation,o3,5.051194596494881,7.853819410856057
full_grid,MCAR 10%,linear_interpolation,pm10,3.504838551688249,5.953043677287563
full_grid,MCAR 10%,linear_interpolation,pm25,2.770379563717254,4.528798742338315
full_grid,MCAR 10%,linear_interpolation,so2,0.5986311378401746,1.7844418647122091
full_grid,MCAR 10%,linear_interpolation,co,0.05833936482202429,0.12318425300555509
full_grid,MCAR 10%,linear_interpolation,no2,3.5394265423292945,6.018940704504735
full_grid,MCAR 10%,linear_interpolation,o3,5.1640668145730295,8.038427590122035
full_grid,MCAR 10%,linear_interpolation,pm10,3.450452192518078,5.600305182169792
full_grid,MCAR 10%,linear_interpolation,pm25,2.7302946400582577,4.365110641347084
full_grid,MCAR 10%,linear_interpolation,so2,0.6161732370624702,2.1111407708452785
full_grid,MCAR 10%,linear_interpolation,co,0.05752329833266665,0.11885579094143553
full_grid,MCAR 10%,linear_interpolation,no2,3.578605022892281,6.138684705732874
full_grid,MCAR 10%,linear_interpolation,o3,5.1428249864071285,7.951266693445096
full_grid,MCAR 10%,linear_interpolation,pm10,3.4775657212245705,5.728815193737421
full_grid,MCAR 10%,linear_interpolation,pm25,2.709590904859335,4.301212130317968
full_grid,MCAR 10%,linear_interpolation,so2,0.597915461586489,1.5258339972260693
full_grid,MCAR 10%,linear_interpolation,co,0.057969781311773425,0.11999251145573792
full_grid,MCAR 10%,linear_interpolation,no2,3.5717003730338353,6.164407081367704
full_grid,MCAR 10%,linear_interpolation,o3,5.072254851044542,7.950139507644686
full_grid,MCAR 10%,linear_interpolation,pm10,3.521686870103302,5.870617915106345
full_grid,MCAR 10%,linear_interpolation,pm25,2.7379988754048017,4.383102060518465
full_grid,MCAR 10%,linear_interpolation,so2,0.5966616860137346,1.4767025967586538
full_grid,MCAR 10%,linear_interpolation,co,0.05729348211084412,0.11793172136198703
full_grid,MCAR 10%,linear_interpolation,no2,3.558370937092751,6.122689567121901
full_grid,MCAR 10%,linear_interpolation,o3,5.1209119763792765,7.944390128166442
full_grid,MCAR 10%,linear_interpolation,pm10,3.5037553518890507,5.855872677716743
full_grid,MCAR 10%,linear_interpolation,pm25,2.7342978435361096,4.3703186663989495
full_grid,MCAR 10%,linear_interpolation,so2,0.6063781389977071,1.80965953773529
full_grid,MCAR 10%,linear_interpolation,co,0.05858247369653697,0.121588106865747
full_grid,MCAR 10%,linear_interpolation,no2,3.5498346826849816,6.130542311795487
full_grid,MCAR 10%,linear_interpolation,o3,5.185130411531542,8.12467123695241
full_grid,MCAR 10%,linear_interpolation,pm10,3.50115469615751,5.72948172800365
full_grid,MCAR 10%,linear_interpolation,pm25,2.7253711628050326,4.386455714090246
full_grid,MCAR 10%,linear_interpolation,so2,0.6030203845998892,1.4125773274679434
full_grid,MCAR 10%,linear_interpolation,co,0.05817886770185553,0.11965923547130822
full_grid,MCAR 10%,linear_interpolation,no2,3.55749601108429,6.115307933074985
full_grid,MCAR 10%,linear_interpolation,o3,5.148238467315743,7.970515964598571
full_grid,MCAR 10%,linear_interpolation,pm10,3.4796686118488243,5.862737092962435
full_grid,MCAR 10%,linear_interpolation,pm25,2.75682444322281,4.40948745059796
full_grid,MCAR 10%,linear_interpolation,so2,0.6126263137314338,1.7929939646075352
full_grid,MCAR 10%,linear_interpolation,co,0.05850554218588977,0.12411477405629626
full_grid,MCAR 10%,linear_interpolation,no2,3.613494519429879,6.230155985648444
full_grid,MCAR 10%,linear_interpolation,o3,5.142515697081784,8.039361425775098
full_grid,MCAR 10%,linear_interpolation,pm10,3.4819373266902813,5.902822318447768
full_grid,MCAR 10%,linear_interpolation,pm25,2.7392526588124384,4.467795183923907
full_grid,MCAR 10%,linear_interpolation,so2,0.6029302084127985,1.5677569699908878
full_grid,MCAR 10%,linear_interpolation,co,0.05928714842858691,0.12504000545415844
full_grid,MCAR 10%,linear_interpolation,no2,3.5467483200314773,6.082820507097994
full_grid,MCAR 10%,linear_interpolation,o3,5.113410074812247,8.018272533005508
full_grid,MCAR 10%,linear_interpolation,pm10,3.4822776416714025,5.666548887011992
full_grid,MCAR 10%,linear_interpolation,pm25,2.7476566442703563,4.427404689055827
full_grid,MCAR 10%,linear_interpolation,so2,0.6108185625561009,1.9803229352218754
full_grid,MCAR 10%,linear_interpolation,co,0.05790226187658227,0.1198909407991513
full_grid,MCAR 10%,linear_interpolation,no2,3.5586598618591543,6.08918339662897
full_grid,MCAR 10%,linear_interpolation,o3,5.11141666344086,7.96149235033785
full_grid,MCAR 10%,linear_interpolation,pm10,3.4891016937046233,5.787065705927189
full_grid,MCAR 10%,linear_interpolation,pm25,2.756547696042006,4.405498031871962
full_grid,MCAR 10%,linear_interpolation,so2,0.592784117929269,1.489001231110881
full_grid,MCAR 10%,linear_interpolation,co,0.058483408495218416,0.1235755451208301
full_grid,MCAR 10%,linear_interpolation,no2,3.5638943093568294,6.145579368249026
full_grid,MCAR 10%,linear_interpolation,o3,5.113230404661351,7.976905537933902
full_grid,MCAR 10%,linear_interpolation,pm10,3.4568425256517625,5.735773282031768
full_grid,MCAR 10%,linear_interpolation,pm25,2.7243327440360456,4.384932541304631
full_grid,MCAR 10%,linear_interpolation,so2,0.604761941845385,1.8058612857875462
full_grid,MCAR 10%,linear_interpolation,co,0.05864958338382882,0.12352709080452354
full_grid,MCAR 10%,linear_interpolation,no2,3.5795329957027797,6.091922744890809
full_grid,MCAR 10%,linear_interpolation,o3,5.091950147284793,7.962672134333688
full_grid,MCAR 10%,linear_interpolation,pm10,3.480356053048815,5.719875078882673
full_grid,MCAR 10%,linear_interpolation,pm25,2.7699065182435882,4.437617543943601
full_grid,MCAR 10%,linear_interpolation,so2,0.6006949198223203,1.494442173012965
full_grid,MCAR 10%,linear_interpolation,co,0.057472170802465604,0.12097010864533593
full_grid,MCAR 10%,linear_interpolation,no2,3.5891991990389145,6.226665102075568
full_grid,MCAR 10%,linear_interpolation,o3,5.0856279579333075,7.89700700547829
full_grid,MCAR 10%,linear_interpolation,pm10,3.4662785314099023,5.8492215637412235
full_grid,MCAR 10%,linear_interpolation,pm25,2.7288583089721143,4.291291405240801
full_grid,MCAR 10%,linear_interpolation,so2,0.606159425457668,1.8157554063419974
full_grid,MCAR 10%,linear_interpolation,co,0.05850096240565679,0.12165081136548227
full_grid,MCAR 10%,linear_interpolation,no2,3.59775632249287,6.18357538189643
full_grid,MCAR 10%,linear_interpolation,o3,5.1115248595836915,7.961012482668512
full_grid,MCAR 10%,linear_interpolation,pm10,3.497640222971148,5.747473724520057
full_grid,MCAR 10%,linear_interpolation,pm25,2.742876882466779,4.340294511424883
full_grid,MCAR 10%,linear_interpolation,so2,0.5986483270706839,1.4518845901231667
full_grid,MCAR 10%,linear_interpolation,co,0.058774652102014255,0.12379364941150141
full_grid,MCAR 10%,linear_interpolation,no2,3.606047934653192,6.230157967582774
full_grid,MCAR 10%,linear_interpolation,o3,5.110536873664359,7.8870034276405985
full_grid,MCAR 10%,linear_interpolation,pm10,3.5017610769843523,5.771844976112476
full_grid,MCAR 10%,linear_interpolation,pm25,2.7448960238434954,4.445962243998335
full_grid,MCAR 10%,linear_interpolation,so2,0.5929778558264555,1.4223324508573303
full_grid,MCAR 10%,linear_interpolation,co,0.058421587134057276,0.1226344660873743
full_grid,MCAR 10%,linear_interpolation,no2,3.530985714761806,6.059940838153088
full_grid,MCAR 10%,linear_interpolation,o3,5.148192917191403,7.9886988895636195
full_grid,MCAR 10%,linear_interpolation,pm10,3.4823202956349055,5.691838355723077
full_grid,MCAR 10%,linear_interpolation,pm25,2.7276080144158343,4.375101046012212
full_grid,MCAR 10%,linear_interpolation,so2,0.5944956765568113,1.8165981908908333
full_grid,MCAR 10%,linear_interpolation,co,0.05801479843716549,0.12030701233253525
full_grid,MCAR 10%,linear_interpolation,no2,3.550153683404458,6.049505132982544
full_grid,MCAR 10%,linear_interpolation,o3,5.109537365678183,7.961927549394428
full_grid,MCAR 10%,linear_interpolation,pm10,3.465960229073016,5.630627727229209
full_grid,MCAR 10%,linear_interpolation,pm25,2.736112156546169,4.423567650442056
full_grid,MCAR 10%,linear_interpolation,so2,0.6053845266346746,1.6856068966387305
full_grid,MCAR 10%,linear_interpolation,co,0.058021721539698395,0.12008723909371416
full_grid,MCAR 10%,linear_interpolation,no2,3.5832159525492653,6.139616173642029
full_grid,MCAR 10%,linear_interpolation,o3,5.112804894493753,7.94375633944539
full_grid,MCAR 10%,linear_interpolation,pm10,3.4885040579494904,5.790140372045732
full_grid,MCAR 10%,linear_interpolation,pm25,2.7452413539974048,4.365680005953009
full_grid,MCAR 10%,linear_interpolation,so2,0.593870248692606,1.3947559920590369
full_grid,MCAR 10%,nearest_interpolation,co,0.07584549912270663,0.16219067079656163
full_grid,MCAR 10%,nearest_interpolation,no2,5.34654887122022,9.047751916134105
full_grid,MCAR 10%,nearest_interpolation,o3,9.429588562999163,14.181384967379772
full_grid,MCAR 10%,nearest_interpolation,pm10,5.826299025261044,9.348211383859795
full_grid,MCAR 10%,nearest_interpolation,pm25,3.9563013707847916,6.405655774641593
full_grid,MCAR 10%,nearest_interpolation,so2,0.7897186401475735,2.0227286774539546
full_grid,MCAR 10%,nearest_interpolation,co,0.0762377258294244,0.16458415458425266
full_grid,MCAR 10%,nearest_interpolation,no2,5.329499727887165,9.050396014544503
full_grid,MCAR 10%,nearest_interpolation,o3,9.432826899262851,14.233429733132354
full_grid,MCAR 10%,nearest_interpolation,pm10,5.746229644692675,8.973276598039838
full_grid,MCAR 10%,nearest_interpolation,pm25,3.978217472454407,6.414674056423596
full_grid,MCAR 10%,nearest_interpolation,so2,0.8093769827181688,2.819848271641461
full_grid,MCAR 10%,nearest_interpolation,co,0.07650464158887407,0.1668809168783317
full_grid,MCAR 10%,nearest_interpolation,no2,5.323028237533279,9.005407776462153
full_grid,MCAR 10%,nearest_interpolation,o3,9.43746037063626,14.142125211557207
full_grid,MCAR 10%,nearest_interpolation,pm10,5.828863873569989,9.22417770349145
full_grid,MCAR 10%,nearest_interpolation,pm25,3.9704519189358547,6.345823624769294
full_grid,MCAR 10%,nearest_interpolation,so2,0.7816169468913644,2.205277298645791
full_grid,MCAR 10%,nearest_interpolation,co,0.07699025277835826,0.1662028235677693
full_grid,MCAR 10%,nearest_interpolation,no2,5.335876238340786,9.021791172371785
full_grid,MCAR 10%,nearest_interpolation,o3,9.368066402911886,14.0633066233331
full_grid,MCAR 10%,nearest_interpolation,pm10,5.805365629637377,9.283583335212887
full_grid,MCAR 10%,nearest_interpolation,pm25,3.9962376583670665,6.528195998035108
full_grid,MCAR 10%,nearest_interpolation,so2,0.7865494075658892,2.243119357714421
full_grid,MCAR 10%,nearest_interpolation,co,0.07659390124976331,0.16754315962423097
full_grid,MCAR 10%,nearest_interpolation,no2,5.3807058508114505,9.085674948993834
full_grid,MCAR 10%,nearest_interpolation,o3,9.34729211191991,14.11313151550793
full_grid,MCAR 10%,nearest_interpolation,pm10,5.814530535386844,9.173937177471814
full_grid,MCAR 10%,nearest_interpolation,pm25,3.992436737163744,6.427403078037904
full_grid,MCAR 10%,nearest_interpolation,so2,0.7945762002889515,1.9911968279124308
full_grid,MCAR 10%,nearest_interpolation,co,0.07712356556250954,0.16723298228761127
full_grid,MCAR 10%,nearest_interpolation,no2,5.376253657853517,9.088781923081742
full_grid,MCAR 10%,nearest_interpolation,o3,9.369874923057981,14.030517875896566
full_grid,MCAR 10%,nearest_interpolation,pm10,5.830894080709373,9.473270742311152
full_grid,MCAR 10%,nearest_interpolation,pm25,4.010482269388377,6.630758039740519
full_grid,MCAR 10%,nearest_interpolation,so2,0.7960178435664402,2.0092195101740393
full_grid,MCAR 10%,nearest_interpolation,co,0.07732389190728402,0.16846196587657286
full_grid,MCAR 10%,nearest_interpolation,no2,5.396031433510436,9.167185979972299
full_grid,MCAR 10%,nearest_interpolation,o3,9.390689107334898,14.087247368295936
full_grid,MCAR 10%,nearest_interpolation,pm10,5.780337825875469,9.137656035359667
full_grid,MCAR 10%,nearest_interpolation,pm25,4.001016824668183,6.4209059189738795
full_grid,MCAR 10%,nearest_interpolation,so2,0.7929871652225475,2.0550162424869876
full_grid,MCAR 10%,nearest_interpolation,co,0.07714942623573423,0.16662940941712212
full_grid,MCAR 10%,nearest_interpolation,no2,5.336971729351848,9.064092888022813
full_grid,MCAR 10%,nearest_interpolation,o3,9.347159082524364,14.056281290383144
full_grid,MCAR 10%,nearest_interpolation,pm10,5.8700620109349995,9.493379874580011
full_grid,MCAR 10%,nearest_interpolation,pm25,3.9707024675478024,6.4526055628480785
full_grid,MCAR 10%,nearest_interpolation,so2,0.7979633652930956,1.9357333227025668
full_grid,MCAR 10%,nearest_interpolation,co,0.076951110748813,0.16648246081013698
full_grid,MCAR 10%,nearest_interpolation,no2,5.35641811808306,9.08260488153588
full_grid,MCAR 10%,nearest_interpolation,o3,9.289488628801584,13.929169731239329
full_grid,MCAR 10%,nearest_interpolation,pm10,5.859494177354691,9.5730408837264
full_grid,MCAR 10%,nearest_interpolation,pm25,3.9780940037117403,6.340955259550117
full_grid,MCAR 10%,nearest_interpolation,so2,0.79178608095121,2.0312429536374745
full_grid,MCAR 10%,nearest_interpolation,co,0.07668467883087078,0.16836293394837598
full_grid,MCAR 10%,nearest_interpolation,no2,5.384709983811613,9.178539064207978
full_grid,MCAR 10%,nearest_interpolation,o3,9.427602640321576,14.162916166928609
full_grid,MCAR 10%,nearest_interpolation,pm10,5.816322680657386,9.409303221807681
full_grid,MCAR 10%,nearest_interpolation,pm25,3.9774344481351425,6.421605958374987
full_grid,MCAR 10%,nearest_interpolation,so2,0.7906739339372051,2.07958683846746
full_grid,MCAR 10%,nearest_interpolation,co,0.07626010893988402,0.1633630048061411
full_grid,MCAR 10%,nearest_interpolation,no2,5.362422307620941,9.152863477195016
full_grid,MCAR 10%,nearest_interpolation,o3,9.413015045565594,14.1741278922486
full_grid,MCAR 10%,nearest_interpolation,pm10,5.812267873803226,9.279359558340698
full_grid,MCAR 10%,nearest_interpolation,pm25,3.9780870525049186,6.384849517986101
full_grid,MCAR 10%,nearest_interpolation,so2,0.7971236570506737,2.076154580667109
full_grid,MCAR 10%,nearest_interpolation,co,0.07669059603949074,0.16524308992507833
full_grid,MCAR 10%,nearest_interpolation,no2,5.366653218769564,9.171955703845075
full_grid,MCAR 10%,nearest_interpolation,o3,9.434271844582577,14.199180346179446
full_grid,MCAR 10%,nearest_interpolation,pm10,5.841806865878013,9.390006985982346
full_grid,MCAR 10%,nearest_interpolation,pm25,3.9589018924362995,6.26349060672607
full_grid,MCAR 10%,nearest_interpolation,so2,0.7877746331767672,1.9564796687399906
full_grid,MCAR 10%,nearest_interpolation,co,0.0766273089898264,0.16483187105004904
full_grid,MCAR 10%,nearest_interpolation,no2,5.347744480099597,9.091168396488149
full_grid,MCAR 10%,nearest_interpolation,o3,9.428833023147009,14.160163532452067
full_grid,MCAR 10%,nearest_interpolation,pm10,5.764893623437206,9.07975953964932
full_grid,MCAR 10%,nearest_interpolation,pm25,3.975729904872657,6.354326180933349
full_grid,MCAR 10%,nearest_interpolation,so2,0.8104235381933921,2.0833040309890007
full_grid,MCAR 10%,nearest_interpolation,co,0.07519599866664127,0.1623974204892779
full_grid,MCAR 10%,nearest_interpolation,no2,5.34804504519547,9.111395033807602
full_grid,MCAR 10%,nearest_interpolation,o3,9.422174024777553,14.12052376254851
full_grid,MCAR 10%,nearest_interpolation,pm10,5.762642875069406,9.102379326250638
full_grid,MCAR 10%,nearest_interpolation,pm25,3.937337086445013,6.240455324431605
full_grid,MCAR 10%,nearest_interpolation,so2,0.783049694714523,2.0006344132337666
full_grid,MCAR 10%,nearest_interpolation,co,0.07780202202718982,0.17064800413067743
full_grid,MCAR 10%,nearest_interpolation,no2,5.32643255249029,9.022737636051799
full_grid,MCAR 10%,nearest_interpolation,o3,9.35123480398804,14.132610458511799
full_grid,MCAR 10%,nearest_interpolation,pm10,5.788853836086379,9.051915888722533
full_grid,MCAR 10%,nearest_interpolation,pm25,4.0003879581808475,6.440545781513233
full_grid,MCAR 10%,nearest_interpolation,so2,0.803911751188862,2.3589282066292174
full_grid,MCAR 10%,nearest_interpolation,co,0.07633332688285505,0.16282572095298048
full_grid,MCAR 10%,nearest_interpolation,no2,5.342993007145164,9.052824215178283
full_grid,MCAR 10%,nearest_interpolation,o3,9.337183693356698,14.002557761172222
full_grid,MCAR 10%,nearest_interpolation,pm10,5.78610769426992,9.26702136400919
full_grid,MCAR 10%,nearest_interpolation,pm25,4.000624823527189,6.404753082495259
full_grid,MCAR 10%,nearest_interpolation,so2,0.7932332413446398,2.0384607541152024
full_grid,MCAR 10%,nearest_interpolation,co,0.07717577517858844,0.1688290105242834
full_grid,MCAR 10%,nearest_interpolation,no2,5.3658750744889225,9.113872844492313
full_grid,MCAR 10%,nearest_interpolation,o3,9.377613217335256,14.08743563139735
full_grid,MCAR 10%,nearest_interpolation,pm10,5.809803006505453,9.25501137174727
full_grid,MCAR 10%,nearest_interpolation,pm25,3.9692847519261867,6.452185494076235
full_grid,MCAR 10%,nearest_interpolation,so2,0.7763922366568637,1.835743693926704
full_grid,MCAR 10%,nearest_interpolation,co,0.07579030058222773,0.16343402077199845
full_grid,MCAR 10%,nearest_interpolation,no2,5.358500403524567,9.079010783206243
full_grid,MCAR 10%,nearest_interpolation,o3,9.33760273546484,14.056397094055296
full_grid,MCAR 10%,nearest_interpolation,pm10,5.778714413259457,9.062585516283043
full_grid,MCAR 10%,nearest_interpolation,pm25,4.015940544167267,6.409178553630058
full_grid,MCAR 10%,nearest_interpolation,so2,0.7845160696311747,2.0303903722289727
full_grid,MCAR 10%,nearest_interpolation,co,0.0762949509426121,0.1634824281665513
full_grid,MCAR 10%,nearest_interpolation,no2,5.315683090283863,8.984585557980967
full_grid,MCAR 10%,nearest_interpolation,o3,9.364327201101561,14.095872346227152
full_grid,MCAR 10%,nearest_interpolation,pm10,5.798686076876191,9.096236229252748
full_grid,MCAR 10%,nearest_interpolation,pm25,3.972884743705495,6.377281882969987
full_grid,MCAR 10%,nearest_interpolation,so2,0.7983911533334603,2.1221270289977077
full_grid,MCAR 10%,nearest_interpolation,co,0.07558012447389971,0.16384308106423817
full_grid,MCAR 10%,nearest_interpolation,no2,5.355272528889821,9.106322369385492
full_grid,MCAR 10%,nearest_interpolation,o3,9.304672231210589,13.940111375944218
full_grid,MCAR 10%,nearest_interpolation,pm10,5.777778758093063,9.289565439746495
full_grid,MCAR 10%,nearest_interpolation,pm25,3.9703177180482605,6.258647105368383
full_grid,MCAR 10%,nearest_interpolation,so2,0.8000785807571812,2.2976466230380774
full_grid,MCAR 30%,cubic_spline,co,0.07871443902490402,0.15526698868664518
full_grid,MCAR 30%,cubic_spline,no2,4.4139944209213136,7.575564157750018
full_grid,MCAR 30%,cubic_spline,o3,6.053831701983291,9.653020854260538
full_grid,MCAR 30%,cubic_spline,pm10,3.99775102247085,6.887865080378666
full_grid,MCAR 30%,cubic_spline,pm25,3.4205417898340307,5.436637770401915
full_grid,MCAR 30%,cubic_spline,so2,0.8116606545328824,2.068273211506164
full_grid,MCAR 30%,cubic_spline,co,0.07888800869036205,0.15547751391870038
full_grid,MCAR 30%,cubic_spline,no2,4.4220665936969885,7.652063119640187
full_grid,MCAR 30%,cubic_spline,o3,6.020398385799864,9.544014354774474
full_grid,MCAR 30%,cubic_spline,pm10,3.9898821450119146,6.899762731681653
full_grid,MCAR 30%,cubic_spline,pm25,3.438959152485672,5.539639440547981
full_grid,MCAR 30%,cubic_spline,so2,0.82134661300426,2.8311378788999697
full_grid,MCAR 30%,cubic_spline,co,0.0783687608854909,0.1536089009631505
full_grid,MCAR 30%,cubic_spline,no2,4.431246551758962,7.631669615165119
full_grid,MCAR 30%,cubic_spline,o3,6.053465943319346,9.660832996916742
full_grid,MCAR 30%,cubic_spline,pm10,4.016575407482435,6.984783479190564
full_grid,MCAR 30%,cubic_spline,pm25,3.4315671608772447,5.491503526910493
full_grid,MCAR 30%,cubic_spline,so2,0.7972114765844208,2.1159306987655877
full_grid,MCAR 30%,cubic_spline,co,0.07822889433386286,0.15401417555915145
full_grid,MCAR 30%,cubic_spline,no2,4.405412534808299,7.575863411110051
full_grid,MCAR 30%,cubic_spline,o3,6.040834717276541,9.626461923653169
full_grid,MCAR 30%,cubic_spline,pm10,3.9705733904316762,6.861979494573779
full_grid,MCAR 30%,cubic_spline,pm25,3.433192184631734,5.511604545037964
full_grid,MCAR 30%,cubic_spline,so2,0.8085363620173791,2.313544608945457
full_grid,MCAR 30%,cubic_spline,co,0.07976154147947871,0.160528621925314
full_grid,MCAR 30%,cubic_spline,no2,4.41053617509523,7.561233331887153
full_grid,MCAR 30%,cubic_spline,o3,6.0570175521795395,9.67823106383475
full_grid,MCAR 30%,cubic_spline,pm10,3.9791110908384804,6.931967581157575
full_grid,MCAR 30%,cubic_spline,pm25,3.4424900295978125,5.598933166842365
full_grid,MCAR 30%,cubic_spline,so2,0.8116366855722869,1.9441807869661152
full_grid,MCAR 30%,cubic_spline,co,0.07864358977622518,0.1563565533010816
full_grid,MCAR 30%,cubic_spline,no2,4.434182858893829,7.683275789444706
full_grid,MCAR 30%,cubic_spline,o3,6.009837537308047,9.573690772416871
full_grid,MCAR 30%,cubic_spline,pm10,3.986952662776923,6.828917247111429
full_grid,MCAR 30%,cubic_spline,pm25,3.4364255506301293,5.520804714415418
full_grid,MCAR 30%,cubic_spline,so2,0.8092510471565324,2.1284235299050174
full_grid,MCAR 30%,cubic_spline,co,0.07852310733193246,0.15674471565619263
full_grid,MCAR 30%,cubic_spline,no2,4.435127774626815,7.691876173920961
full_grid,MCAR 30%,cubic_spline,o3,5.996316828415573,9.501708907554518
full_grid,MCAR 30%,cubic_spline,pm10,3.98058236471054,6.771819664299555
full_grid,MCAR 30%,cubic_spline,pm25,3.4421631571180704,5.575867339874245
full_grid,MCAR 30%,cubic_spline,so2,0.8206463567474704,2.322334449734185
full_grid,MCAR 30%,cubic_spline,co,0.07821168648251575,0.15365141541283953
full_grid,MCAR 30%,cubic_spline,no2,4.430436524130242,7.668985487265404
full_grid,MCAR 30%,cubic_spline,o3,6.032700155749388,9.549550926387386
full_grid,MCAR 30%,cubic_spline,pm10,4.0135342186034615,7.001394905068112
full_grid,MCAR 30%,cubic_spline,pm25,3.438032161071267,5.551009353761417
full_grid,MCAR 30%,cubic_spline,so2,0.8165808477676239,2.524541804401034
full_grid,MCAR 30%,cubic_spline,co,0.07867387957090882,0.1554082088401632
full_grid,MCAR 30%,cubic_spline,no2,4.457590947357457,7.703618976166943
full_grid,MCAR 30%,cubic_spline,o3,6.025917871501572,9.560494827429574
full_grid,MCAR 30%,cubic_spline,pm10,4.005926840390952,7.0940172201054175
full_grid,MCAR 30%,cubic_spline,pm25,3.4552005850827983,5.599280099186804
full_grid,MCAR 30%,cubic_spline,so2,0.8080041653007805,2.2342443773466876
full_grid,MCAR 30%,cubic_spline,co,0.0782169645741537,0.15421826840563452
full_grid,MCAR 30%,cubic_spline,no2,4.387106216211064,7.5280970814674815
full_grid,MCAR 30%,cubic_spline,o3,6.047222832764203,9.641451325308367
full_grid,MCAR 30%,cubic_spline,pm10,4.007430778813115,7.068340858737749
full_grid,MCAR 30%,cubic_spline,pm25,3.4316471331516527,5.481470485963642
full_grid,MCAR 30%,cubic_spline,so2,0.8057420627769996,2.2014199747250416
full_grid,MCAR 30%,cubic_spline,co,0.07783547722593269,0.15345515524067446
full_grid,MCAR 30%,cubic_spline,no2,4.401120874370047,7.660655480533758
full_grid,MCAR 30%,cubic_spline,o3,6.046045008532086,9.627879856867862
full_grid,MCAR 30%,cubic_spline,pm10,3.9957995117657648,6.899684095505395
full_grid,MCAR 30%,cubic_spline,pm25,3.4385390720879254,5.5486414139148845
full_grid,MCAR 30%,cubic_spline,so2,0.8064840086684897,1.9333578043326372
full_grid,MCAR 30%,cubic_spline,co,0.07843950128579377,0.15370724963190247
full_grid,MCAR 30%,cubic_spline,no2,4.4227806813948085,7.622482228099305
full_grid,MCAR 30%,cubic_spline,o3,6.013397993291719,9.532607486389105
full_grid,MCAR 30%,cubic_spline,pm10,3.9977540547238815,6.967155646003593
full_grid,MCAR 30%,cubic_spline,pm25,3.4439528559900388,5.578789286605551
full_grid,MCAR 30%,cubic_spline,so2,0.8125846400521838,2.0677024145039966
full_grid,MCAR 30%,cubic_spline,co,0.07799207730284916,0.15398004821899086
full_grid,MCAR 30%,cubic_spline,no2,4.407023528552713,7.572921397701219
full_grid,MCAR 30%,cubic_spline,o3,6.0291546198280725,9.646774079826045
full_grid,MCAR 30%,cubic_spline,pm10,3.9897394651618288,6.951749449937227
full_grid,MCAR 30%,cubic_spline,pm25,3.4103448009076844,5.44630467001205
full_grid,MCAR 30%,cubic_spline,so2,0.8082350898222265,2.2341585249071163
full_grid,MCAR 30%,cubic_spline,co,0.07803408879154893,0.15323728809433693
full_grid,MCAR 30%,cubic_spline,no2,4.443797177136759,7.681665119039311
full_grid,MCAR 30%,cubic_spline,o3,6.015643820184628,9.512048431298405
full_grid,MCAR 30%,cubic_spline,pm10,3.997186482271933,6.936347309680331
full_grid,MCAR 30%,cubic_spline,pm25,3.4360696293292627,5.490120575260294
full_grid,MCAR 30%,cubic_spline,so2,0.8094422175796334,2.210903912947971
full_grid,MCAR 30%,cubic_spline,co,0.07797622600757999,0.15230761158512487
full_grid,MCAR 30%,cubic_spline,no2,4.447715017866948,7.762319580275915
full_grid,MCAR 30%,cubic_spline,o3,6.061880602594801,9.706205487242539
full_grid,MCAR 30%,cubic_spline,pm10,3.9883689539201628,6.849324157597649
full_grid,MCAR 30%,cubic_spline,pm25,3.44749487621594,5.54306035542727
full_grid,MCAR 30%,cubic_spline,so2,0.813215363443221,2.2782893536308504
full_grid,MCAR 30%,cubic_spline,co,0.07889805175770069,0.15620570392058886
full_grid,MCAR 30%,cubic_spline,no2,4.438202566115649,7.672421230380368
full_grid,MCAR 30%,cubic_spline,o3,6.011162971328941,9.543328308191297
full_grid,MCAR 30%,cubic_spline,pm10,3.990882814433574,6.982963904244016
full_grid,MCAR 30%,cubic_spline,pm25,3.4294196538793393,5.486338084140794
full_grid,MCAR 30%,cubic_spline,so2,0.8075113004642899,1.9095607080792423
full_grid,MCAR 30%,cubic_spline,co,0.07883871135679156,0.15723799042540543
full_grid,MCAR 30%,cubic_spline,no2,4.419831172576531,7.5732122530162655
full_grid,MCAR 30%,cubic_spline,o3,6.053238969337457,9.605406074626652
full_grid,MCAR 30%,cubic_spline,pm10,3.997416330836123,6.864394984349711
full_grid,MCAR 30%,cubic_spline,pm25,3.4396008834764533,5.574035877211023
full_grid,MCAR 30%,cubic_spline,so2,0.8144312102668096,2.4809185925491017
full_grid,MCAR 30%,cubic_spline,co,0.07930403819304786,0.15863241996786973
full_grid,MCAR 30%,cubic_spline,no2,4.411537712096049,7.620946346868582
full_grid,MCAR 30%,cubic_spline,o3,6.016184389991058,9.560089787576882
full_grid,MCAR 30%,cubic_spline,pm10,4.005359911856542,6.937365902809864
full_grid,MCAR 30%,cubic_spline,pm25,3.420199793323973,5.492110428831287
full_grid,MCAR 30%,cubic_spline,so2,0.8127330066648034,2.420922439091974
full_grid,MCAR 30%,cubic_spline,co,0.07866621458218642,0.1572745115817012
full_grid,MCAR 30%,cubic_spline,no2,4.43998223033289,7.691718690935263
full_grid,MCAR 30%,cubic_spline,o3,6.067894130608463,9.702577006431902
full_grid,MCAR 30%,cubic_spline,pm10,3.992397840131133,6.9173242712985505
full_grid,MCAR 30%,cubic_spline,pm25,3.4437138456867022,5.692197345411493
full_grid,MCAR 30%,cubic_spline,so2,0.8104143901944733,2.339543466936391
full_grid,MCAR 30%,cubic_spline,co,0.0785359465766722,0.1552784949296066
full_grid,MCAR 30%,cubic_spline,no2,4.404174366323699,7.634444735124127
full_grid,MCAR 30%,cubic_spline,o3,6.045365834649531,9.60027737368349
full_grid,MCAR 30%,cubic_spline,pm10,3.984642980838799,6.90035865074461
full_grid,MCAR 30%,cubic_spline,pm25,3.448630305080612,5.49589379097282
full_grid,MCAR 30%,cubic_spline,so2,0.8041273533324599,2.221561416417871
full_grid,MCAR 30%,galpi,co,0.06936997219103697,0.14191625008976744
full_grid,MCAR 30%,galpi,no2,4.370776612543167,7.653273329404799
full_grid,MCAR 30%,galpi,o3,6.722930670656733,11.211206927376319
full_grid,MCAR 30%,galpi,pm10,4.469382747654791,7.757633455317485
full_grid,MCAR 30%,galpi,pm25,3.197815349071215,5.265314364283005
full_grid,MCAR 30%,galpi,so2,0.7045683674565572,2.027969190443848
full_grid,MCAR 30%,galpi,co,0.06877556867975713,0.13969365285957294
full_grid,MCAR 30%,galpi,no2,4.326850764800759,7.512552397896733
full_grid,MCAR 30%,galpi,o3,6.689639368561486,10.93364133260162
full_grid,MCAR 30%,galpi,pm10,4.43534191771273,7.527897373889863
full_grid,MCAR 30%,galpi,pm25,3.22663494320289,5.36338869507927
full_grid,MCAR 30%,galpi,so2,0.7092815640362278,1.7750968021148168
full_grid,MCAR 30%,galpi,co,0.0698250265215589,0.1424363564199243
full_grid,MCAR 30%,galpi,no2,4.348742934767521,7.535254984161391
full_grid,MCAR 30%,galpi,o3,6.707520617844557,11.038077714728885
full_grid,MCAR 30%,galpi,pm10,4.46818209374961,7.685612821315543
full_grid,MCAR 30%,galpi,pm25,3.2408486953797304,5.425804872673711
full_grid,MCAR 30%,galpi,so2,0.7130163617433618,1.8614085579429505
full_grid,MCAR 30%,galpi,co,0.0693575916209838,0.142129054415872
full_grid,MCAR 30%,galpi,no2,4.343091414497845,7.546845817667913
full_grid,MCAR 30%,galpi,o3,6.772023765654747,11.249436652935612
full_grid,MCAR 30%,galpi,pm10,4.441595323229972,7.57833642306088
full_grid,MCAR 30%,galpi,pm25,3.207426431622525,5.2716745698113225
full_grid,MCAR 30%,galpi,so2,0.7120463437921336,2.148808162899945
full_grid,MCAR 30%,galpi,co,0.06993587924178951,0.14353635515100366
full_grid,MCAR 30%,galpi,no2,4.340695677500265,7.529606364153461
full_grid,MCAR 30%,galpi,o3,6.660939874886299,10.894591299279039
full_grid,MCAR 30%,galpi,pm10,4.470429348006106,7.6300028165836515
full_grid,MCAR 30%,galpi,pm25,3.235049021998277,5.369862730396865
full_grid,MCAR 30%,galpi,so2,0.7216045934539963,2.1007999061563107
full_grid,MCAR 30%,galpi,co,0.06971871576153575,0.14299723005525988
full_grid,MCAR 30%,galpi,no2,4.368184946257319,7.614337026515279
full_grid,MCAR 30%,galpi,o3,6.695936977460988,11.088589268126372
full_grid,MCAR 30%,galpi,pm10,4.485276564065917,7.725172033783922
full_grid,MCAR 30%,galpi,pm25,3.22304069967327,5.445058818320096
full_grid,MCAR 30%,galpi,so2,0.7203586441945464,2.346122576762997
full_grid,MCAR 30%,galpi,co,0.06893746887313046,0.13828414474111567
full_grid,MCAR 30%,galpi,no2,4.361586362840799,7.560813357458159
full_grid,MCAR 30%,galpi,o3,6.714223805843659,11.063380720377912
full_grid,MCAR 30%,galpi,pm10,4.449172637912745,7.643289486759
full_grid,MCAR 30%,galpi,pm25,3.223640444884657,5.334813213977866
full_grid,MCAR 30%,galpi,so2,0.7135347773435962,1.9104878026602063
full_grid,MCAR 30%,galpi,co,0.06919739363544841,0.14131032503510904
full_grid,MCAR 30%,galpi,no2,4.330116402934307,7.513747421760065
full_grid,MCAR 30%,galpi,o3,6.740032103732817,11.150616065877918
full_grid,MCAR 30%,galpi,pm10,4.495616335280038,7.784929033034645
full_grid,MCAR 30%,galpi,pm25,3.2332307725814475,5.30100203065122
full_grid,MCAR 30%,galpi,so2,0.7082410278741637,1.8956293243952558
full_grid,MCAR 30%,galpi,co,0.06962109481302878,0.14233994592039728
full_grid,MCAR 30%,galpi,no2,4.379203661038773,7.643014008323151
full_grid,MCAR 30%,galpi,o3,6.75119373174299,11.142649237397583
full_grid,MCAR 30%,galpi,pm10,4.486181175239896,7.7455375654196725
full_grid,MCAR 30%,galpi,pm25,3.2454646722965936,5.371544632812814
full_grid,MCAR 30%,galpi,so2,0.7064771425591265,1.8230297207589528
full_grid,MCAR 30%,galpi,co,0.06958347485767939,0.1417681411357101
full_grid,MCAR 30%,galpi,no2,4.349832147621052,7.60407501859595
full_grid,MCAR 30%,galpi,o3,6.727194125579603,11.057383936724305
full_grid,MCAR 30%,galpi,pm10,4.467069638925745,7.62419805926789
full_grid,MCAR 30%,galpi,pm25,3.240957496222166,5.352899235972383
full_grid,MCAR 30%,galpi,so2,0.7075241682717863,2.0164355443310606
full_grid,MCAR 30%,galpi,co,0.06877332903424925,0.13825578463111043
full_grid,MCAR 30%,galpi,no2,4.353086423533378,7.572729340122733
full_grid,MCAR 30%,galpi,o3,6.728930124196502,11.064722625720897
full_grid,MCAR 30%,galpi,pm10,4.484144829278521,7.769868203521494
full_grid,MCAR 30%,galpi,pm25,3.2262698838612,5.3326338812200875
full_grid,MCAR 30%,galpi,so2,0.719894546750002,2.2235492774871597
full_grid,MCAR 30%,galpi,co,0.06995137826781733,0.14266590057817657
full_grid,MCAR 30%,galpi,no2,4.361400186706613,7.6441308580462115
full_grid,MCAR 30%,galpi,o3,6.755447734932454,11.194290734128924
full_grid,MCAR 30%,galpi,pm10,4.462609134344873,7.63820208102296
full_grid,MCAR 30%,galpi,pm25,3.234606362507364,5.330544788798598
full_grid,MCAR 30%,galpi,so2,0.7130518379409062,2.078729253311531
full_grid,MCAR 30%,galpi,co,0.06972827782765954,0.14249985265700651
full_grid,MCAR 30%,galpi,no2,4.360700065043258,7.57209494375374
full_grid,MCAR 30%,galpi,o3,6.69648201360073,11.025370906501259
full_grid,MCAR 30%,galpi,pm10,4.496896340594629,7.77641632904177
full_grid,MCAR 30%,galpi,pm25,3.2318031676873455,5.336819477459089
full_grid,MCAR 30%,galpi,so2,0.7078022222025595,1.7169991773781084
full_grid,MCAR 30%,galpi,co,0.07018922954216944,0.1436429286785522
full_grid,MCAR 30%,galpi,no2,4.340201061018418,7.5185263406509355
full_grid,MCAR 30%,galpi,o3,6.737580306262048,11.194413827833406
full_grid,MCAR 30%,galpi,pm10,4.470012518702611,7.795404667302381
full_grid,MCAR 30%,galpi,pm25,3.23022817590335,5.288526535707308
full_grid,MCAR 30%,galpi,so2,0.7144120522405641,1.7675991304748875
full_grid,MCAR 30%,galpi,co,0.06910245581523525,0.1410533752387437
full_grid,MCAR 30%,galpi,no2,4.354325885237565,7.569493591795368
full_grid,MCAR 30%,galpi,o3,6.682044481359404,11.027337037810305
full_grid,MCAR 30%,galpi,pm10,4.4693126309797915,7.705257530751922
full_grid,MCAR 30%,galpi,pm25,3.221693001485949,5.279244768300667
full_grid,MCAR 30%,galpi,so2,0.7129980332424684,1.9108559078802863
full_grid,MCAR 30%,galpi,co,0.06913571541825368,0.14088345796796198
full_grid,MCAR 30%,galpi,no2,4.3502031586399745,7.588039995641767
full_grid,MCAR 30%,galpi,o3,6.7330038583581775,11.1891062904843
full_grid,MCAR 30%,galpi,pm10,4.453050644310302,7.5644105471645275
full_grid,MCAR 30%,galpi,pm25,3.2150731085982387,5.264493165618648
full_grid,MCAR 30%,galpi,so2,0.711587496610212,2.11350611951991
full_grid,MCAR 30%,galpi,co,0.06999861826058451,0.1438838019384447
full_grid,MCAR 30%,galpi,no2,4.364743783337424,7.573898233349135
full_grid,MCAR 30%,galpi,o3,6.734951673490114,11.079620642130035
full_grid,MCAR 30%,galpi,pm10,4.4554690475385845,7.558677583646917
full_grid,MCAR 30%,galpi,pm25,3.2278884260465883,5.331234712777432
full_grid,MCAR 30%,galpi,so2,0.7172652402513358,1.9651851762797805
full_grid,MCAR 30%,galpi,co,0.06998060244475335,0.14532781035749792
full_grid,MCAR 30%,galpi,no2,4.3255492425067645,7.506614218092619
full_grid,MCAR 30%,galpi,o3,6.73639887811349,11.133448161281091
full_grid,MCAR 30%,galpi,pm10,4.433797614204552,7.479650665367899
full_grid,MCAR 30%,galpi,pm25,3.2267275922261605,5.352050068913949
full_grid,MCAR 30%,galpi,so2,0.7186656008219827,2.0437830218048316
full_grid,MCAR 30%,galpi,co,0.06982918596904979,0.14150824456601957
full_grid,MCAR 30%,galpi,no2,4.311420062802568,7.49697841198453
full_grid,MCAR 30%,galpi,o3,6.689795485396631,11.043343879730068
full_grid,MCAR 30%,galpi,pm10,4.486432287160387,7.728231485733117
full_grid,MCAR 30%,galpi,pm25,3.2266632697065956,5.330940072244814
full_grid,MCAR 30%,galpi,so2,0.7151132369520278,1.9752221546039963
full_grid,MCAR 30%,galpi,co,0.06922404942405884,0.14011476817601679
full_grid,MCAR 30%,galpi,no2,4.349728570864923,7.570422104440753
full_grid,MCAR 30%,galpi,o3,6.68403034134839,10.985589711470366
full_grid,MCAR 30%,galpi,pm10,4.464845053921835,7.522920974725746
full_grid,MCAR 30%,galpi,pm25,3.214818255960421,5.28698618681057
full_grid,MCAR 30%,galpi,so2,0.7178247383139306,1.9188560682166567
full_grid,MCAR 30%,linear_interpolation,co,0.06640949260931309,0.1362503092114125
full_grid,MCAR 30%,linear_interpolation,no2,4.112122040759795,7.068967456551783
full_grid,MCAR 30%,linear_interpolation,o3,6.140325609492405,9.602126095508266
full_grid,MCAR 30%,linear_interpolation,pm10,4.2097655834875205,6.952881026754613
full_grid,MCAR 30%,linear_interpolation,pm25,3.078111211996895,4.978389302904033
full_grid,MCAR 30%,linear_interpolation,so2,0.6855677635258128,1.8498382535224405
full_grid,MCAR 30%,linear_interpolation,co,0.0661528919292774,0.136741684354895
full_grid,MCAR 30%,linear_interpolation,no2,4.136927075998987,7.115952023196807
full_grid,MCAR 30%,linear_interpolation,o3,6.126677932549999,9.536154635817924
full_grid,MCAR 30%,linear_interpolation,pm10,4.2095386692326136,7.070520576471035
full_grid,MCAR 30%,linear_interpolation,pm25,3.0765308855139595,4.929797885214434
full_grid,MCAR 30%,linear_interpolation,so2,0.682836086965186,1.8506689782376116
full_grid,MCAR 30%,linear_interpolation,co,0.06647085960914799,0.13700312018578945
full_grid,MCAR 30%,linear_interpolation,no2,4.116362920687901,7.070110058208523
full_grid,MCAR 30%,linear_interpolation,o3,6.1640452302652555,9.624949496912087
full_grid,MCAR 30%,linear_interpolation,pm10,4.2014999889399025,6.989944228309691
full_grid,MCAR 30%,linear_interpolation,pm25,3.1019361856183063,5.012357337836895
full_grid,MCAR 30%,linear_interpolation,so2,0.6796170452495017,1.9884360813059325
full_grid,MCAR 30%,linear_interpolation,co,0.06653434642491754,0.13731251271133207
full_grid,MCAR 30%,linear_interpolation,no2,4.088846746104158,6.999809233410115
full_grid,MCAR 30%,linear_interpolation,o3,6.165358278273704,9.675685863927118
full_grid,MCAR 30%,linear_interpolation,pm10,4.230594352996707,7.116480042088514
full_grid,MCAR 30%,linear_interpolation,pm25,3.088138467531518,4.954369628799951
full_grid,MCAR 30%,linear_interpolation,so2,0.6797707631420543,1.871928114759092
full_grid,MCAR 30%,linear_interpolation,co,0.06645268917121946,0.13703319884936746
full_grid,MCAR 30%,linear_interpolation,no2,4.094281581075075,6.997294892895106
full_grid,MCAR 30%,linear_interpolation,o3,6.171034087701369,9.661306245921107
full_grid,MCAR 30%,linear_interpolation,pm10,4.1930124560061515,7.029669434052711
full_grid,MCAR 30%,linear_interpolation,pm25,3.0752922080869833,4.985454675537544
full_grid,MCAR 30%,linear_interpolation,so2,0.6834176667903327,2.104620493387552
full_grid,MCAR 30%,linear_interpolation,co,0.0665960114986109,0.13826179401790437
full_grid,MCAR 30%,linear_interpolation,no2,4.1231677349322515,7.043061572788745
full_grid,MCAR 30%,linear_interpolation,o3,6.1594706041171134,9.657861410964813
full_grid,MCAR 30%,linear_interpolation,pm10,4.221318743316226,7.053382691585904
full_grid,MCAR 30%,linear_interpolation,pm25,3.091266708233231,5.111434395790696
full_grid,MCAR 30%,linear_interpolation,so2,0.6920363608062603,2.3104815748810084
full_grid,MCAR 30%,linear_interpolation,co,0.06681958331556348,0.1386857585565726
full_grid,MCAR 30%,linear_interpolation,no2,4.125734431495025,7.031701365770554
full_grid,MCAR 30%,linear_interpolation,o3,6.186850406323513,9.725992815347025
full_grid,MCAR 30%,linear_interpolation,pm10,4.19899493623489,6.9685714215362635
full_grid,MCAR 30%,linear_interpolation,pm25,3.083747509467725,4.929874180154744
full_grid,MCAR 30%,linear_interpolation,so2,0.6883652336610017,1.889842307029394
full_grid,MCAR 30%,linear_interpolation,co,0.06695507960009178,0.13811148484426816
full_grid,MCAR 30%,linear_interpolation,no2,4.1098807683386545,7.091728387310131
full_grid,MCAR 30%,linear_interpolation,o3,6.176266475296539,9.686606832325523
full_grid,MCAR 30%,linear_interpolation,pm10,4.194866765435779,7.002395231975779
full_grid,MCAR 30%,linear_interpolation,pm25,3.091417010014199,5.045179083288621
full_grid,MCAR 30%,linear_interpolation,so2,0.6827624246262484,2.0312286702484275
full_grid,MCAR 30%,linear_interpolation,co,0.06665868639720937,0.1376238057622177
full_grid,MCAR 30%,linear_interpolation,no2,4.137907546122754,7.116978401361762
full_grid,MCAR 30%,linear_interpolation,o3,6.126738432564001,9.59392953713975
full_grid,MCAR 30%,linear_interpolation,pm10,4.237679825268995,7.137858869430385
full_grid,MCAR 30%,linear_interpolation,pm25,3.0830463653656914,4.951021281951497
full_grid,MCAR 30%,linear_interpolation,so2,0.6781856413988833,1.6555390784275943
full_grid,MCAR 30%,linear_interpolation,co,0.0669094248557816,0.1364286215983298
full_grid,MCAR 30%,linear_interpolation,no2,4.084598794402039,7.011369117338458
full_grid,MCAR 30%,linear_interpolation,o3,6.137964602981874,9.60461142349449
full_grid,MCAR 30%,linear_interpolation,pm10,4.233270481051015,7.106037729800097
full_grid,MCAR 30%,linear_interpolation,pm25,3.08404414133987,4.999287656911366
full_grid,MCAR 30%,linear_interpolation,so2,0.6838605138054119,1.926057733359218
full_grid,MCAR 30%,linear_interpolation,co,0.06585598986440327,0.13374383541894863
full_grid,MCAR 30%,linear_interpolation,no2,4.117978431819138,7.08356212949514
full_grid,MCAR 30%,linear_interpolation,o3,6.164792114187398,9.62093166826768
full_grid,MCAR 30%,linear_interpolation,pm10,4.225298550359516,7.13637348980849
full_grid,MCAR 30%,linear_interpolation,pm25,3.089431832512573,5.035707357872072
full_grid,MCAR 30%,linear_interpolation,so2,0.6886233299732957,2.17131596300099
full_grid,MCAR 30%,linear_interpolation,co,0.06603752802268985,0.1340572418864662
full_grid,MCAR 30%,linear_interpolation,no2,4.13573345446562,7.101027296504032
full_grid,MCAR 30%,linear_interpolation,o3,6.162552972325404,9.632457014500702
full_grid,MCAR 30%,linear_interpolation,pm10,4.203211463315577,7.062529699577863
full_grid,MCAR 30%,linear_interpolation,pm25,3.0809133148791994,4.993013488526751
full_grid,MCAR 30%,linear_interpolation,so2,0.684472563001987,1.8828481541957023
full_grid,MCAR 30%,linear_interpolation,co,0.06671902028195001,0.1371138844871439
full_grid,MCAR 30%,linear_interpolation,no2,4.118793352066914,7.059469398361664
full_grid,MCAR 30%,linear_interpolation,o3,6.148699820142846,9.619558079745797
full_grid,MCAR 30%,linear_interpolation,pm10,4.211593712039249,7.048601306369936
full_grid,MCAR 30%,linear_interpolation,pm25,3.0941155367015543,5.064525147908047
full_grid,MCAR 30%,linear_interpolation,so2,0.684648257444566,1.8131614645573222
full_grid,MCAR 30%,linear_interpolation,co,0.06667600427874525,0.1375070871155079
full_grid,MCAR 30%,linear_interpolation,no2,4.146863312875866,7.119450705396885
full_grid,MCAR 30%,linear_interpolation,o3,6.156324988303439,9.622743636852563
full_grid,MCAR 30%,linear_interpolation,pm10,4.219149812123074,7.091000417916956
full_grid,MCAR 30%,linear_interpolation,pm25,3.109565482806436,5.084126445835769
full_grid,MCAR 30%,linear_interpolation,so2,0.6773133130990928,1.7979364214592581
full_grid,MCAR 30%,linear_interpolation,co,0.06700203003256218,0.13911054118428826
full_grid,MCAR 30%,linear_interpolation,no2,4.110655755240884,7.0480573959357296
full_grid,MCAR 30%,linear_interpolation,o3,6.1184845534506875,9.547598038350428
full_grid,MCAR 30%,linear_interpolation,pm10,4.197215876051926,6.941949960192907
full_grid,MCAR 30%,linear_interpolation,pm25,3.100569101899771,5.062357370997753
full_grid,MCAR 30%,linear_interpolation,so2,0.6895394796577048,2.0460178406009497
full_grid,MCAR 30%,linear_interpolation,co,0.06587086659633352,0.13497240476644032
full_grid,MCAR 30%,linear_interpolation,no2,4.108672009054241,7.047039164546434
full_grid,MCAR 30%,linear_interpolation,o3,6.128039875595286,9.55877147088394
full_grid,MCAR 30%,linear_interpolation,pm10,4.196104726380619,6.97508677864597
full_grid,MCAR 30%,linear_interpolation,pm25,3.088567567065818,5.0370600638114045
full_grid,MCAR 30%,linear_interpolation,so2,0.6780443564522856,1.7148417784178065
full_grid,MCAR 30%,linear_interpolation,co,0.06645109471693386,0.137162666316136
full_grid,MCAR 30%,linear_interpolation,no2,4.121545524086194,7.083566505962946
full_grid,MCAR 30%,linear_interpolation,o3,6.16755515820197,9.724884663652725
full_grid,MCAR 30%,linear_interpolation,pm10,4.2122699934437104,7.0949009265429925
full_grid,MCAR 30%,linear_interpolation,pm25,3.0644323821231576,4.955898939026415
full_grid,MCAR 30%,linear_interpolation,so2,0.6776810402921296,1.9914210611627252
full_grid,MCAR 30%,linear_interpolation,co,0.06630643026870388,0.13615189109141665
full_grid,MCAR 30%,linear_interpolation,no2,4.107853792160138,7.048082597804502
full_grid,MCAR 30%,linear_interpolation,o3,6.1751264010449285,9.700257083968491
full_grid,MCAR 30%,linear_interpolation,pm10,4.205549594607799,7.020812941368977
full_grid,MCAR 30%,linear_interpolation,pm25,3.0804452187366556,4.980251445453137
full_grid,MCAR 30%,linear_interpolation,so2,0.6805054904945839,2.0647035340611715
full_grid,MCAR 30%,linear_interpolation,co,0.06733438799450801,0.1396125903337156
full_grid,MCAR 30%,linear_interpolation,no2,4.108263275609143,7.007500763762155
full_grid,MCAR 30%,linear_interpolation,o3,6.167342019870194,9.688166687106113
full_grid,MCAR 30%,linear_interpolation,pm10,4.206724215412798,7.132122068676575
full_grid,MCAR 30%,linear_interpolation,pm25,3.089999646542361,4.959342728835063
full_grid,MCAR 30%,linear_interpolation,so2,0.6842946057677847,1.7294917056778458
full_grid,MCAR 30%,linear_interpolation,co,0.06719697784519889,0.1407173771270812
full_grid,MCAR 30%,linear_interpolation,no2,4.089156863149177,7.03099638645713
full_grid,MCAR 30%,linear_interpolation,o3,6.1592218937962135,9.657411571452693
full_grid,MCAR 30%,linear_interpolation,pm10,4.18866259124082,6.959303654656137
full_grid,MCAR 30%,linear_interpolation,pm25,3.0882030095937707,5.021250347707681
full_grid,MCAR 30%,linear_interpolation,so2,0.6884306628093017,1.9958378592984387
full_grid,MCAR 30%,nearest_interpolation,co,0.07986600036629343,0.17037039660224534
full_grid,MCAR 30%,nearest_interpolation,no2,5.611453360054958,9.5876428126718
full_grid,MCAR 30%,nearest_interpolation,o3,9.958773625030814,15.19091973819721
full_grid,MCAR 30%,nearest_interpolation,pm10,6.1566736177582975,10.057953778018447
full_grid,MCAR 30%,nearest_interpolation,pm25,4.162208532515236,6.855562229947754
full_grid,MCAR 30%,nearest_interpolation,so2,0.8335313351797222,2.664856479764165
full_grid,MCAR 30%,nearest_interpolation,co,0.08011915456677442,0.17177477630204133
full_grid,MCAR 30%,nearest_interpolation,no2,5.616306062902282,9.612367659782482
full_grid,MCAR 30%,nearest_interpolation,o3,9.979240582879521,15.164621723297097
full_grid,MCAR 30%,nearest_interpolation,pm10,6.141911562117105,9.896111792077992
full_grid,MCAR 30%,nearest_interpolation,pm25,4.155767858462568,6.780586595394234
full_grid,MCAR 30%,nearest_interpolation,so2,0.8341568307208441,2.241111967014063
full_grid,MCAR 30%,nearest_interpolation,co,0.08031339604741573,0.17341525673428318
full_grid,MCAR 30%,nearest_interpolation,no2,5.609999117139796,9.597573549236218
full_grid,MCAR 30%,nearest_interpolation,o3,9.990148787581845,15.243389795412249
full_grid,MCAR 30%,nearest_interpolation,pm10,6.133785951702928,9.893901874211597
full_grid,MCAR 30%,nearest_interpolation,pm25,4.167696446314762,6.741026763194628
full_grid,MCAR 30%,nearest_interpolation,so2,0.8292122277555979,2.385493209073458
full_grid,MCAR 30%,nearest_interpolation,co,0.07968199141530442,0.17132586546590764
full_grid,MCAR 30%,nearest_interpolation,no2,5.6055493289028755,9.597074697654039
full_grid,MCAR 30%,nearest_interpolation,o3,10.003518577513036,15.292032589242247
full_grid,MCAR 30%,nearest_interpolation,pm10,6.1175735186746225,9.86600213014047
full_grid,MCAR 30%,nearest_interpolation,pm25,4.155996992964302,6.750700181494106
full_grid,MCAR 30%,nearest_interpolation,so2,0.8304809451169223,2.4334154879080265
full_grid,MCAR 30%,nearest_interpolation,co,0.08106803595221541,0.17538172053225606
full_grid,MCAR 30%,nearest_interpolation,no2,5.617587679634479,9.56978049098232
full_grid,MCAR 30%,nearest_interpolation,o3,9.963072986243883,15.197833894035805
full_grid,MCAR 30%,nearest_interpolation,pm10,6.125885055280487,9.864086053051182
full_grid,MCAR 30%,nearest_interpolation,pm25,4.178691020028712,6.780915070496196
full_grid,MCAR 30%,nearest_interpolation,so2,0.8324269057234589,2.157120496969482
full_grid,MCAR 30%,nearest_interpolation,co,0.08074079065524756,0.17514538833108767
full_grid,MCAR 30%,nearest_interpolation,no2,5.625075368536283,9.609279351912289
full_grid,MCAR 30%,nearest_interpolation,o3,9.970219172527807,15.224797878667237
full_grid,MCAR 30%,nearest_interpolation,pm10,6.138009510141704,9.86164725731961
full_grid,MCAR 30%,nearest_interpolation,pm25,4.161084083434959,6.845472078594069
full_grid,MCAR 30%,nearest_interpolation,so2,0.8308048670898057,2.722958555268651
full_grid,MCAR 30%,nearest_interpolation,co,0.0805860298399157,0.17406571777882576
full_grid,MCAR 30%,nearest_interpolation,no2,5.642661620430978,9.623552856223453
full_grid,MCAR 30%,nearest_interpolation,o3,9.959203911664241,15.162050997203396
full_grid,MCAR 30%,nearest_interpolation,pm10,6.144946498558003,10.013010692739103
full_grid,MCAR 30%,nearest_interpolation,pm25,4.170005005690712,6.737352370196332
full_grid,MCAR 30%,nearest_interpolation,so2,0.8316441553889803,2.1767379145948214
full_grid,MCAR 30%,nearest_interpolation,co,0.080283158674876,0.17201303204784915
full_grid,MCAR 30%,nearest_interpolation,no2,5.619680008863911,9.629177866145842
full_grid,MCAR 30%,nearest_interpolation,o3,9.973639364984036,15.231502408708755
full_grid,MCAR 30%,nearest_interpolation,pm10,6.156165411381712,9.940272397793057
full_grid,MCAR 30%,nearest_interpolation,pm25,4.172007870788729,6.820389216398855
full_grid,MCAR 30%,nearest_interpolation,so2,0.8291670622316784,2.1832018037177523
full_grid,MCAR 30%,nearest_interpolation,co,0.08079232736146055,0.17547543780935254
full_grid,MCAR 30%,nearest_interpolation,no2,5.629816075129648,9.617930312147111
full_grid,MCAR 30%,nearest_interpolation,o3,9.959428543553432,15.149326951083093
full_grid,MCAR 30%,nearest_interpolation,pm10,6.1254816044939115,9.865609976359734
full_grid,MCAR 30%,nearest_interpolation,pm25,4.170805347709151,6.826944232434519
full_grid,MCAR 30%,nearest_interpolation,so2,0.8402810398511112,2.6442386105129976
full_grid,MCAR 30%,nearest_interpolation,co,0.08021609667547377,0.1735748655460047
full_grid,MCAR 30%,nearest_interpolation,no2,5.599952625093302,9.563056641063543
full_grid,MCAR 30%,nearest_interpolation,o3,9.99417121185332,15.29039811525351
full_grid,MCAR 30%,nearest_interpolation,pm10,6.17206681142036,10.056442605009979
full_grid,MCAR 30%,nearest_interpolation,pm25,4.157571801972805,6.6945069768505086
full_grid,MCAR 30%,nearest_interpolation,so2,0.832167018035502,2.4661670557275017
full_grid,MCAR 30%,nearest_interpolation,co,0.08032848376820773,0.1729631095768613
full_grid,MCAR 30%,nearest_interpolation,no2,5.633526660604486,9.59226466686241
full_grid,MCAR 30%,nearest_interpolation,o3,10.047189229045992,15.35128986150632
full_grid,MCAR 30%,nearest_interpolation,pm10,6.128229573530904,9.85181406070752
full_grid,MCAR 30%,nearest_interpolation,pm25,4.150072354278237,6.678726132438735
full_grid,MCAR 30%,nearest_interpolation,so2,0.8373557066218175,2.300409745189189
full_grid,MCAR 30%,nearest_interpolation,co,0.08045132522804027,0.17387644345948014
full_grid,MCAR 30%,nearest_interpolation,no2,5.616586105953595,9.580531357271898
full_grid,MCAR 30%,nearest_interpolation,o3,9.986325711978056,15.284076486435188
full_grid,MCAR 30%,nearest_interpolation,pm10,6.124058585863828,9.830644101276464
full_grid,MCAR 30%,nearest_interpolation,pm25,4.159728586631822,6.748357563223044
full_grid,MCAR 30%,nearest_interpolation,so2,0.8341919140264896,2.460735796465369
full_grid,MCAR 30%,nearest_interpolation,co,0.08074060764675642,0.1735257077946291
full_grid,MCAR 30%,nearest_interpolation,no2,5.613092523115715,9.587580078984377
full_grid,MCAR 30%,nearest_interpolation,o3,9.94125581505349,15.178974401976092
full_grid,MCAR 30%,nearest_interpolation,pm10,6.154742450218371,9.976043538950831
full_grid,MCAR 30%,nearest_interpolation,pm25,4.161911640083732,6.778091456423588
full_grid,MCAR 30%,nearest_interpolation,so2,0.8304921662974534,2.497330273943917
full_grid,MCAR 30%,nearest_interpolation,co,0.08036992955363481,0.17289980576790553
full_grid,MCAR 30%,nearest_interpolation,no2,5.631135417587904,9.6193221894822
full_grid,MCAR 30%,nearest_interpolation,o3,9.974160361979694,15.234833113893437
full_grid,MCAR 30%,nearest_interpolation,pm10,6.124246418942007,9.954100251248095
full_grid,MCAR 30%,nearest_interpolation,pm25,4.151841615228517,6.767340639952002
full_grid,MCAR 30%,nearest_interpolation,so2,0.8265154654138673,2.352988804494204
full_grid,MCAR 30%,nearest_interpolation,co,0.08088341821003293,0.17462448224093452
full_grid,MCAR 30%,nearest_interpolation,no2,5.591109129115587,9.550350001502144
full_grid,MCAR 30%,nearest_interpolation,o3,9.956711645070031,15.234604710360863
full_grid,MCAR 30%,nearest_interpolation,pm10,6.131002698734706,9.939835934842241
full_grid,MCAR 30%,nearest_interpolation,pm25,4.162161512042937,6.76693239386926
full_grid,MCAR 30%,nearest_interpolation,so2,0.8360362299218173,2.42845134435409
full_grid,MCAR 30%,nearest_interpolation,co,0.08021413444444445,0.1725234534867947
full_grid,MCAR 30%,nearest_interpolation,no2,5.629724437572913,9.641574457446218
full_grid,MCAR 30%,nearest_interpolation,o3,9.928835184556014,15.139051080018787
full_grid,MCAR 30%,nearest_interpolation,pm10,6.134623243548582,9.887480548539745
full_grid,MCAR 30%,nearest_interpolation,pm25,4.145870827731492,6.735150570485833
full_grid,MCAR 30%,nearest_interpolation,so2,0.8289381494919992,2.171414052013965
full_grid,MCAR 30%,nearest_interpolation,co,0.08016892742323978,0.17390680572905814
full_grid,MCAR 30%,nearest_interpolation,no2,5.629779382341921,9.639697138640463
full_grid,MCAR 30%,nearest_interpolation,o3,9.957922844255174,15.12372622939857
full_grid,MCAR 30%,nearest_interpolation,pm10,6.124765441568991,9.91686901505712
full_grid,MCAR 30%,nearest_interpolation,pm25,4.163129719486082,6.726434764509477
full_grid,MCAR 30%,nearest_interpolation,so2,0.8328189854861384,2.4591989096288907
full_grid,MCAR 30%,nearest_interpolation,co,0.08028557159049893,0.1733534088518211
full_grid,MCAR 30%,nearest_interpolation,no2,5.646661274541936,9.659871388521328
full_grid,MCAR 30%,nearest_interpolation,o3,9.97080615737421,15.208132283943664
full_grid,MCAR 30%,nearest_interpolation,pm10,6.14645207678413,9.960234128154584
full_grid,MCAR 30%,nearest_interpolation,pm25,4.168667729916361,6.821371916333246
full_grid,MCAR 30%,nearest_interpolation,so2,0.8424244258289483,2.6335365260875436
full_grid,MCAR 30%,nearest_interpolation,co,0.07963032898098032,0.17008549363609976
full_grid,MCAR 30%,nearest_interpolation,no2,5.630954822920293,9.651045811768677
full_grid,MCAR 30%,nearest_interpolation,o3,9.990121902449413,15.258292436824329
full_grid,MCAR 30%,nearest_interpolation,pm10,6.120519134464827,9.870622496156626
full_grid,MCAR 30%,nearest_interpolation,pm25,4.1568421230347425,6.77334565618133
full_grid,MCAR 30%,nearest_interpolation,so2,0.8295389259869258,2.3524585677867558
full_grid,MCAR 30%,nearest_interpolation,co,0.08001906571314453,0.17249100120775027
full_grid,MCAR 30%,nearest_interpolation,no2,5.655516906658886,9.682214413137116
full_grid,MCAR 30%,nearest_interpolation,o3,9.995638778086862,15.244168613016404
full_grid,MCAR 30%,nearest_interpolation,pm10,6.144388224954008,9.983816580569412
full_grid,MCAR 30%,nearest_interpolation,pm25,4.17495741278816,6.8095905052901005
full_grid,MCAR 30%,nearest_interpolation,so2,0.8278184273217754,2.5101035002470264
full_grid,MCAR 50%,cubic_spline,co,0.09645430582576982,0.19642308471869874
full_grid,MCAR 50%,cubic_spline,no2,5.539666908765192,9.71956085781489
full_grid,MCAR 50%,cubic_spline,o3,7.743682477524462,12.53673069818744
full_grid,MCAR 50%,cubic_spline,pm10,5.489858175715066,9.557868258849739
full_grid,MCAR 50%,cubic_spline,pm25,4.159602248780357,6.768457938770651
full_grid,MCAR 50%,cubic_spline,so2,1.0019017644520152,2.631097633578412
full_grid,MCAR 50%,cubic_spline,co,0.09553806819550845,0.19364950510853157
full_grid,MCAR 50%,cubic_spline,no2,5.502425662573986,9.659087621066606
full_grid,MCAR 50%,cubic_spline,o3,7.797039042351218,12.63702002417001
full_grid,MCAR 50%,cubic_spline,pm10,5.479088343765128,9.400274610335353
full_grid,MCAR 50%,cubic_spline,pm25,4.16931632796493,6.941937586365843
full_grid,MCAR 50%,cubic_spline,so2,1.0019255987478546,2.6120439729460845
full_grid,MCAR 50%,cubic_spline,co,0.09638751993555492,0.19559654240635652
full_grid,MCAR 50%,cubic_spline,no2,5.492452756819851,9.592342978161888
full_grid,MCAR 50%,cubic_spline,o3,7.738483290695564,12.523941410579987
full_grid,MCAR 50%,cubic_spline,pm10,5.495966386544202,9.643829998975184
full_grid,MCAR 50%,cubic_spline,pm25,4.177819122961948,6.940259550585812
full_grid,MCAR 50%,cubic_spline,so2,0.9873237498863203,2.5453646162185835
full_grid,MCAR 50%,cubic_spline,co,0.09628026481140614,0.1943716874198476
full_grid,MCAR 50%,cubic_spline,no2,5.537515604913349,9.681328546676601
full_grid,MCAR 50%,cubic_spline,o3,7.794975621325654,12.636854250177937
full_grid,MCAR 50%,cubic_spline,pm10,5.5032458674797535,9.756781080756184
full_grid,MCAR 50%,cubic_spline,pm25,4.185487050398236,6.890612539660644
full_grid,MCAR 50%,cubic_spline,so2,0.9953052216153899,2.6381585598995203
full_grid,MCAR 50%,cubic_spline,co,0.09699860340222857,0.19720213903088793
full_grid,MCAR 50%,cubic_spline,no2,5.540454278156429,9.671982905188337
full_grid,MCAR 50%,cubic_spline,o3,7.790487325004912,12.599443211293497
full_grid,MCAR 50%,cubic_spline,pm10,5.5117783734298555,9.827252602018563
full_grid,MCAR 50%,cubic_spline,pm25,4.1829791276966715,6.881723168690816
full_grid,MCAR 50%,cubic_spline,so2,0.9945709394716395,2.715865829354696
full_grid,MCAR 50%,cubic_spline,co,0.09595706829495283,0.19088444138542748
full_grid,MCAR 50%,cubic_spline,no2,5.534849922692863,9.711890953231332
full_grid,MCAR 50%,cubic_spline,o3,7.777044717713518,12.522446960096598
full_grid,MCAR 50%,cubic_spline,pm10,5.492555836214411,9.46447385678725
full_grid,MCAR 50%,cubic_spline,pm25,4.164120892647103,6.838334683883043
full_grid,MCAR 50%,cubic_spline,so2,0.9933588600419222,2.5645668430386195
full_grid,MCAR 50%,cubic_spline,co,0.09536423175655488,0.18919666241778516
full_grid,MCAR 50%,cubic_spline,no2,5.570299194715403,9.791272068531724
full_grid,MCAR 50%,cubic_spline,o3,7.821749540076091,12.717871242108505
full_grid,MCAR 50%,cubic_spline,pm10,5.463405914408441,9.364788886359124
full_grid,MCAR 50%,cubic_spline,pm25,4.17601104596534,6.854260705566245
full_grid,MCAR 50%,cubic_spline,so2,0.9905754892112905,2.595399701326824
full_grid,MCAR 50%,cubic_spline,co,0.09537298535308235,0.1880257275706856
full_grid,MCAR 50%,cubic_spline,no2,5.530191515144726,9.629797908498226
full_grid,MCAR 50%,cubic_spline,o3,7.765969567343166,12.53525716771239
full_grid,MCAR 50%,cubic_spline,pm10,5.524494629844422,10.899420161042888
full_grid,MCAR 50%,cubic_spline,pm25,4.180323177912033,6.972258550836094
full_grid,MCAR 50%,cubic_spline,so2,0.9904078199735529,2.588448652539154
full_grid,MCAR 50%,cubic_spline,co,0.09592764434043057,0.19195487859538202
full_grid,MCAR 50%,cubic_spline,no2,5.5181915623054225,9.700938885140296
full_grid,MCAR 50%,cubic_spline,o3,7.787979031732442,12.715370262004848
full_grid,MCAR 50%,cubic_spline,pm10,5.468114005395107,9.491534562991607
full_grid,MCAR 50%,cubic_spline,pm25,4.160522895619614,6.8847359805659
full_grid,MCAR 50%,cubic_spline,so2,1.0008795756316433,3.23170134613088
full_grid,MCAR 50%,cubic_spline,co,0.09573170226126888,0.19106550482401688
full_grid,MCAR 50%,cubic_spline,no2,5.503716531346969,9.587882698362106
full_grid,MCAR 50%,cubic_spline,o3,7.768650303937935,12.515523563091971
full_grid,MCAR 50%,cubic_spline,pm10,5.51282818786587,9.638326432357513
full_grid,MCAR 50%,cubic_spline,pm25,4.1772291650154365,6.959080157484995
full_grid,MCAR 50%,cubic_spline,so2,1.0053457376843715,2.9553711213631773
full_grid,MCAR 50%,cubic_spline,co,0.09533166896141328,0.18975571938872915
full_grid,MCAR 50%,cubic_spline,no2,5.548964394598162,9.754888277776338
full_grid,MCAR 50%,cubic_spline,o3,7.826608271409607,12.77282682969227
full_grid,MCAR 50%,cubic_spline,pm10,5.454410591021751,9.482690261678897
full_grid,MCAR 50%,cubic_spline,pm25,4.158977428916609,6.8488789057315955
full_grid,MCAR 50%,cubic_spline,so2,0.9929851287591666,2.8094176701273454
full_grid,MCAR 50%,cubic_spline,co,0.0962106906727266,0.19287612826638073
full_grid,MCAR 50%,cubic_spline,no2,5.534604369572092,9.672650269217032
full_grid,MCAR 50%,cubic_spline,o3,7.796723938764856,12.605180108551934
full_grid,MCAR 50%,cubic_spline,pm10,5.500194336011522,9.579989946238838
full_grid,MCAR 50%,cubic_spline,pm25,4.146588153322017,6.823617030841493
full_grid,MCAR 50%,cubic_spline,so2,0.9796301510510329,2.4754820829284605
full_grid,MCAR 50%,cubic_spline,co,0.09592627103245495,0.1924888716134338
full_grid,MCAR 50%,cubic_spline,no2,5.5219630645044395,9.571607133674163
full_grid,MCAR 50%,cubic_spline,o3,7.770321123894138,12.583713275025154
full_grid,MCAR 50%,cubic_spline,pm10,5.46801822081176,9.403106023210142
full_grid,MCAR 50%,cubic_spline,pm25,4.18027662313214,6.856931341766422
full_grid,MCAR 50%,cubic_spline,so2,0.9898947745340444,2.5711666392390673
full_grid,MCAR 50%,cubic_spline,co,0.09571553874755215,0.19196214763290176
full_grid,MCAR 50%,cubic_spline,no2,5.533516847771176,9.685742386592628
full_grid,MCAR 50%,cubic_spline,o3,7.774445278515829,12.546866898287318
full_grid,MCAR 50%,cubic_spline,pm10,5.474944049520052,9.507876409991521
full_grid,MCAR 50%,cubic_spline,pm25,4.177748842626755,6.967295238008376
full_grid,MCAR 50%,cubic_spline,so2,0.9887820678514561,2.5948397543319643
full_grid,MCAR 50%,cubic_spline,co,0.09558112263772187,0.19033556228886422
full_grid,MCAR 50%,cubic_spline,no2,5.533383058823358,9.698211157890139
full_grid,MCAR 50%,cubic_spline,o3,7.770319723059888,12.530996148760028
full_grid,MCAR 50%,cubic_spline,pm10,5.47568237200228,9.498819382187442
full_grid,MCAR 50%,cubic_spline,pm25,4.160468291418192,6.761599310003704
full_grid,MCAR 50%,cubic_spline,so2,0.9940554452006725,2.8179800887614275
full_grid,MCAR 50%,cubic_spline,co,0.09566636918256861,0.18800970015316365
full_grid,MCAR 50%,cubic_spline,no2,5.49548162413821,9.551172513712324
full_grid,MCAR 50%,cubic_spline,o3,7.78734935075693,12.559852578785863
full_grid,MCAR 50%,cubic_spline,pm10,5.4845807717053505,9.572057783130914
full_grid,MCAR 50%,cubic_spline,pm25,4.149230968552136,6.85102055269664
full_grid,MCAR 50%,cubic_spline,so2,1.0009526245876885,2.791839088736303
full_grid,MCAR 50%,cubic_spline,co,0.09487762001027943,0.18512860473102483
full_grid,MCAR 50%,cubic_spline,no2,5.5596831576152335,9.751658183673836
full_grid,MCAR 50%,cubic_spline,o3,7.773625745296988,12.583293233033793
full_grid,MCAR 50%,cubic_spline,pm10,5.449244301066672,9.50540824080902
full_grid,MCAR 50%,cubic_spline,pm25,4.166695897680656,6.83667795598032
full_grid,MCAR 50%,cubic_spline,so2,0.9887032479630264,2.6952718238672757
full_grid,MCAR 50%,cubic_spline,co,0.09576345200892704,0.18833380556751525
full_grid,MCAR 50%,cubic_spline,no2,5.540217319162879,9.75406349890922
full_grid,MCAR 50%,cubic_spline,o3,7.794458710840969,12.669123377332946
full_grid,MCAR 50%,cubic_spline,pm10,5.481679844404281,9.562691498978559
full_grid,MCAR 50%,cubic_spline,pm25,4.157919137445856,7.031273436389575
full_grid,MCAR 50%,cubic_spline,so2,0.9946055739760268,2.7299747038053805
full_grid,MCAR 50%,cubic_spline,co,0.09645788975436258,0.19388554552660833
full_grid,MCAR 50%,cubic_spline,no2,5.535988392759268,9.701970321119928
full_grid,MCAR 50%,cubic_spline,o3,7.801213382140816,12.568496609768967
full_grid,MCAR 50%,cubic_spline,pm10,5.505015646469305,9.62686410720215
full_grid,MCAR 50%,cubic_spline,pm25,4.183848059062315,6.934736097346404
full_grid,MCAR 50%,cubic_spline,so2,0.993073953964296,2.809559518220318
full_grid,MCAR 50%,cubic_spline,co,0.09539302902740897,0.1884139822612386
full_grid,MCAR 50%,cubic_spline,no2,5.508386299803136,9.647152707972687
full_grid,MCAR 50%,cubic_spline,o3,7.687901373503117,12.366192090846964
full_grid,MCAR 50%,cubic_spline,pm10,5.453712525947351,9.416311080174474
full_grid,MCAR 50%,cubic_spline,pm25,4.1485952028696715,6.901095018023683
full_grid,MCAR 50%,cubic_spline,so2,0.9909938969434641,2.619060228855191
full_grid,MCAR 50%,galpi,co,0.08911830179493602,0.17122677512838513
full_grid,MCAR 50%,galpi,no2,5.892733538417596,10.201505195473096
full_grid,MCAR 50%,galpi,o3,10.479302678077662,17.84463919064416
full_grid,MCAR 50%,galpi,pm10,6.260152638878521,10.642792905342205
full_grid,MCAR 50%,galpi,pm25,4.189039853561414,7.062409047181035
full_grid,MCAR 50%,galpi,so2,0.9074031939066104,2.147945744063236
full_grid,MCAR 50%,galpi,co,0.08890881175416625,0.17069188165814358
full_grid,MCAR 50%,galpi,no2,5.897518861145365,10.216239671641791
full_grid,MCAR 50%,galpi,o3,10.468467361349594,17.81851449877328
full_grid,MCAR 50%,galpi,pm10,6.214105747711435,10.55794930601682
full_grid,MCAR 50%,galpi,pm25,4.1603059003354215,6.949722122195675
full_grid,MCAR 50%,galpi,so2,0.9163181172063363,2.3406874045046373
full_grid,MCAR 50%,galpi,co,0.0891488643269845,0.17219766469320044
full_grid,MCAR 50%,galpi,no2,5.926328814870128,10.305983315361239
full_grid,MCAR 50%,galpi,o3,10.45219314596875,17.740498587829858
full_grid,MCAR 50%,galpi,pm10,6.233835569517123,10.7072256875728
full_grid,MCAR 50%,galpi,pm25,4.214183071462612,7.074837177570713
full_grid,MCAR 50%,galpi,so2,0.9044609014932486,2.1994225391063393
full_grid,MCAR 50%,galpi,co,0.08909642130947297,0.17088388778598806
full_grid,MCAR 50%,galpi,no2,5.9056077944997325,10.172180254275194
full_grid,MCAR 50%,galpi,o3,10.484175146431419,17.884422464922494
full_grid,MCAR 50%,galpi,pm10,6.253887260122012,10.762893372836375
full_grid,MCAR 50%,galpi,pm25,4.198645500881984,7.075963627018514
full_grid,MCAR 50%,galpi,so2,0.9122270630409287,2.325681266323204
full_grid,MCAR 50%,galpi,co,0.08860377326554641,0.16993166065012186
full_grid,MCAR 50%,galpi,no2,5.878658306755503,10.19629709516341
full_grid,MCAR 50%,galpi,o3,10.430304288522699,17.675529389772905
full_grid,MCAR 50%,galpi,pm10,6.226654972970127,10.62049327938684
full_grid,MCAR 50%,galpi,pm25,4.175755948136107,6.990343044363072
full_grid,MCAR 50%,galpi,so2,0.9134687993026963,2.19705420772093
full_grid,MCAR 50%,galpi,co,0.08910779072387201,0.17057386142785677
full_grid,MCAR 50%,galpi,no2,5.863649172444293,10.137972933370442
full_grid,MCAR 50%,galpi,o3,10.442396417337577,17.819003454804793
full_grid,MCAR 50%,galpi,pm10,6.23604390472132,10.627945276882727
full_grid,MCAR 50%,galpi,pm25,4.160707036760457,6.951184255304404
full_grid,MCAR 50%,galpi,so2,0.9167520562986202,2.3172715330397193
full_grid,MCAR 50%,galpi,co,0.08873190481850377,0.17010014836736376
full_grid,MCAR 50%,galpi,no2,5.870976452781665,10.115545573039713
full_grid,MCAR 50%,galpi,o3,10.417578951419586,17.738293980948484
full_grid,MCAR 50%,galpi,pm10,6.232290465949573,10.679587059765202
full_grid,MCAR 50%,galpi,pm25,4.173301844044038,7.06013995112471
full_grid,MCAR 50%,galpi,so2,0.9114031366056106,2.3417274616740618
full_grid,MCAR 50%,galpi,co,0.08887880106972505,0.1707628844951668
full_grid,MCAR 50%,galpi,no2,5.88948050855157,10.18050964656473
full_grid,MCAR 50%,galpi,o3,10.518562463171426,18.004254564726622
full_grid,MCAR 50%,galpi,pm10,6.257754746977447,10.789538765853509
full_grid,MCAR 50%,galpi,pm25,4.182123996405695,7.0743043000962675
full_grid,MCAR 50%,galpi,so2,0.9107009793749461,2.4201363008911976
full_grid,MCAR 50%,galpi,co,0.08825369238037041,0.16821757125983908
full_grid,MCAR 50%,galpi,no2,5.908469944828828,10.255537085324525
full_grid,MCAR 50%,galpi,o3,10.505183128596238,18.021817628997002
full_grid,MCAR 50%,galpi,pm10,6.205131348332524,10.692896586907167
full_grid,MCAR 50%,galpi,pm25,4.1909062951830816,7.091162036207798
full_grid,MCAR 50%,galpi,so2,0.9111644142391466,2.283545767051636
full_grid,MCAR 50%,galpi,co,0.08916058795168742,0.17293085390043536
full_grid,MCAR 50%,galpi,no2,5.8784047157861625,10.224323835649994
full_grid,MCAR 50%,galpi,o3,10.545139241588029,18.057207428547134
full_grid,MCAR 50%,galpi,pm10,6.213146535375717,10.647643810725263
full_grid,MCAR 50%,galpi,pm25,4.193294140686826,7.117334037097659
full_grid,MCAR 50%,galpi,so2,0.9128933006199066,2.3972709580759113
full_grid,MCAR 50%,galpi,co,0.08917694676870654,0.17190792949987788
full_grid,MCAR 50%,galpi,no2,5.917799289066284,10.290728067609965
full_grid,MCAR 50%,galpi,o3,10.457871898199063,17.851324145309764
full_grid,MCAR 50%,galpi,pm10,6.191235317080736,10.611055135731533
full_grid,MCAR 50%,galpi,pm25,4.1489126798967035,6.872774348561467
full_grid,MCAR 50%,galpi,so2,0.9068245728813874,2.3230277804098804
full_grid,MCAR 50%,galpi,co,0.08899109580210222,0.17241209179900152
full_grid,MCAR 50%,galpi,no2,5.902418801223423,10.222903433685593
full_grid,MCAR 50%,galpi,o3,10.434814806344498,17.816350211109217
full_grid,MCAR 50%,galpi,pm10,6.23865172834298,10.65198589056638
full_grid,MCAR 50%,galpi,pm25,4.178383731554545,7.0893480264683735
full_grid,MCAR 50%,galpi,so2,0.9171247532421514,2.4074433741840067
full_grid,MCAR 50%,galpi,co,0.08811920975460891,0.16898734886190656
full_grid,MCAR 50%,galpi,no2,5.8583737184685365,10.118503961692086
full_grid,MCAR 50%,galpi,o3,10.423491681760341,17.756795262339043
full_grid,MCAR 50%,galpi,pm10,6.246197296680848,10.71439294862056
full_grid,MCAR 50%,galpi,pm25,4.167922249126849,7.062080472456881
full_grid,MCAR 50%,galpi,so2,0.909999756218193,2.331129882129173
full_grid,MCAR 50%,galpi,co,0.08921804043153196,0.1720643897145381
full_grid,MCAR 50%,galpi,no2,5.93155718228388,10.317051166171279
full_grid,MCAR 50%,galpi,o3,10.480572313285183,17.93386901865489
full_grid,MCAR 50%,galpi,pm10,6.246060566465445,10.790109205108985
full_grid,MCAR 50%,galpi,pm25,4.166169287364466,6.960802732779368
full_grid,MCAR 50%,galpi,so2,0.9093038327245664,2.3389254306507476
full_grid,MCAR 50%,galpi,co,0.08853058214712856,0.1701905462591918
full_grid,MCAR 50%,galpi,no2,5.863000962616001,10.119095461547339
full_grid,MCAR 50%,galpi,o3,10.34552672313115,17.5632791381423
full_grid,MCAR 50%,galpi,pm10,6.186825234114745,10.495267310143227
full_grid,MCAR 50%,galpi,pm25,4.180177259024193,7.1562740115959995
full_grid,MCAR 50%,galpi,so2,0.9104998401125137,2.1453787571983916
full_grid,MCAR 50%,galpi,co,0.0893034230018379,0.17148274753353954
full_grid,MCAR 50%,galpi,no2,5.8767367075139925,10.186573732556823
full_grid,MCAR 50%,galpi,o3,10.38794230248681,17.68194338055816
full_grid,MCAR 50%,galpi,pm10,6.2381257721786,10.716713151231726
full_grid,MCAR 50%,galpi,pm25,4.17448479373252,6.9788956328031135
full_grid,MCAR 50%,galpi,so2,0.9088650766517383,2.335287603882404
full_grid,MCAR 50%,galpi,co,0.08868555350989746,0.1698508023960576
full_grid,MCAR 50%,galpi,no2,5.8610107567504075,10.180848888986606
full_grid,MCAR 50%,galpi,o3,10.452883813160307,17.761468676884288
full_grid,MCAR 50%,galpi,pm10,6.2408257514473755,10.751939217033692
full_grid,MCAR 50%,galpi,pm25,4.182787614739677,7.0456323840139286
full_grid,MCAR 50%,galpi,so2,0.9202119082939844,2.4768687587027385
full_grid,MCAR 50%,galpi,co,0.08890979927780343,0.17090538361382623
full_grid,MCAR 50%,galpi,no2,5.884692723692566,10.175313164034858
full_grid,MCAR 50%,galpi,o3,10.438547968491173,17.844858805118815
full_grid,MCAR 50%,galpi,pm10,6.233784880316651,10.574921587716569
full_grid,MCAR 50%,galpi,pm25,4.164668906314466,7.028447330463332
full_grid,MCAR 50%,galpi,so2,0.9181484015800504,2.3782097145031655
full_grid,MCAR 50%,galpi,co,0.08873453489365876,0.17045767937115294
full_grid,MCAR 50%,galpi,no2,5.8982130031618984,10.215975862752442
full_grid,MCAR 50%,galpi,o3,10.477968495059796,17.90503616915919
full_grid,MCAR 50%,galpi,pm10,6.237451956586942,10.631625646269857
full_grid,MCAR 50%,galpi,pm25,4.1982453704821205,7.074470278143076
full_grid,MCAR 50%,galpi,so2,0.9090129032750038,2.3157778084685043
full_grid,MCAR 50%,galpi,co,0.0887340181953611,0.17093617340158193
full_grid,MCAR 50%,galpi,no2,5.898025261762699,10.17622277282648
full_grid,MCAR 50%,galpi,o3,10.416367173614109,17.721804507091754
full_grid,MCAR 50%,galpi,pm10,6.232101945848523,10.688178918709932
full_grid,MCAR 50%,galpi,pm25,4.198095360256045,7.095567591524634
full_grid,MCAR 50%,galpi,so2,0.9128911240052412,2.4225250278555994
full_grid,MCAR 50%,linear_interpolation,co,0.07857529508949161,0.15751904846480652
full_grid,MCAR 50%,linear_interpolation,no2,4.990358139483278,8.541456876098515
full_grid,MCAR 50%,linear_interpolation,o3,8.018318457247089,12.687954638226815
full_grid,MCAR 50%,linear_interpolation,pm10,5.305193499556585,8.843551597327771
full_grid,MCAR 50%,linear_interpolation,pm25,3.6406784344419982,5.97314265874227
full_grid,MCAR 50%,linear_interpolation,so2,0.8041688854825885,2.1716345738248406
full_grid,MCAR 50%,linear_interpolation,co,0.0787761544215563,0.15777336873936243
full_grid,MCAR 50%,linear_interpolation,no2,4.983393285235206,8.48831760290175
full_grid,MCAR 50%,linear_interpolation,o3,8.036360922284521,12.778825302620328
full_grid,MCAR 50%,linear_interpolation,pm10,5.303304947189717,8.947490756749968
full_grid,MCAR 50%,linear_interpolation,pm25,3.6472788084372367,6.026132115216592
full_grid,MCAR 50%,linear_interpolation,so2,0.8063150864793829,2.1955626214359802
full_grid,MCAR 50%,linear_interpolation,co,0.07914135310182986,0.1603837402342565
full_grid,MCAR 50%,linear_interpolation,no2,4.980758040844627,8.575157636742398
full_grid,MCAR 50%,linear_interpolation,o3,8.02916417249912,12.802690705912354
full_grid,MCAR 50%,linear_interpolation,pm10,5.295574265582944,8.927685633604801
full_grid,MCAR 50%,linear_interpolation,pm25,3.658234859091067,6.041744102132075
full_grid,MCAR 50%,linear_interpolation,so2,0.807939025349203,2.286220872577951
full_grid,MCAR 50%,linear_interpolation,co,0.07805396605567061,0.1560957045402562
full_grid,MCAR 50%,linear_interpolation,no2,4.995514858098558,8.546393136651613
full_grid,MCAR 50%,linear_interpolation,o3,8.009022625251625,12.700039152055785
full_grid,MCAR 50%,linear_interpolation,pm10,5.285824199468773,8.893161333995748
full_grid,MCAR 50%,linear_interpolation,pm25,3.648569242856515,6.056715950104238
full_grid,MCAR 50%,linear_interpolation,so2,0.8042096269267539,2.166118486488123
full_grid,MCAR 50%,linear_interpolation,co,0.07837748820116928,0.15705764314161547
full_grid,MCAR 50%,linear_interpolation,no2,4.997262820855192,8.577014605647296
full_grid,MCAR 50%,linear_interpolation,o3,8.044761909082595,12.734620475659408
full_grid,MCAR 50%,linear_interpolation,pm10,5.307697985383152,8.827844236728062
full_grid,MCAR 50%,linear_interpolation,pm25,3.638245809888317,5.96367321147163
full_grid,MCAR 50%,linear_interpolation,so2,0.8088712950777687,2.055972810679689
full_grid,MCAR 50%,linear_interpolation,co,0.0783758999981824,0.15687470192196096
full_grid,MCAR 50%,linear_interpolation,no2,5.0111450908478785,8.591407236002178
full_grid,MCAR 50%,linear_interpolation,o3,8.04119862627557,12.78609941380854
full_grid,MCAR 50%,linear_interpolation,pm10,5.303383214310659,8.874248469040772
full_grid,MCAR 50%,linear_interpolation,pm25,3.6553116913527304,6.029562828003405
full_grid,MCAR 50%,linear_interpolation,so2,0.8017949487224711,2.195322540566701
full_grid,MCAR 50%,linear_interpolation,co,0.07888258935985161,0.15758857973716023
full_grid,MCAR 50%,linear_interpolation,no2,5.009053138829738,8.57994145613229
full_grid,MCAR 50%,linear_interpolation,o3,8.021993276986851,12.696777698934797
full_grid,MCAR 50%,linear_interpolation,pm10,5.330663800982885,8.922647656819164
full_grid,MCAR 50%,linear_interpolation,pm25,3.652194800922391,6.0024435510317025
full_grid,MCAR 50%,linear_interpolation,so2,0.7974877036407256,1.9821958414342944
full_grid,MCAR 50%,linear_interpolation,co,0.07897205277774642,0.1587724059254082
full_grid,MCAR 50%,linear_interpolation,no2,5.0056014058373215,8.515952618375778
full_grid,MCAR 50%,linear_interpolation,o3,8.02050834567939,12.73630693510339
full_grid,MCAR 50%,linear_interpolation,pm10,5.346667170458129,9.081617923985124
full_grid,MCAR 50%,linear_interpolation,pm25,3.6515574488410287,5.987621248896222
full_grid,MCAR 50%,linear_interpolation,so2,0.8030327267622511,2.1410703015419967
full_grid,MCAR 50%,linear_interpolation,co,0.07817090654187035,0.15548697549397864
full_grid,MCAR 50%,linear_interpolation,no2,5.024028440118938,8.615548757202031
full_grid,MCAR 50%,linear_interpolation,o3,8.06759947138843,12.892252639529003
full_grid,MCAR 50%,linear_interpolation,pm10,5.290395749701045,8.96598884339962
full_grid,MCAR 50%,linear_interpolation,pm25,3.648757049724754,6.008880008899138
full_grid,MCAR 50%,linear_interpolation,so2,0.8058849316045733,2.17350175136067
full_grid,MCAR 50%,linear_interpolation,co,0.07860698016093404,0.15682248712415206
full_grid,MCAR 50%,linear_interpolation,no2,4.9750993548968605,8.512316758339537
full_grid,MCAR 50%,linear_interpolation,o3,8.002218480243943,12.67604609644535
full_grid,MCAR 50%,linear_interpolation,pm10,5.3180479835839725,8.926602229596652
full_grid,MCAR 50%,linear_interpolation,pm25,3.641301951643422,5.981502826956752
full_grid,MCAR 50%,linear_interpolation,so2,0.8100210640494597,2.322315111471611
full_grid,MCAR 50%,linear_interpolation,co,0.07892086651518258,0.15867401814713708
full_grid,MCAR 50%,linear_interpolation,no2,5.0090006014315955,8.560688118867636
full_grid,MCAR 50%,linear_interpolation,o3,8.02346656294154,12.819692682944403
full_grid,MCAR 50%,linear_interpolation,pm10,5.3022726386351655,8.900357489410434
full_grid,MCAR 50%,linear_interpolation,pm25,3.631605318234851,5.948166027438013
full_grid,MCAR 50%,linear_interpolation,so2,0.8091665223764152,2.221649004533999
full_grid,MCAR 50%,linear_interpolation,co,0.0789352795897854,0.15812228568934028
full_grid,MCAR 50%,linear_interpolation,no2,4.981541671581485,8.523561535910932
full_grid,MCAR 50%,linear_interpolation,o3,7.98475604242473,12.662712092080113
full_grid,MCAR 50%,linear_interpolation,pm10,5.306037690158489,8.844213052706575
full_grid,MCAR 50%,linear_interpolation,pm25,3.638648578023404,5.957028349462348
full_grid,MCAR 50%,linear_interpolation,so2,0.8057554006522482,2.210412133162577
full_grid,MCAR 50%,linear_interpolation,co,0.0786240811906489,0.15728441402510546
full_grid,MCAR 50%,linear_interpolation,no2,4.9984363883011556,8.53365108330426
full_grid,MCAR 50%,linear_interpolation,o3,8.005031330632544,12.685573386258305
full_grid,MCAR 50%,linear_interpolation,pm10,5.310441543440994,9.043119550899423
full_grid,MCAR 50%,linear_interpolation,pm25,3.666940861813108,5.9759597106910265
full_grid,MCAR 50%,linear_interpolation,so2,0.8029021160673498,2.0896155437853605
full_grid,MCAR 50%,linear_interpolation,co,0.07862117780179632,0.15711519482070793
full_grid,MCAR 50%,linear_interpolation,no2,5.015353478013134,8.604306424117285
full_grid,MCAR 50%,linear_interpolation,o3,8.016334193235869,12.745830786476862
full_grid,MCAR 50%,linear_interpolation,pm10,5.288251589247027,8.995836609537067
full_grid,MCAR 50%,linear_interpolation,pm25,3.628350723192634,5.883935548377184
full_grid,MCAR 50%,linear_interpolation,so2,0.8017791979226676,2.208469557230129
full_grid,MCAR 50%,linear_interpolation,co,0.07884317318676716,0.1584684711827599
full_grid,MCAR 50%,linear_interpolation,no2,4.98959696403723,8.522591187902352
full_grid,MCAR 50%,linear_interpolation,o3,8.054850666204223,12.804625213622765
full_grid,MCAR 50%,linear_interpolation,pm10,5.317951249600839,8.960898806604463
full_grid,MCAR 50%,linear_interpolation,pm25,3.6455428771418603,6.0192132684937185
full_grid,MCAR 50%,linear_interpolation,so2,0.80172943029764,2.2739894158108624
full_grid,MCAR 50%,linear_interpolation,co,0.07880320416022012,0.158066750590471
full_grid,MCAR 50%,linear_interpolation,no2,4.9992672203264235,8.542241330134694
full_grid,MCAR 50%,linear_interpolation,o3,7.997711383049105,12.719244300356404
full_grid,MCAR 50%,linear_interpolation,pm10,5.288252285376506,8.847463821713943
full_grid,MCAR 50%,linear_interpolation,pm25,3.6504731103170105,5.96908180523971
full_grid,MCAR 50%,linear_interpolation,so2,0.8023710327959404,2.2651936621468596
full_grid,MCAR 50%,linear_interpolation,co,0.07912813922236657,0.1585658592986646
full_grid,MCAR 50%,linear_interpolation,no2,4.98248939013992,8.514787284019786
full_grid,MCAR 50%,linear_interpolation,o3,7.989150519183578,12.658829757119644
full_grid,MCAR 50%,linear_interpolation,pm10,5.312396931725588,8.994283056284585
full_grid,MCAR 50%,linear_interpolation,pm25,3.6352316729506264,5.911459698144603
full_grid,MCAR 50%,linear_interpolation,so2,0.8024133258852261,2.183502872791273
full_grid,MCAR 50%,linear_interpolation,co,0.07890496710942942,0.15762376760377408
full_grid,MCAR 50%,linear_interpolation,no2,5.024770608772518,8.628220428323475
full_grid,MCAR 50%,linear_interpolation,o3,8.058248106078109,12.830404437452465
full_grid,MCAR 50%,linear_interpolation,pm10,5.30313967620739,8.938508267521962
full_grid,MCAR 50%,linear_interpolation,pm25,3.627462478524011,5.946646622145363
full_grid,MCAR 50%,linear_interpolation,so2,0.8036564066518934,2.184515991030483
full_grid,MCAR 50%,linear_interpolation,co,0.07841290801197666,0.15700513338361052
full_grid,MCAR 50%,linear_interpolation,no2,4.978930231488783,8.535864901875863
full_grid,MCAR 50%,linear_interpolation,o3,7.923140899024995,12.527040051855366
full_grid,MCAR 50%,linear_interpolation,pm10,5.290707952320002,8.767336755476176
full_grid,MCAR 50%,linear_interpolation,pm25,3.627727578059421,6.01587518988347
full_grid,MCAR 50%,linear_interpolation,so2,0.7983388141286014,1.988489153532434
full_grid,MCAR 50%,linear_interpolation,co,0.07852022168505393,0.15666223224287906
full_grid,MCAR 50%,linear_interpolation,no2,4.978875705881276,8.499083160145883
full_grid,MCAR 50%,linear_interpolation,o3,8.013718872464944,12.742515481356266
full_grid,MCAR 50%,linear_interpolation,pm10,5.306943871586575,8.882591385391166
full_grid,MCAR 50%,linear_interpolation,pm25,3.6284021934189603,5.899147644053942
full_grid,MCAR 50%,linear_interpolation,so2,0.8076232568449467,2.1805149044342778
full_grid,MCAR 50%,nearest_interpolation,co,0.0889426058180465,0.1876018631151046
full_grid,MCAR 50%,nearest_interpolation,no2,6.266628547666129,10.773518383143582
full_grid,MCAR 50%,nearest_interpolation,o3,11.471212904892017,18.01787979622861
full_grid,MCAR 50%,nearest_interpolation,pm10,6.931510635588363,11.377076287795251
full_grid,MCAR 50%,nearest_interpolation,pm25,4.60890819042133,7.586051990797821
full_grid,MCAR 50%,nearest_interpolation,so2,0.9207515281143247,2.5557882956485143
full_grid,MCAR 50%,nearest_interpolation,co,0.08955716962198529,0.18985734795326317
full_grid,MCAR 50%,nearest_interpolation,no2,6.271993491204042,10.790214867225396
full_grid,MCAR 50%,nearest_interpolation,o3,11.449457469774725,17.965526094075567
full_grid,MCAR 50%,nearest_interpolation,pm10,6.925828105872915,11.372045207413276
full_grid,MCAR 50%,nearest_interpolation,pm25,4.592824236948325,7.560697789507157
full_grid,MCAR 50%,nearest_interpolation,so2,0.9156671269222594,2.465929874614238
full_grid,MCAR 50%,nearest_interpolation,co,0.08956175350262531,0.18979288160388277
full_grid,MCAR 50%,nearest_interpolation,no2,6.309119796756811,10.911432123171572
full_grid,MCAR 50%,nearest_interpolation,o3,11.515732993032682,18.041458953379657
full_grid,MCAR 50%,nearest_interpolation,pm10,6.936005361427464,11.435480007336784
full_grid,MCAR 50%,nearest_interpolation,pm25,4.58458068428453,7.578742064941588
full_grid,MCAR 50%,nearest_interpolation,so2,0.9196835985335915,2.5723780806891763
full_grid,MCAR 50%,nearest_interpolation,co,0.0890699348560155,0.18772842299909034
full_grid,MCAR 50%,nearest_interpolation,no2,6.2458237129162235,10.771408480975612
full_grid,MCAR 50%,nearest_interpolation,o3,11.438886093044696,17.908895320732945
full_grid,MCAR 50%,nearest_interpolation,pm10,6.951265228492063,11.499945460142163
full_grid,MCAR 50%,nearest_interpolation,pm25,4.60047422195059,7.64293409393974
full_grid,MCAR 50%,nearest_interpolation,so2,0.9213053574401665,2.767631944376742
full_grid,MCAR 50%,nearest_interpolation,co,0.08972982616983874,0.19026883877865625
full_grid,MCAR 50%,nearest_interpolation,no2,6.285665791708839,10.823154696727599
full_grid,MCAR 50%,nearest_interpolation,o3,11.443175087007363,17.914373624418204
full_grid,MCAR 50%,nearest_interpolation,pm10,6.94339576288483,11.510977411471071
full_grid,MCAR 50%,nearest_interpolation,pm25,4.579957692146465,7.557241728382485
full_grid,MCAR 50%,nearest_interpolation,so2,0.9195541522371711,2.720024800183442
full_grid,MCAR 50%,nearest_interpolation,co,0.08975894529843091,0.19069870542291176
full_grid,MCAR 50%,nearest_interpolation,no2,6.270052597792451,10.851127835745201
full_grid,MCAR 50%,nearest_interpolation,o3,11.481431770227545,18.08412336254231
full_grid,MCAR 50%,nearest_interpolation,pm10,6.902906302518452,11.398793438242498
full_grid,MCAR 50%,nearest_interpolation,pm25,4.6061114858239005,7.6535815518846455
full_grid,MCAR 50%,nearest_interpolation,so2,0.9221016310067456,2.6409812183430303
full_grid,MCAR 50%,nearest_interpolation,co,0.08947594456081287,0.18885693050892954
full_grid,MCAR 50%,nearest_interpolation,no2,6.294179549042112,10.864199377559835
full_grid,MCAR 50%,nearest_interpolation,o3,11.47978763360717,18.04632145518936
full_grid,MCAR 50%,nearest_interpolation,pm10,6.926183985435291,11.401407836939475
full_grid,MCAR 50%,nearest_interpolation,pm25,4.58767160231312,7.590278458291571
full_grid,MCAR 50%,nearest_interpolation,so2,0.9194116568958496,2.6617277584228143
full_grid,MCAR 50%,nearest_interpolation,co,0.08910082801242872,0.18840291817217372
full_grid,MCAR 50%,nearest_interpolation,no2,6.28466558997272,10.831136474677958
full_grid,MCAR 50%,nearest_interpolation,o3,11.475982615663227,18.015095212878244
full_grid,MCAR 50%,nearest_interpolation,pm10,6.955185042462668,11.592269130689633
full_grid,MCAR 50%,nearest_interpolation,pm25,4.616487385679386,7.598809998099717
full_grid,MCAR 50%,nearest_interpolation,so2,0.9198938311891608,2.6425621593600734
full_grid,MCAR 50%,nearest_interpolation,co,0.08918560597363946,0.18848686764815492
full_grid,MCAR 50%,nearest_interpolation,no2,6.30485192156632,10.8767609692146
full_grid,MCAR 50%,nearest_interpolation,o3,11.465883140987819,17.999295196025205
full_grid,MCAR 50%,nearest_interpolation,pm10,6.915139159048825,11.446248457904101
full_grid,MCAR 50%,nearest_interpolation,pm25,4.589830995108826,7.533126162585854
full_grid,MCAR 50%,nearest_interpolation,so2,0.9172971278788017,2.559540967068228
full_grid,MCAR 50%,nearest_interpolation,co,0.0887418628827307,0.18698251201435545
full_grid,MCAR 50%,nearest_interpolation,no2,6.302674493417023,10.912478115183063
full_grid,MCAR 50%,nearest_interpolation,o3,11.51899660265485,18.1548751676876
full_grid,MCAR 50%,nearest_interpolation,pm10,6.916170881931041,11.426749235901829
full_grid,MCAR 50%,nearest_interpolation,pm25,4.596396815082011,7.585690451775693
full_grid,MCAR 50%,nearest_interpolation,so2,0.9200634345414821,2.6290482741417223
full_grid,MCAR 50%,nearest_interpolation,co,0.08915679826239771,0.18895506572855703
full_grid,MCAR 50%,nearest_interpolation,no2,6.280834280187818,10.858096492535987
full_grid,MCAR 50%,nearest_interpolation,o3,11.472258462450682,17.952149676535008
full_grid,MCAR 50%,nearest_interpolation,pm10,6.934700981689401,11.350465302559675
full_grid,MCAR 50%,nearest_interpolation,pm25,4.591223283582543,7.556225328772339
full_grid,MCAR 50%,nearest_interpolation,so2,0.9236221459909774,2.451847539666401
full_grid,MCAR 50%,nearest_interpolation,co,0.0893996224096166,0.18972084212345064
full_grid,MCAR 50%,nearest_interpolation,no2,6.282005333726196,10.783296250803343
full_grid,MCAR 50%,nearest_interpolation,o3,11.488963764859669,18.057051896518345
full_grid,MCAR 50%,nearest_interpolation,pm10,6.9747001191164015,11.536977326314286
full_grid,MCAR 50%,nearest_interpolation,pm25,4.6157524449884635,7.633519594718201
full_grid,MCAR 50%,nearest_interpolation,so2,0.9202135634462171,2.5693334091556674
full_grid,MCAR 50%,nearest_interpolation,co,0.08875803246243938,0.18854448224477094
full_grid,MCAR 50%,nearest_interpolation,no2,6.269650693269835,10.79755461955436
full_grid,MCAR 50%,nearest_interpolation,o3,11.464462291358176,17.95768121649223
full_grid,MCAR 50%,nearest_interpolation,pm10,6.902257399938434,11.31916899101616
full_grid,MCAR 50%,nearest_interpolation,pm25,4.611090688650411,7.664925513443236
full_grid,MCAR 50%,nearest_interpolation,so2,0.919585936736546,2.50600417884038
full_grid,MCAR 50%,nearest_interpolation,co,0.0888475092383768,0.18765474933416978
full_grid,MCAR 50%,nearest_interpolation,no2,6.2907158084182955,10.873667228597986
full_grid,MCAR 50%,nearest_interpolation,o3,11.477251906560396,18.032206342619396
full_grid,MCAR 50%,nearest_interpolation,pm10,6.931736836902732,11.357083700767562
full_grid,MCAR 50%,nearest_interpolation,pm25,4.612153739459452,7.641056299243241
full_grid,MCAR 50%,nearest_interpolation,so2,0.9169011161081517,2.671160153504621
full_grid,MCAR 50%,nearest_interpolation,co,0.08925611002455228,0.18959892559843108
full_grid,MCAR 50%,nearest_interpolation,no2,6.298875253354347,10.868084099122653
full_grid,MCAR 50%,nearest_interpolation,o3,11.466540745770573,17.98855350149213
full_grid,MCAR 50%,nearest_interpolation,pm10,6.91973120924212,11.319291530668975
full_grid,MCAR 50%,nearest_interpolation,pm25,4.611054203128268,7.588101443601191
full_grid,MCAR 50%,nearest_interpolation,so2,0.9140018493736715,2.565719952217247
full_grid,MCAR 50%,nearest_interpolation,co,0.08933737745714122,0.1887718500544469
full_grid,MCAR 50%,nearest_interpolation,no2,6.283421167341195,10.845953973039734
full_grid,MCAR 50%,nearest_interpolation,o3,11.493845480191476,18.0635946545679
full_grid,MCAR 50%,nearest_interpolation,pm10,6.943540473200147,11.5194839059197
full_grid,MCAR 50%,nearest_interpolation,pm25,4.59171049143072,7.613580591336809
full_grid,MCAR 50%,nearest_interpolation,so2,0.9191138498248387,2.6185190234133517
full_grid,MCAR 50%,nearest_interpolation,co,0.08914067978046622,0.1890799588788977
full_grid,MCAR 50%,nearest_interpolation,no2,6.270710331858676,10.791647714846796
full_grid,MCAR 50%,nearest_interpolation,o3,11.45811726713896,18.00629480842803
full_grid,MCAR 50%,nearest_interpolation,pm10,6.943984980168023,11.457510189611678
full_grid,MCAR 50%,nearest_interpolation,pm25,4.598256485533106,7.634961395714907
full_grid,MCAR 50%,nearest_interpolation,so2,0.9192719686139306,2.543827656611989
full_grid,MCAR 50%,nearest_interpolation,co,0.08891758746634885,0.18804653684245318
full_grid,MCAR 50%,nearest_interpolation,no2,6.2824660931294565,10.87448486117571
full_grid,MCAR 50%,nearest_interpolation,o3,11.376206123491793,17.793653805550917
full_grid,MCAR 50%,nearest_interpolation,pm10,6.91601715490635,11.299746873938131
full_grid,MCAR 50%,nearest_interpolation,pm25,4.590030069476909,7.680835874689231
full_grid,MCAR 50%,nearest_interpolation,so2,0.914753861320547,2.417479406884725
full_grid,MCAR 50%,nearest_interpolation,co,0.08897485608760745,0.18801769113110675
full_grid,MCAR 50%,nearest_interpolation,no2,6.280172267284998,10.853111868987856
full_grid,MCAR 50%,nearest_interpolation,o3,11.458130462432274,17.93313381335457
full_grid,MCAR 50%,nearest_interpolation,pm10,6.915735677407311,11.318406329332666
full_grid,MCAR 50%,nearest_interpolation,pm25,4.584413435190359,7.566472936481994
full_grid,MCAR 50%,nearest_interpolation,so2,0.9187864085317888,2.4707625192793574
full_grid,MCAR 50%,nearest_interpolation,co,0.0891909946818021,0.18790573912085465
full_grid,MCAR 50%,nearest_interpolation,no2,6.289799178813711,10.86820562759506
full_grid,MCAR 50%,nearest_interpolation,o3,11.50232647877329,18.058992792279106
full_grid,MCAR 50%,nearest_interpolation,pm10,6.951211533707417,11.45465063750501
full_grid,MCAR 50%,nearest_interpolation,pm25,4.612790836048377,7.685086216162072
full_grid,MCAR 50%,nearest_interpolation,so2,0.9121977607025329,2.5419070673732853
full_grid,MNAR 10%,cubic_spline,co,0.08387462336154593,0.17520645154007028
full_grid,MNAR 10%,cubic_spline,no2,4.982949507094238,8.158067679646186
full_grid,MNAR 10%,cubic_spline,o3,5.372158530726834,8.210819083855931
full_grid,MNAR 10%,cubic_spline,pm10,3.1252286720308207,5.780541229739918
full_grid,MNAR 10%,cubic_spline,pm25,3.5768547474826216,6.035744562075301
full_grid,MNAR 10%,cubic_spline,so2,1.1873879215939176,5.873358874322132
full_grid,MNAR 10%,cubic_spline,co,0.08606749484837196,0.1802739635453295
full_grid,MNAR 10%,cubic_spline,no2,4.980716049542762,8.191720633742
full_grid,MNAR 10%,cubic_spline,o3,5.53742822780441,8.497249807519227
full_grid,MNAR 10%,cubic_spline,pm10,3.217435720926795,6.191145762244975
full_grid,MNAR 10%,cubic_spline,pm25,3.729154739780687,6.279400570903434
full_grid,MNAR 10%,cubic_spline,so2,0.9857952266653897,3.4708656889778706
full_grid,MNAR 10%,cubic_spline,co,0.08230425636791287,0.16495638446565764
full_grid,MNAR 10%,cubic_spline,no2,4.966554312189626,8.201814860202896
full_grid,MNAR 10%,cubic_spline,o3,5.417818889099451,8.463970139267609
full_grid,MNAR 10%,cubic_spline,pm10,3.1826940513500857,5.760841034600492
full_grid,MNAR 10%,cubic_spline,pm25,3.6030644074753004,5.921029527980911
full_grid,MNAR 10%,cubic_spline,so2,0.9820818071419574,2.022178543694806
full_grid,MNAR 10%,cubic_spline,co,0.08670944388032971,0.18234392961197235
full_grid,MNAR 10%,cubic_spline,no2,5.024556678987634,8.246160147274487
full_grid,MNAR 10%,cubic_spline,o3,5.435781077973067,8.425927221491387
full_grid,MNAR 10%,cubic_spline,pm10,3.1449092316061513,5.846033196667118
full_grid,MNAR 10%,cubic_spline,pm25,3.512159780602652,5.691656974211681
full_grid,MNAR 10%,cubic_spline,so2,1.1031814500372568,3.937195359750663
full_grid,MNAR 10%,cubic_spline,co,0.08384655624239114,0.17075755536263887
full_grid,MNAR 10%,cubic_spline,no2,4.928129797408605,8.08644064151398
full_grid,MNAR 10%,cubic_spline,o3,5.4423547361935025,8.420636106822489
full_grid,MNAR 10%,cubic_spline,pm10,3.1544027952808227,5.8292573538544845
full_grid,MNAR 10%,cubic_spline,pm25,3.532176945828504,5.491049738918728
full_grid,MNAR 10%,cubic_spline,so2,1.4021005088629679,11.979445561050705
full_grid,MNAR 10%,cubic_spline,co,0.084644316835622,0.17511815081975762
full_grid,MNAR 10%,cubic_spline,no2,4.989540657453457,8.32089940820993
full_grid,MNAR 10%,cubic_spline,o3,5.503980006842257,8.600199944799682
full_grid,MNAR 10%,cubic_spline,pm10,3.1243175474326037,5.590900979148263
full_grid,MNAR 10%,cubic_spline,pm25,3.650196956140898,5.763922137399395
full_grid,MNAR 10%,cubic_spline,so2,0.9889211947066501,2.8767918316831707
full_grid,MNAR 10%,cubic_spline,co,0.08305689665576792,0.17207544398847163
full_grid,MNAR 10%,cubic_spline,no2,4.95584063121279,8.15348564655275
full_grid,MNAR 10%,cubic_spline,o3,5.518419663873386,8.583326216267016
full_grid,MNAR 10%,cubic_spline,pm10,3.1453014056898203,5.969169598372595
full_grid,MNAR 10%,cubic_spline,pm25,3.582386408273002,5.756248989842087
full_grid,MNAR 10%,cubic_spline,so2,1.2824075640778547,10.69208130674673
full_grid,MNAR 10%,cubic_spline,co,0.08528174875458182,0.17869475036051355
full_grid,MNAR 10%,cubic_spline,no2,4.977124236778825,8.134527953137304
full_grid,MNAR 10%,cubic_spline,o3,5.441830742201948,8.551064839473986
full_grid,MNAR 10%,cubic_spline,pm10,3.1834113037862637,5.755676050307784
full_grid,MNAR 10%,cubic_spline,pm25,3.6210346229733497,5.690965432639102
full_grid,MNAR 10%,cubic_spline,so2,1.1635514698864924,5.490299146343822
full_grid,MNAR 10%,cubic_spline,co,0.0841015792549589,0.17258473508078737
full_grid,MNAR 10%,cubic_spline,no2,4.9198299498625975,7.989454588658534
full_grid,MNAR 10%,cubic_spline,o3,5.484582759450287,8.348873882795761
full_grid,MNAR 10%,cubic_spline,pm10,3.1301065807294703,5.667885219558788
full_grid,MNAR 10%,cubic_spline,pm25,3.6472330076011383,6.070045998199641
full_grid,MNAR 10%,cubic_spline,so2,1.4500874242826791,10.585522169903681
full_grid,MNAR 10%,cubic_spline,co,0.08717607820886361,0.18967031608544124
full_grid,MNAR 10%,cubic_spline,no2,5.0460855635523085,8.467668298287128
full_grid,MNAR 10%,cubic_spline,o3,5.50170828433516,8.506612760704781
full_grid,MNAR 10%,cubic_spline,pm10,3.2464424077692606,6.109995299365465
full_grid,MNAR 10%,cubic_spline,pm25,3.5288463414977014,5.773931919405217
full_grid,MNAR 10%,cubic_spline,so2,1.0652081780896603,2.669101897814964
full_grid,MNAR 10%,cubic_spline,co,0.08486564935573843,0.17927198854925577
full_grid,MNAR 10%,cubic_spline,no2,4.979187442293577,8.481066621967834
full_grid,MNAR 10%,cubic_spline,o3,5.469601591070708,8.558342754875131
full_grid,MNAR 10%,cubic_spline,pm10,3.288902882323143,6.600207600963265
full_grid,MNAR 10%,cubic_spline,pm25,3.712112012882439,5.788727160769466
full_grid,MNAR 10%,cubic_spline,so2,1.02359998267512,2.3748332687324614
full_grid,MNAR 10%,cubic_spline,co,0.08644128620496581,0.1820745804939873
full_grid,MNAR 10%,cubic_spline,no2,5.049321789358987,8.51807181758264
full_grid,MNAR 10%,cubic_spline,o3,5.366111763510426,8.23686345797255
full_grid,MNAR 10%,cubic_spline,pm10,3.194934569231587,5.701387066402279
full_grid,MNAR 10%,cubic_spline,pm25,3.6632058348406793,6.281005369102191
full_grid,MNAR 10%,cubic_spline,so2,1.242027772555091,11.078897235203302
full_grid,MNAR 10%,cubic_spline,co,0.08626831032915092,0.17973594263200787
full_grid,MNAR 10%,cubic_spline,no2,4.985289660345981,8.21520020933518
full_grid,MNAR 10%,cubic_spline,o3,5.52786854048011,8.492386274291565
full_grid,MNAR 10%,cubic_spline,pm10,3.2566953121418902,6.622777921529956
full_grid,MNAR 10%,cubic_spline,pm25,3.7037876908862253,6.455087414930962
full_grid,MNAR 10%,cubic_spline,so2,1.3758420528722919,11.204595872464468
full_grid,MNAR 10%,cubic_spline,co,0.08463015855430736,0.17232829941745115
full_grid,MNAR 10%,cubic_spline,no2,4.883696479551615,8.04475073762374
full_grid,MNAR 10%,cubic_spline,o3,5.540701443169296,8.607137330111367
full_grid,MNAR 10%,cubic_spline,pm10,3.189299595576435,6.115867169065049
full_grid,MNAR 10%,cubic_spline,pm25,3.690733987220523,5.96957309424062
full_grid,MNAR 10%,cubic_spline,so2,1.2679501159821418,10.84848653113079
full_grid,MNAR 10%,cubic_spline,co,0.08509191286947754,0.1773765253630093
full_grid,MNAR 10%,cubic_spline,no2,4.882505418178752,8.069414575785693
full_grid,MNAR 10%,cubic_spline,o3,5.452271369856113,8.49652469187123
full_grid,MNAR 10%,cubic_spline,pm10,3.062580511401621,5.337011133467436
full_grid,MNAR 10%,cubic_spline,pm25,3.583600789903052,5.8709343151628595
full_grid,MNAR 10%,cubic_spline,so2,0.9554354593081478,1.8976164441674988
full_grid,MNAR 10%,cubic_spline,co,0.08319934030778772,0.1663329805626506
full_grid,MNAR 10%,cubic_spline,no2,4.851005998325807,8.032242111427479
full_grid,MNAR 10%,cubic_spline,o3,5.439611604031228,8.381012859969676
full_grid,MNAR 10%,cubic_spline,pm10,3.1450374936611762,5.792142451497185
full_grid,MNAR 10%,cubic_spline,pm25,3.760800544404114,6.20433858968866
full_grid,MNAR 10%,cubic_spline,so2,1.3889231319105924,11.71662679414318
full_grid,MNAR 10%,cubic_spline,co,0.08358587507868061,0.17275844931363163
full_grid,MNAR 10%,cubic_spline,no2,4.951277816626667,8.212343726307031
full_grid,MNAR 10%,cubic_spline,o3,5.453297065396964,8.436193455414534
full_grid,MNAR 10%,cubic_spline,pm10,3.1607553250586267,5.863760747340579
full_grid,MNAR 10%,cubic_spline,pm25,3.621335939105229,5.902078158624903
full_grid,MNAR 10%,cubic_spline,so2,1.0384438032976993,3.6014685037481127
full_grid,MNAR 10%,cubic_spline,co,0.08428894113213112,0.18023735357602133
full_grid,MNAR 10%,cubic_spline,no2,4.978149587825966,8.227131645460503
full_grid,MNAR 10%,cubic_spline,o3,5.546020834912831,8.631248151269098
full_grid,MNAR 10%,cubic_spline,pm10,3.204770571634029,6.013994471794927
full_grid,MNAR 10%,cubic_spline,pm25,3.5552733038159308,5.869539733585548
full_grid,MNAR 10%,cubic_spline,so2,1.0094019050789147,4.457479416587447
full_grid,MNAR 10%,cubic_spline,co,0.08495198465556002,0.1725268963658597
full_grid,MNAR 10%,cubic_spline,no2,4.965131980877552,8.03129939886928
full_grid,MNAR 10%,cubic_spline,o3,5.582219822357841,8.703301543395249
full_grid,MNAR 10%,cubic_spline,pm10,3.0829329669170162,5.754901022087913
full_grid,MNAR 10%,cubic_spline,pm25,3.533544359831811,5.545252919318097
full_grid,MNAR 10%,cubic_spline,so2,0.9704062263891378,2.4788385379299567
full_grid,MNAR 10%,cubic_spline,co,0.08262644369918334,0.16718515996219963
full_grid,MNAR 10%,cubic_spline,no2,5.011650608667295,8.205135466366686
full_grid,MNAR 10%,cubic_spline,o3,5.449893854774618,8.42860220190497
full_grid,MNAR 10%,cubic_spline,pm10,3.1212237047354883,5.647653214258187
full_grid,MNAR 10%,cubic_spline,pm25,3.549119348762896,5.659577152321923
full_grid,MNAR 10%,cubic_spline,so2,1.0633529359742002,2.8035242132355456
full_grid,MNAR 10%,galpi,co,0.07773010832595217,0.17427650233517414
full_grid,MNAR 10%,galpi,no2,4.871062209354391,8.262556822400354
full_grid,MNAR 10%,galpi,o3,5.68488816523885,8.63200540257544
full_grid,MNAR 10%,galpi,pm10,4.072778346999725,7.00725409665182
full_grid,MNAR 10%,galpi,pm25,3.447477106547991,5.825012188959181
full_grid,MNAR 10%,galpi,so2,1.0234518194124425,3.6703735283424357
full_grid,MNAR 10%,galpi,co,0.07910957571836516,0.17922242857467893
full_grid,MNAR 10%,galpi,no2,4.928918191015345,8.155614058212013
full_grid,MNAR 10%,galpi,o3,5.859528982887631,8.963122450196813
full_grid,MNAR 10%,galpi,pm10,4.092515219214935,7.4473931304196865
full_grid,MNAR 10%,galpi,pm25,3.532927599500546,6.19852898566044
full_grid,MNAR 10%,galpi,so2,0.9139986376058507,3.4848471774364933
full_grid,MNAR 10%,galpi,co,0.07763638252868037,0.1706077939563021
full_grid,MNAR 10%,galpi,no2,4.842425087264471,8.057448167919407
full_grid,MNAR 10%,galpi,o3,5.705288374267489,8.84688990290229
full_grid,MNAR 10%,galpi,pm10,3.9832163194674415,7.111163794004498
full_grid,MNAR 10%,galpi,pm25,3.382167243626821,5.384912329536959
full_grid,MNAR 10%,galpi,so2,1.3658356635238655,11.897651651947788
full_grid,MNAR 10%,galpi,co,0.08010751889500474,0.18460073136294758
full_grid,MNAR 10%,galpi,no2,4.935304641795608,8.28534123424683
full_grid,MNAR 10%,galpi,o3,5.750022045125795,8.821373867057908
full_grid,MNAR 10%,galpi,pm10,4.189490391177736,7.852544832703474
full_grid,MNAR 10%,galpi,pm25,3.3501697791699496,5.691633312021483
full_grid,MNAR 10%,galpi,so2,1.0317306470588234,3.131988716067472
full_grid,MNAR 10%,galpi,co,0.07873453368731563,0.18088311974732066
full_grid,MNAR 10%,galpi,no2,4.945024085970764,8.195092563272242
full_grid,MNAR 10%,galpi,o3,5.690485645038317,8.848543152188142
full_grid,MNAR 10%,galpi,pm10,4.097610937999099,7.089880102605911
full_grid,MNAR 10%,galpi,pm25,3.44084288070121,5.480626688550472
full_grid,MNAR 10%,galpi,so2,1.1593532422341697,6.631360980106748
full_grid,MNAR 10%,galpi,co,0.07810570890766268,0.17960004277237424
full_grid,MNAR 10%,galpi,no2,4.906705328230278,8.138249646080087
full_grid,MNAR 10%,galpi,o3,5.700524582628826,9.08376231300858
full_grid,MNAR 10%,galpi,pm10,3.9976831389050957,7.042077134354505
full_grid,MNAR 10%,galpi,pm25,3.480426019187653,5.962897432799097
full_grid,MNAR 10%,galpi,so2,1.2146578739669422,6.0976715567737205
full_grid,MNAR 10%,galpi,co,0.07873710071616355,0.18397379620434778
full_grid,MNAR 10%,galpi,no2,4.903515398024325,8.127026394687958
full_grid,MNAR 10%,galpi,o3,5.718842046958682,8.770520466151282
full_grid,MNAR 10%,galpi,pm10,4.097447008209779,7.311091588808752
full_grid,MNAR 10%,galpi,pm25,3.39220005904098,5.649183827817759
full_grid,MNAR 10%,galpi,so2,0.9931679182389936,5.774203291893088
full_grid,MNAR 10%,galpi,co,0.07754251942795468,0.16990322683761896
full_grid,MNAR 10%,galpi,no2,4.761481201088847,7.933542540956019
full_grid,MNAR 10%,galpi,o3,5.756567754926067,8.805750364993145
full_grid,MNAR 10%,galpi,pm10,4.054729045616443,7.257462165925102
full_grid,MNAR 10%,galpi,pm25,3.5358586256385944,5.99304136078271
full_grid,MNAR 10%,galpi,so2,1.3206011910779245,11.708348876718878
full_grid,MNAR 10%,galpi,co,0.07831958121669452,0.17761566985424654
full_grid,MNAR 10%,galpi,no2,4.8183179551181965,8.033592943527117
full_grid,MNAR 10%,galpi,o3,5.759441205289285,8.82230133991418
full_grid,MNAR 10%,galpi,pm10,4.121438087581826,7.578236583667789
full_grid,MNAR 10%,galpi,pm25,3.5147954060286475,5.795586088666469
full_grid,MNAR 10%,galpi,so2,1.224620476092896,10.834568919421548
full_grid,MNAR 10%,galpi,co,0.08039834935752763,0.1864127143143396
full_grid,MNAR 10%,galpi,no2,4.947868462420629,8.331035678600244
full_grid,MNAR 10%,galpi,o3,5.787024570564748,8.828095448200356
full_grid,MNAR 10%,galpi,pm10,4.198960532611398,7.891578135244678
full_grid,MNAR 10%,galpi,pm25,3.555452223675864,6.959864354116156
full_grid,MNAR 10%,galpi,so2,1.339934740338164,11.28733196494027
full_grid,MNAR 10%,galpi,co,0.07899410839253997,0.18044262602256098
full_grid,MNAR 10%,galpi,no2,4.812396000066553,8.177287500425471
full_grid,MNAR 10%,galpi,o3,5.7167208038209605,8.762497159771604
full_grid,MNAR 10%,galpi,pm10,3.9557843042320315,6.756973137521543
full_grid,MNAR 10%,galpi,pm25,3.4625383322839607,6.217182367487168
full_grid,MNAR 10%,galpi,so2,0.9068980513124136,2.5055320266892456
full_grid,MNAR 10%,galpi,co,0.07800042725565591,0.17795259491834506
full_grid,MNAR 10%,galpi,no2,4.8518546416827215,8.010824725302752
full_grid,MNAR 10%,galpi,o3,5.75123923329081,8.677119089263108
full_grid,MNAR 10%,galpi,pm10,4.093563910521355,7.743517424184511
full_grid,MNAR 10%,galpi,pm25,3.462363134970946,5.927998083314969
full_grid,MNAR 10%,galpi,so2,1.3485910192128334,10.517463128265486
full_grid,MNAR 10%,galpi,co,0.07818375391308444,0.17314226892208853
full_grid,MNAR 10%,galpi,no2,4.943708101044393,8.12043876071354
full_grid,MNAR 10%,galpi,o3,5.821813630788562,8.902836858252872
full_grid,MNAR 10%,galpi,pm10,4.028438134811578,7.043806365552281
full_grid,MNAR 10%,galpi,pm25,3.3992126027001714,5.5685845636824975
full_grid,MNAR 10%,galpi,so2,0.9267732812923196,2.578222741850536
full_grid,MNAR 10%,galpi,co,0.07744922395126512,0.17339056524686564
full_grid,MNAR 10%,galpi,no2,4.915415897262066,8.23260247366829
full_grid,MNAR 10%,galpi,o3,5.679876117685086,8.778702568023538
full_grid,MNAR 10%,galpi,pm10,4.003596750448613,6.91131736686482
full_grid,MNAR 10%,galpi,pm25,3.369052038030969,5.525547600104249
full_grid,MNAR 10%,galpi,so2,0.9872661873415252,2.8968943943250185
full_grid,MNAR 10%,galpi,co,0.07769699044933033,0.17786542724662274
full_grid,MNAR 10%,galpi,no2,4.93818821388469,8.405896433119825
full_grid,MNAR 10%,galpi,o3,5.736405877458311,8.848795827387814
full_grid,MNAR 10%,galpi,pm10,4.211422658336791,7.981054999015981
full_grid,MNAR 10%,galpi,pm25,3.480575879862521,5.770108460191804
full_grid,MNAR 10%,galpi,so2,0.9737693321526959,2.629255039266816
full_grid,MNAR 10%,galpi,co,0.07769098451624451,0.17651937044355545
full_grid,MNAR 10%,galpi,no2,4.934003830011764,8.34238939342969
full_grid,MNAR 10%,galpi,o3,5.732534536765814,8.826867016261133
full_grid,MNAR 10%,galpi,pm10,4.081833932710893,7.222200835948717
full_grid,MNAR 10%,galpi,pm25,3.4362790497706897,5.477184330827512
full_grid,MNAR 10%,galpi,so2,0.9220970352754657,2.736305233804697
full_grid,MNAR 10%,galpi,co,0.07960985160514049,0.1851505123778536
full_grid,MNAR 10%,galpi,no2,4.93291471816105,8.296931197859763
full_grid,MNAR 10%,galpi,o3,5.654378963963432,8.660551159642463
full_grid,MNAR 10%,galpi,pm10,4.053396611056154,7.58076775961606
full_grid,MNAR 10%,galpi,pm25,3.3623757973953436,5.935023532340638
full_grid,MNAR 10%,galpi,so2,1.0729162274686155,3.7113990214274124
full_grid,MNAR 10%,galpi,co,0.07773015089782943,0.1699892336990193
full_grid,MNAR 10%,galpi,no2,4.911995847693324,8.230991675845672
full_grid,MNAR 10%,galpi,o3,5.669550721728509,8.724687780948317
full_grid,MNAR 10%,galpi,pm10,4.118742925392157,7.096923381501486
full_grid,MNAR 10%,galpi,pm25,3.3932648464519515,5.486584762170443
full_grid,MNAR 10%,galpi,so2,0.9661984800910125,2.282893238093341
full_grid,MNAR 10%,galpi,co,0.07913854135840984,0.1796575684539975
full_grid,MNAR 10%,galpi,no2,4.997193512184215,8.485820396404248
full_grid,MNAR 10%,galpi,o3,5.6287820470085785,8.551454862715168
full_grid,MNAR 10%,galpi,pm10,4.087631408586756,6.896491519021914
full_grid,MNAR 10%,galpi,pm25,3.5216667173857017,6.5229674623523435
full_grid,MNAR 10%,galpi,so2,1.2411099954954954,11.141915227076238
full_grid,MNAR 10%,galpi,co,0.07759561071600049,0.177832841087904
full_grid,MNAR 10%,galpi,no2,4.886929871265928,8.18233633624356
full_grid,MNAR 10%,galpi,o3,5.785244652782929,8.872287158359844
full_grid,MNAR 10%,galpi,pm10,4.047812580937581,7.2405542789768775
full_grid,MNAR 10%,galpi,pm25,3.393283090404837,5.4589017486957525
full_grid,MNAR 10%,galpi,so2,1.2607611025785808,10.783831166299802
full_grid,MNAR 10%,linear_interpolation,co,0.07754251942795468,0.16990322683761896
full_grid,MNAR 10%,linear_interpolation,no2,4.760170427240057,7.93270989129721
full_grid,MNAR 10%,linear_interpolation,o3,5.7496977029877865,8.769261967582752
full_grid,MNAR 10%,linear_interpolation,pm10,4.054729045616443,7.257462165925102
full_grid,MNAR 10%,linear_interpolation,pm25,3.5358586256385944,5.99304136078271
full_grid,MNAR 10%,linear_interpolation,so2,1.3206011910779245,11.708348876718878
full_grid,MNAR 10%,linear_interpolation,co,0.077636275686793,0.17060403666665855
full_grid,MNAR 10%,linear_interpolation,no2,4.836056515792169,8.048025288181588
full_grid,MNAR 10%,linear_interpolation,o3,5.687748830709195,8.719403622662186
full_grid,MNAR 10%,linear_interpolation,pm10,3.9735324596328465,7.0942806361455375
full_grid,MNAR 10%,linear_interpolation,pm25,3.382167243626821,5.384912329536959
full_grid,MNAR 10%,linear_interpolation,so2,1.3658356635238655,11.897651651947788
full_grid,MNAR 10%,linear_interpolation,co,0.08039834935752763,0.1864127143143396
full_grid,MNAR 10%,linear_interpolation,no2,4.943878766221683,8.325352756827115
full_grid,MNAR 10%,linear_interpolation,o3,5.767501324536401,8.73345164966162
full_grid,MNAR 10%,linear_interpolation,pm10,4.1987411977425975,7.891434398823565
full_grid,MNAR 10%,linear_interpolation,pm25,3.555452223675864,6.959864354116156
full_grid,MNAR 10%,linear_interpolation,so2,1.339934740338164,11.28733196494027
full_grid,MNAR 10%,linear_interpolation,co,0.07910957571836516,0.17922242857467893
full_grid,MNAR 10%,linear_interpolation,no2,4.92491007423419,8.14737734401528
full_grid,MNAR 10%,linear_interpolation,o3,5.8424658733623716,8.892942660693171
full_grid,MNAR 10%,linear_interpolation,pm10,4.067132507149416,7.316784403427969
full_grid,MNAR 10%,linear_interpolation,pm25,3.532927599500546,6.19852898566044
full_grid,MNAR 10%,linear_interpolation,so2,0.9139986376058507,3.4848471774364933
full_grid,MNAR 10%,linear_interpolation,co,0.07769098451624452,0.17651937044355545
full_grid,MNAR 10%,linear_interpolation,no2,4.930921976983217,8.328675308632832
full_grid,MNAR 10%,linear_interpolation,o3,5.732154866811492,8.830320744123469
full_grid,MNAR 10%,linear_interpolation,pm10,4.081833932710893,7.222200835948717
full_grid,MNAR 10%,linear_interpolation,pm25,3.4362790497706897,5.477184330827512
full_grid,MNAR 10%,linear_interpolation,so2,0.9220970352754657,2.736305233804697
full_grid,MNAR 10%,linear_interpolation,co,0.07873453368731563,0.18088311974732066
full_grid,MNAR 10%,linear_interpolation,no2,4.945024085970764,8.195092563272242
full_grid,MNAR 10%,linear_interpolation,o3,5.675739496997305,8.74630238780055
full_grid,MNAR 10%,linear_interpolation,pm10,4.097610937999099,7.089880102605911
full_grid,MNAR 10%,linear_interpolation,pm25,3.44084288070121,5.480626688550472
full_grid,MNAR 10%,linear_interpolation,so2,1.1593532422341697,6.631360980106748
full_grid,MNAR 10%,linear_interpolation,co,0.0776686567152978,0.16992515978245634
full_grid,MNAR 10%,linear_interpolation,no2,4.911995847693324,8.230991675845672
full_grid,MNAR 10%,linear_interpolation,o3,5.656961929289814,8.694234300461643
full_grid,MNAR 10%,linear_interpolation,pm10,4.118742925392157,7.096923381501486
full_grid,MNAR 10%,linear_interpolation,pm25,3.3932648464519515,5.486584762170442
full_grid,MNAR 10%,linear_interpolation,so2,0.9661984800910125,2.282893238093341
full_grid,MNAR 10%,linear_interpolation,co,0.07817650270388138,0.17314155870382306
full_grid,MNAR 10%,linear_interpolation,no2,4.943708101044393,8.12043876071354
full_grid,MNAR 10%,linear_interpolation,o3,5.808417844897061,8.858042432397431
full_grid,MNAR 10%,linear_interpolation,pm10,4.009027048780888,6.797895459771548
full_grid,MNAR 10%,linear_interpolation,pm25,3.3992126027001714,5.5685845636824975
full_grid,MNAR 10%,linear_interpolation,so2,0.9267732812923196,2.578222741850536
full_grid,MNAR 10%,linear_interpolation,co,0.07759561071600049,0.177832841087904
full_grid,MNAR 10%,linear_interpolation,no2,4.886189784912769,8.182049849130895
full_grid,MNAR 10%,linear_interpolation,o3,5.774144645500109,8.839964722850077
full_grid,MNAR 10%,linear_interpolation,pm10,4.047812580937581,7.2405542789768775
full_grid,MNAR 10%,linear_interpolation,pm25,3.393283090404837,5.4589017486957525
full_grid,MNAR 10%,linear_interpolation,so2,1.2607611025785808,10.783831166299802
full_grid,MNAR 10%,linear_interpolation,co,0.07773010832595217,0.17427650233517414
full_grid,MNAR 10%,linear_interpolation,no2,4.8652764773076616,8.252334612299462
full_grid,MNAR 10%,linear_interpolation,o3,5.6789240688663885,8.61183946790113
full_grid,MNAR 10%,linear_interpolation,pm10,4.054882236118018,6.880143843527561
full_grid,MNAR 10%,linear_interpolation,pm25,3.447477106547991,5.825012188959181
full_grid,MNAR 10%,linear_interpolation,so2,1.0234518194124425,3.6703735283424357
full_grid,MNAR 10%,linear_interpolation,co,0.07744922395126512,0.17339056524686564
full_grid,MNAR 10%,linear_interpolation,no2,4.917290258312992,8.233476224151156
full_grid,MNAR 10%,linear_interpolation,o3,5.643042888139589,8.587390773113125
full_grid,MNAR 10%,linear_interpolation,pm10,4.000538129615057,6.904880152135735
full_grid,MNAR 10%,linear_interpolation,pm25,3.369052038030969,5.525547600104249
full_grid,MNAR 10%,linear_interpolation,so2,0.9872661873415252,2.8968943943250185
full_grid,MNAR 10%,linear_interpolation,co,0.07810570890766268,0.17960004277237424
full_grid,MNAR 10%,linear_interpolation,no2,4.899880062995019,8.123305455207182
full_grid,MNAR 10%,linear_interpolation,o3,5.658551071832392,8.621828410648924
full_grid,MNAR 10%,linear_interpolation,pm10,3.9976831389050957,7.042077134354505
full_grid,MNAR 10%,linear_interpolation,pm25,3.480426019187653,5.962897432799097
full_grid,MNAR 10%,linear_interpolation,so2,1.2146578739669422,6.0976715567737205
full_grid,MNAR 10%,linear_interpolation,co,0.07827776878801367,0.17756256565822717
full_grid,MNAR 10%,linear_interpolation,no2,4.8183179551181965,8.033592943527117
full_grid,MNAR 10%,linear_interpolation,o3,5.751816208457635,8.788287675567114
full_grid,MNAR 10%,linear_interpolation,pm10,4.121438087581826,7.578236583667789
full_grid,MNAR 10%,linear_interpolation,pm25,3.5147954060286475,5.795586088666469
full_grid,MNAR 10%,linear_interpolation,so2,1.224620476092896,10.834568919421548
full_grid,MNAR 10%,linear_interpolation,co,0.08010751889500474,0.18460073136294758
full_grid,MNAR 10%,linear_interpolation,no2,4.935304641795608,8.28534123424683
full_grid,MNAR 10%,linear_interpolation,o3,5.733377439465649,8.77908509931158
full_grid,MNAR 10%,linear_interpolation,pm10,4.189490391177736,7.852544832703474
full_grid,MNAR 10%,linear_interpolation,pm25,3.3501697791699496,5.691633312021483
full_grid,MNAR 10%,linear_interpolation,so2,1.0317306470588234,3.131988716067472
full_grid,MNAR 10%,linear_interpolation,co,0.07766195852575489,0.17783552480238587
full_grid,MNAR 10%,linear_interpolation,no2,4.9366454608035815,8.403078614547532
full_grid,MNAR 10%,linear_interpolation,o3,5.721606656538267,8.804584515774245
full_grid,MNAR 10%,linear_interpolation,pm10,4.211581869169014,7.978337051154199
full_grid,MNAR 10%,linear_interpolation,pm25,3.480575879862521,5.770108460191804
full_grid,MNAR 10%,linear_interpolation,so2,0.9737693321526959,2.629255039266816
full_grid,MNAR 10%,linear_interpolation,co,0.07873710071616355,0.18397379620434778
full_grid,MNAR 10%,linear_interpolation,no2,4.902515417306226,8.124988197048642
full_grid,MNAR 10%,linear_interpolation,o3,5.7052069514787265,8.727831685168729
full_grid,MNAR 10%,linear_interpolation,pm10,4.09744700820978,7.311091588808752
full_grid,MNAR 10%,linear_interpolation,pm25,3.39220005904098,5.649183827817759
full_grid,MNAR 10%,linear_interpolation,so2,0.9931679182389936,5.774203291893088
full_grid,MNAR 10%,linear_interpolation,co,0.07913854135840984,0.1796575684539975
full_grid,MNAR 10%,linear_interpolation,no2,4.996966621255642,8.485792491759396
full_grid,MNAR 10%,linear_interpolation,o3,5.625744516237449,8.542191647516436
full_grid,MNAR 10%,linear_interpolation,pm10,4.087631408586756,6.896491519021914
full_grid,MNAR 10%,linear_interpolation,pm25,3.5216667173857013,6.5229674623523435
full_grid,MNAR 10%,linear_interpolation,so2,1.2411099954954954,11.141915227076238
full_grid,MNAR 10%,linear_interpolation,co,0.07899410839253997,0.18044262602256098
full_grid,MNAR 10%,linear_interpolation,no2,4.813257914782819,8.180186410987645
full_grid,MNAR 10%,linear_interpolation,o3,5.713342037510396,8.755124178904632
full_grid,MNAR 10%,linear_interpolation,pm10,3.9557843042320315,6.756973137521543
full_grid,MNAR 10%,linear_interpolation,pm25,3.4625383322839607,6.217182367487168
full_grid,MNAR 10%,linear_interpolation,so2,0.9068980513124136,2.5055320266892456
full_grid,MNAR 10%,linear_interpolation,co,0.07962048892277333,0.18515199133864435
full_grid,MNAR 10%,linear_interpolation,no2,4.93291471816105,8.296931197859763
full_grid,MNAR 10%,linear_interpolation,o3,5.632831605902155,8.596482142117074
full_grid,MNAR 10%,linear_interpolation,pm10,4.053396611056154,7.58076775961606
full_grid,MNAR 10%,linear_interpolation,pm25,3.3623757973953436,5.935023532340638
full_grid,MNAR 10%,linear_interpolation,so2,1.0729162274686155,3.7113990214274124
full_grid,MNAR 10%,linear_interpolation,co,0.07800042725565591,0.17795259491834506
full_grid,MNAR 10%,linear_interpolation,no2,4.848396780570337,7.991578738550227
full_grid,MNAR 10%,linear_interpolation,o3,5.731746490118344,8.63926802695689
full_grid,MNAR 10%,linear_interpolation,pm10,4.069715208874039,7.300493766579327
full_grid,MNAR 10%,linear_interpolation,pm25,3.462363134970946,5.927998083314969
full_grid,MNAR 10%,linear_interpolation,so2,1.3485910192128334,10.517463128265488
full_grid,MNAR 10%,nearest_interpolation,co,0.10717473859572613,0.22846354589159482
full_grid,MNAR 10%,nearest_interpolation,no2,7.701657162385471,12.414957277107302
full_grid,MNAR 10%,nearest_interpolation,o3,11.432828410554652,16.251059556125053
full_grid,MNAR 10%,nearest_interpolation,pm10,7.371411802740537,12.136585154801471
full_grid,MNAR 10%,nearest_interpolation,pm25,5.444098904167317,9.051211918924164
full_grid,MNAR 10%,nearest_interpolation,so2,1.418834810214742,3.4958797114092275
full_grid,MNAR 10%,nearest_interpolation,co,0.10752863983992886,0.23299437425559782
full_grid,MNAR 10%,nearest_interpolation,no2,7.782001431207643,12.645268581111806
full_grid,MNAR 10%,nearest_interpolation,o3,11.205378341873335,15.993074787159017
full_grid,MNAR 10%,nearest_interpolation,pm10,7.466011626215481,12.626916519778977
full_grid,MNAR 10%,nearest_interpolation,pm25,5.475662050836853,9.066309536387694
full_grid,MNAR 10%,nearest_interpolation,so2,1.5608707715466352,6.288448815979418
full_grid,MNAR 10%,nearest_interpolation,co,0.10574991927175843,0.2356443093025954
full_grid,MNAR 10%,nearest_interpolation,no2,7.7678951921880115,12.738720850640778
full_grid,MNAR 10%,nearest_interpolation,o3,11.19447319690826,15.954021399106773
full_grid,MNAR 10%,nearest_interpolation,pm10,7.612846835000485,12.67482610046838
full_grid,MNAR 10%,nearest_interpolation,pm25,5.3688534852366825,8.793042646182188
full_grid,MNAR 10%,nearest_interpolation,so2,1.511496582644628,4.674576595221787
full_grid,MNAR 10%,nearest_interpolation,co,0.10672231774178956,0.23078171925997334
full_grid,MNAR 10%,nearest_interpolation,no2,7.612061854841334,12.318232736085845
full_grid,MNAR 10%,nearest_interpolation,o3,11.231801875865228,16.00212886027038
full_grid,MNAR 10%,nearest_interpolation,pm10,7.428544735294118,12.359877903452277
full_grid,MNAR 10%,nearest_interpolation,pm25,5.227424469240426,8.69254137411387
full_grid,MNAR 10%,nearest_interpolation,so2,1.546290223522528,6.94204975232797
full_grid,MNAR 10%,nearest_interpolation,co,0.11134984572607409,0.24898754951258253
full_grid,MNAR 10%,nearest_interpolation,no2,7.7202709960022835,12.660136754550416
full_grid,MNAR 10%,nearest_interpolation,o3,11.119027384426104,15.808915608728407
full_grid,MNAR 10%,nearest_interpolation,pm10,7.4021576045108315,12.206424449469145
full_grid,MNAR 10%,nearest_interpolation,pm25,5.366652646414031,9.05691421170355
full_grid,MNAR 10%,nearest_interpolation,so2,1.4768571478358627,4.320039096991353
full_grid,MNAR 10%,nearest_interpolation,co,0.1077459979312826,0.22736932557456613
full_grid,MNAR 10%,nearest_interpolation,no2,7.528643973368735,12.204967223315778
full_grid,MNAR 10%,nearest_interpolation,o3,11.227587980417885,16.01679726352239
full_grid,MNAR 10%,nearest_interpolation,pm10,7.283084554161357,11.600943062543903
full_grid,MNAR 10%,nearest_interpolation,pm25,5.602466526465477,9.58807177342897
full_grid,MNAR 10%,nearest_interpolation,so2,1.7671228093049973,11.926916456033203
full_grid,MNAR 10%,nearest_interpolation,co,0.1093690974526335,0.2424958949832109
full_grid,MNAR 10%,nearest_interpolation,no2,7.548927915006532,12.246974709869193
full_grid,MNAR 10%,nearest_interpolation,o3,11.275098261128655,16.119278588473463
full_grid,MNAR 10%,nearest_interpolation,pm10,7.55166614855638,12.452874292513426
full_grid,MNAR 10%,nearest_interpolation,pm25,5.267454027883396,8.779303368798468
full_grid,MNAR 10%,nearest_interpolation,so2,1.3679321029159521,4.022405433218754
full_grid,MNAR 10%,nearest_interpolation,co,0.10685181768549182,0.23941060810163797
full_grid,MNAR 10%,nearest_interpolation,no2,7.6104732414302125,12.55488549090511
full_grid,MNAR 10%,nearest_interpolation,o3,11.133216684399313,15.932712694248096
full_grid,MNAR 10%,nearest_interpolation,pm10,7.359792930515971,12.140617476802861
full_grid,MNAR 10%,nearest_interpolation,pm25,5.3748066357098185,9.095215669680096
full_grid,MNAR 10%,nearest_interpolation,so2,1.3510812271105825,4.107689797789302
full_grid,MNAR 10%,nearest_interpolation,co,0.10740326625332151,0.23578199528177377
full_grid,MNAR 10%,nearest_interpolation,no2,7.5452577876385405,12.365913588163442
full_grid,MNAR 10%,nearest_interpolation,o3,11.078873505495064,15.76203715802909
full_grid,MNAR 10%,nearest_interpolation,pm10,7.466293738736947,11.980953224722839
full_grid,MNAR 10%,nearest_interpolation,pm25,5.420158337445348,9.184457242975874
full_grid,MNAR 10%,nearest_interpolation,so2,1.4182906394009218,4.498077464255367
full_grid,MNAR 10%,nearest_interpolation,co,0.10932453079597113,0.24041301049007086
full_grid,MNAR 10%,nearest_interpolation,no2,7.760264740418547,12.565477915742456
full_grid,MNAR 10%,nearest_interpolation,o3,11.169391449179662,15.899039471885304
full_grid,MNAR 10%,nearest_interpolation,pm10,7.385492615027645,11.889743069777113
full_grid,MNAR 10%,nearest_interpolation,pm25,5.477067915416732,9.680172001446333
full_grid,MNAR 10%,nearest_interpolation,so2,1.5969370172512938,11.235334964508203
full_grid,MNAR 10%,nearest_interpolation,co,0.10707250834813499,0.23087015451836349
full_grid,MNAR 10%,nearest_interpolation,no2,7.608013231955433,12.533514452726715
full_grid,MNAR 10%,nearest_interpolation,o3,11.227641559244361,16.023323186148755
full_grid,MNAR 10%,nearest_interpolation,pm10,7.332183014128423,11.711148131677842
full_grid,MNAR 10%,nearest_interpolation,pm25,5.502440686604754,9.407500442237787
full_grid,MNAR 10%,nearest_interpolation,so2,1.44922453285968,6.422699732892842
full_grid,MNAR 10%,nearest_interpolation,co,0.10814677805309737,0.24106179295209398
full_grid,MNAR 10%,nearest_interpolation,no2,7.706853488894312,12.583981339989318
full_grid,MNAR 10%,nearest_interpolation,o3,11.1394757471082,15.923260365593524
full_grid,MNAR 10%,nearest_interpolation,pm10,7.558947833365532,12.149844806571554
full_grid,MNAR 10%,nearest_interpolation,pm25,5.400942895749302,8.588723827817399
full_grid,MNAR 10%,nearest_interpolation,so2,1.5410563291517323,5.129347529125842
full_grid,MNAR 10%,nearest_interpolation,co,0.10570249216780697,0.23447547957730025
full_grid,MNAR 10%,nearest_interpolation,no2,7.652565571955115,12.47317542537555
full_grid,MNAR 10%,nearest_interpolation,o3,11.172480628033705,15.977264904474298
full_grid,MNAR 10%,nearest_interpolation,pm10,7.505131167540793,12.656640542697444
full_grid,MNAR 10%,nearest_interpolation,pm25,5.319312961987381,8.584423576598555
full_grid,MNAR 10%,nearest_interpolation,so2,1.7711913506493506,11.407809726229065
full_grid,MNAR 10%,nearest_interpolation,co,0.10712839908790128,0.23069844571447656
full_grid,MNAR 10%,nearest_interpolation,no2,7.659283827425297,12.309598437202737
full_grid,MNAR 10%,nearest_interpolation,o3,11.273732988182413,16.03595239965368
full_grid,MNAR 10%,nearest_interpolation,pm10,7.4033635874491575,12.161762217074177
full_grid,MNAR 10%,nearest_interpolation,pm25,5.336203188431062,8.919627841249019
full_grid,MNAR 10%,nearest_interpolation,so2,1.8819339977616114,10.93701728556808
full_grid,MNAR 10%,nearest_interpolation,co,0.1065775936535919,0.2291899704207604
full_grid,MNAR 10%,nearest_interpolation,no2,7.6059014073894415,12.203768436793364
full_grid,MNAR 10%,nearest_interpolation,o3,11.215586496927218,16.117409576640334
full_grid,MNAR 10%,nearest_interpolation,pm10,7.365506893604423,13.055657891954553
full_grid,MNAR 10%,nearest_interpolation,pm25,5.141244912757069,8.062355454867689
full_grid,MNAR 10%,nearest_interpolation,so2,1.85444972304066,12.331089663028212
full_grid,MNAR 10%,nearest_interpolation,co,0.11042570534446022,0.2405648155448468
full_grid,MNAR 10%,nearest_interpolation,no2,7.7016696130164295,12.510017075276215
full_grid,MNAR 10%,nearest_interpolation,o3,11.39018571292621,16.379280156827313
full_grid,MNAR 10%,nearest_interpolation,pm10,7.401641796187829,12.108967435490419
full_grid,MNAR 10%,nearest_interpolation,pm25,5.412480425216706,9.130565660174938
full_grid,MNAR 10%,nearest_interpolation,so2,1.5276161652941178,6.642018834913269
full_grid,MNAR 10%,nearest_interpolation,co,0.11052439866389815,0.24211958592607682
full_grid,MNAR 10%,nearest_interpolation,no2,7.7584431999190935,12.7258101980107
full_grid,MNAR 10%,nearest_interpolation,o3,11.424451894996691,16.244104817514913
full_grid,MNAR 10%,nearest_interpolation,pm10,7.596398028339685,12.886189118556198
full_grid,MNAR 10%,nearest_interpolation,pm25,5.409927144782746,9.460518265218651
full_grid,MNAR 10%,nearest_interpolation,so2,1.8452295972222224,11.741431846839335
full_grid,MNAR 10%,nearest_interpolation,co,0.10697499268249153,0.23080131004783702
full_grid,MNAR 10%,nearest_interpolation,no2,7.7228281668313565,12.40356211061739
full_grid,MNAR 10%,nearest_interpolation,o3,11.291163780591571,16.1195561065148
full_grid,MNAR 10%,nearest_interpolation,pm10,7.434981544569067,12.093521755572564
full_grid,MNAR 10%,nearest_interpolation,pm25,5.567064973934759,9.69654884536654
full_grid,MNAR 10%,nearest_interpolation,so2,1.394338174364896,4.440467086007643
full_grid,MNAR 10%,nearest_interpolation,co,0.10457301386887609,0.22298811720716621
full_grid,MNAR 10%,nearest_interpolation,no2,7.701731753486836,12.561115839531448
full_grid,MNAR 10%,nearest_interpolation,o3,11.172379749473142,16.00192062678057
full_grid,MNAR 10%,nearest_interpolation,pm10,7.425546740490196,12.047652853097057
full_grid,MNAR 10%,nearest_interpolation,pm25,5.37259388735271,8.561656416583856
full_grid,MNAR 10%,nearest_interpolation,so2,1.367569943686007,3.189882796960862
full_grid,MNAR 10%,nearest_interpolation,co,0.10799303978638183,0.23707671117596613
full_grid,MNAR 10%,nearest_interpolation,no2,7.691971086202646,12.504376432890071
full_grid,MNAR 10%,nearest_interpolation,o3,11.246854938792307,15.941344263761586
full_grid,MNAR 10%,nearest_interpolation,pm10,7.505256685498694,13.045724001757646
full_grid,MNAR 10%,nearest_interpolation,pm25,5.36568297434283,8.80855631856306
full_grid,MNAR 10%,nearest_interpolation,so2,1.6058495766978922,10.993714414610157
full_grid,MNAR 30%,cubic_spline,co,0.0900823145728517,0.1912695441385415
full_grid,MNAR 30%,cubic_spline,no2,5.351769273727262,9.076627171345711
full_grid,MNAR 30%,cubic_spline,o3,6.086077218338643,9.494169318730556
full_grid,MNAR 30%,cubic_spline,pm10,3.5981281151482793,7.264302278451329
full_grid,MNAR 30%,cubic_spline,pm25,3.669297509961303,6.046674773133231
full_grid,MNAR 30%,cubic_spline,so2,1.188786825315318,7.5626981348273805
full_grid,MNAR 30%,cubic_spline,co,0.0883519766080552,0.19045758478915392
full_grid,MNAR 30%,cubic_spline,no2,5.317396014201694,9.008208293262525
full_grid,MNAR 30%,cubic_spline,o3,6.1713554648841,9.767659448321623
full_grid,MNAR 30%,cubic_spline,pm10,3.580101679666813,8.01053077676241
full_grid,MNAR 30%,cubic_spline,pm25,3.766581681925066,6.367765476445241
full_grid,MNAR 30%,cubic_spline,so2,1.0306376376381843,2.9044799511219335
full_grid,MNAR 30%,cubic_spline,co,0.08830297762132192,0.18612824755612853
full_grid,MNAR 30%,cubic_spline,no2,5.34544887248396,8.97862676464742
full_grid,MNAR 30%,cubic_spline,o3,6.104445554687241,9.593300992018746
full_grid,MNAR 30%,cubic_spline,pm10,3.5947575877217286,7.172301773238363
full_grid,MNAR 30%,cubic_spline,pm25,3.707988235690835,5.903491400749408
full_grid,MNAR 30%,cubic_spline,so2,1.1136405765092479,6.608157610018501
full_grid,MNAR 30%,cubic_spline,co,0.08793648592387046,0.185265560138776
full_grid,MNAR 30%,cubic_spline,no2,5.303725579355449,8.885803699033108
full_grid,MNAR 30%,cubic_spline,o3,6.152753120663811,9.800224210007137
full_grid,MNAR 30%,cubic_spline,pm10,3.6355541998587455,8.03739942728891
full_grid,MNAR 30%,cubic_spline,pm25,3.7459451168448705,6.176166943095588
full_grid,MNAR 30%,cubic_spline,so2,1.115582686355101,3.851149016850576
full_grid,MNAR 30%,cubic_spline,co,0.08963088888343636,0.19074260666184248
full_grid,MNAR 30%,cubic_spline,no2,5.382189345029882,9.13899591657142
full_grid,MNAR 30%,cubic_spline,o3,6.095600850925048,9.636962960577504
full_grid,MNAR 30%,cubic_spline,pm10,3.571720400981435,7.031907141726278
full_grid,MNAR 30%,cubic_spline,pm25,3.6860597007397593,6.032090584023642
full_grid,MNAR 30%,cubic_spline,so2,1.2068618736156675,8.828899662906407
full_grid,MNAR 30%,cubic_spline,co,0.08930590517145251,0.18645284798518427
full_grid,MNAR 30%,cubic_spline,no2,5.265796076044715,8.86216561466052
full_grid,MNAR 30%,cubic_spline,o3,6.139875096166475,9.623218188677068
full_grid,MNAR 30%,cubic_spline,pm10,3.5243219955786853,6.619821783386259
full_grid,MNAR 30%,cubic_spline,pm25,3.6967290330909295,6.200989030768219
full_grid,MNAR 30%,cubic_spline,so2,1.2847208598143518,8.972393471210564
full_grid,MNAR 30%,cubic_spline,co,0.08889752784753722,0.18544779682199272
full_grid,MNAR 30%,cubic_spline,no2,5.326058391374757,8.959175039145363
full_grid,MNAR 30%,cubic_spline,o3,6.148591557986314,9.739943151113295
full_grid,MNAR 30%,cubic_spline,pm10,3.6142045168655046,7.22696269414394
full_grid,MNAR 30%,cubic_spline,pm25,3.7615655866112068,6.343191155293586
full_grid,MNAR 30%,cubic_spline,so2,1.1784557783142453,7.268591911643351
full_grid,MNAR 30%,cubic_spline,co,0.0895436496766782,0.1899234820175777
full_grid,MNAR 30%,cubic_spline,no2,5.3065898169275805,8.950204596877967
full_grid,MNAR 30%,cubic_spline,o3,6.141568950541766,9.794709015964532
full_grid,MNAR 30%,cubic_spline,pm10,3.583914146783594,7.770029459851845
full_grid,MNAR 30%,cubic_spline,pm25,3.7440302884501246,6.446276598779873
full_grid,MNAR 30%,cubic_spline,so2,1.1559109289851088,7.228433891892679
full_grid,MNAR 30%,cubic_spline,co,0.08840519024265113,0.1876303915139552
full_grid,MNAR 30%,cubic_spline,no2,5.346497390090594,8.969711155066705
full_grid,MNAR 30%,cubic_spline,o3,6.132192074379508,9.705472775299343
full_grid,MNAR 30%,cubic_spline,pm10,3.5922783578234836,7.945263678119124
full_grid,MNAR 30%,cubic_spline,pm25,3.702371898448416,6.03022434239563
full_grid,MNAR 30%,cubic_spline,so2,1.1878715020139163,7.397703968442176
full_grid,MNAR 30%,cubic_spline,co,0.08831351521255336,0.187043777736922
full_grid,MNAR 30%,cubic_spline,no2,5.3928155919515595,9.091540017367402
full_grid,MNAR 30%,cubic_spline,o3,6.058909623129653,9.542692823488773
full_grid,MNAR 30%,cubic_spline,pm10,3.5548894809195635,6.7513158186814275
full_grid,MNAR 30%,cubic_spline,pm25,3.669279313597552,6.138042106863493
full_grid,MNAR 30%,cubic_spline,so2,1.1740619212036971,7.140989757567278
full_grid,MNAR 30%,cubic_spline,co,0.08968117796899183,0.19671249541820224
full_grid,MNAR 30%,cubic_spline,no2,5.31106567970392,8.885008771647579
full_grid,MNAR 30%,cubic_spline,o3,6.138221086563746,9.759208994911987
full_grid,MNAR 30%,cubic_spline,pm10,3.627593378227412,7.169038736777653
full_grid,MNAR 30%,cubic_spline,pm25,3.7381002119646465,6.460724104703099
full_grid,MNAR 30%,cubic_spline,so2,1.0667725569789968,3.0005569161553267
full_grid,MNAR 30%,cubic_spline,co,0.08786370388048499,0.18416922448363887
full_grid,MNAR 30%,cubic_spline,no2,5.258316996365218,8.829158245571156
full_grid,MNAR 30%,cubic_spline,o3,6.108176335869487,9.636159438668766
full_grid,MNAR 30%,cubic_spline,pm10,3.5762424373491393,7.137863452655201
full_grid,MNAR 30%,cubic_spline,pm25,3.7208933304946776,6.220046815430542
full_grid,MNAR 30%,cubic_spline,so2,1.2071907228255303,7.259241938142696
full_grid,MNAR 30%,cubic_spline,co,0.08883047509932326,0.1884195269854079
full_grid,MNAR 30%,cubic_spline,no2,5.396330060672123,9.10411863694093
full_grid,MNAR 30%,cubic_spline,o3,6.07556343132813,9.609813664799193
full_grid,MNAR 30%,cubic_spline,pm10,3.601541897465916,6.906354154415677
full_grid,MNAR 30%,cubic_spline,pm25,3.7274559392707487,6.261619615662457
full_grid,MNAR 30%,cubic_spline,so2,1.314090053333088,9.263423674054815
full_grid,MNAR 30%,cubic_spline,co,0.08896996087886862,0.18938716357601365
full_grid,MNAR 30%,cubic_spline,no2,5.346751433976536,8.879478010805759
full_grid,MNAR 30%,cubic_spline,o3,6.150672564872967,9.705986087511684
full_grid,MNAR 30%,cubic_spline,pm10,3.608480505675873,7.00335876671198
full_grid,MNAR 30%,cubic_spline,pm25,3.667938738394179,5.997359183723537
full_grid,MNAR 30%,cubic_spline,so2,1.1235385697948919,7.057489847802915
full_grid,MNAR 30%,cubic_spline,co,0.08667663715161622,0.18012918242147447
full_grid,MNAR 30%,cubic_spline,no2,5.315239027541826,8.934343258055902
full_grid,MNAR 30%,cubic_spline,o3,6.074010614705059,9.644111018285185
full_grid,MNAR 30%,cubic_spline,pm10,3.5296333811522214,6.852496825429738
full_grid,MNAR 30%,cubic_spline,pm25,3.7534188026643913,6.233056994989883
full_grid,MNAR 30%,cubic_spline,so2,1.1958107138093275,7.1592812965411
full_grid,MNAR 30%,cubic_spline,co,0.08805302990417013,0.1856327468581178
full_grid,MNAR 30%,cubic_spline,no2,5.339027609041271,9.091845219312573
full_grid,MNAR 30%,cubic_spline,o3,6.084814131396811,9.597319319039867
full_grid,MNAR 30%,cubic_spline,pm10,3.5684269865631992,7.007367729286227
full_grid,MNAR 30%,cubic_spline,pm25,3.742238104298854,6.236989157655522
full_grid,MNAR 30%,cubic_spline,so2,1.2196659630452014,7.668669949665041
full_grid,MNAR 30%,cubic_spline,co,0.08936578706586619,0.19386476188357238
full_grid,MNAR 30%,cubic_spline,no2,5.317867742623371,8.921801161465218
full_grid,MNAR 30%,cubic_spline,o3,6.175796011584723,9.791404278660313
full_grid,MNAR 30%,cubic_spline,pm10,3.6073319836097615,7.188127807538432
full_grid,MNAR 30%,cubic_spline,pm25,3.78022300904313,6.449936396363387
full_grid,MNAR 30%,cubic_spline,so2,1.0362602285327984,3.295912814430399
full_grid,MNAR 30%,cubic_spline,co,0.08843482774550107,0.18706890833448656
full_grid,MNAR 30%,cubic_spline,no2,5.300398022052986,8.926337610842909
full_grid,MNAR 30%,cubic_spline,o3,6.1170337636003795,9.698692355343214
full_grid,MNAR 30%,cubic_spline,pm10,3.5587882528069805,6.6797762456084895
full_grid,MNAR 30%,cubic_spline,pm25,3.7240408613611526,6.089144931459258
full_grid,MNAR 30%,cubic_spline,so2,1.0080367499515672,2.7750976497973276
full_grid,MNAR 30%,cubic_spline,co,0.08808311872999168,0.1877741404316608
full_grid,MNAR 30%,cubic_spline,no2,5.341257478739445,8.948057941471028
full_grid,MNAR 30%,cubic_spline,o3,6.11945626698333,9.627495140078276
full_grid,MNAR 30%,cubic_spline,pm10,3.567713422956334,7.054918635059731
full_grid,MNAR 30%,cubic_spline,pm25,3.678428956764643,6.108226973207014
full_grid,MNAR 30%,cubic_spline,so2,1.187609461314634,7.375076566110537
full_grid,MNAR 30%,cubic_spline,co,0.08887690266706041,0.18453341872708284
full_grid,MNAR 30%,cubic_spline,no2,5.246959159701171,8.705136443826412
full_grid,MNAR 30%,cubic_spline,o3,6.131725211514902,9.64603587488019
full_grid,MNAR 30%,cubic_spline,pm10,3.593262527940195,7.017052255018375
full_grid,MNAR 30%,cubic_spline,pm25,3.781138321966418,6.220924243814743
full_grid,MNAR 30%,cubic_spline,so2,1.1372025334540146,6.722618530947578
full_grid,MNAR 30%,galpi,co,0.08233769547218482,0.19149235428494948
full_grid,MNAR 30%,galpi,no2,5.3180019850043365,9.232262601943138
full_grid,MNAR 30%,galpi,o3,6.871461994487524,11.7362117859046
full_grid,MNAR 30%,galpi,pm10,4.465292776983126,9.379772600634812
full_grid,MNAR 30%,galpi,pm25,3.5463177361309297,6.043612796174019
full_grid,MNAR 30%,galpi,so2,1.1547021288649704,7.418018007923308
full_grid,MNAR 30%,galpi,co,0.0819052657293967,0.188307766730126
full_grid,MNAR 30%,galpi,no2,5.3430495634922615,9.235450040810278
full_grid,MNAR 30%,galpi,o3,6.8275506073514105,11.45244872048259
full_grid,MNAR 30%,galpi,pm10,4.512384920361694,8.882866049647273
full_grid,MNAR 30%,galpi,pm25,3.5784849907338727,6.18903929188955
full_grid,MNAR 30%,galpi,so2,1.204603379404578,8.006374848361496
full_grid,MNAR 30%,galpi,co,0.08173392937874509,0.18839233116312032
full_grid,MNAR 30%,galpi,no2,5.379624411583458,9.38295086375324
full_grid,MNAR 30%,galpi,o3,6.799993894116024,11.42244720575252
full_grid,MNAR 30%,galpi,pm10,4.420410448618981,8.131910326332749
full_grid,MNAR 30%,galpi,pm25,3.5109212338808975,5.9986022947652575
full_grid,MNAR 30%,galpi,so2,1.127731056670526,7.4755788267478875
full_grid,MNAR 30%,galpi,co,0.08245420890376787,0.1902338310095864
full_grid,MNAR 30%,galpi,no2,5.430510534462843,9.506548183144144
full_grid,MNAR 30%,galpi,o3,6.777928798903061,11.429026341736131
full_grid,MNAR 30%,galpi,pm10,4.4763973485122905,8.47734374882909
full_grid,MNAR 30%,galpi,pm25,3.580811697453764,6.532554300789507
full_grid,MNAR 30%,galpi,so2,1.2657584728955908,9.325148509132845
full_grid,MNAR 30%,galpi,co,0.08302324763915309,0.19536242414218744
full_grid,MNAR 30%,galpi,no2,5.294952915746185,8.994042258819011
full_grid,MNAR 30%,galpi,o3,7.02504346327539,12.249461601896616
full_grid,MNAR 30%,galpi,pm10,4.497031283345275,9.609170142418147
full_grid,MNAR 30%,galpi,pm25,3.6018290685023175,6.804314711687395
full_grid,MNAR 30%,galpi,so2,0.975076175881333,2.963472794047625
full_grid,MNAR 30%,galpi,co,0.0821765366374203,0.18930683104801976
full_grid,MNAR 30%,galpi,no2,5.2845939236429516,9.162601207986796
full_grid,MNAR 30%,galpi,o3,6.827373473636466,11.568603743086634
full_grid,MNAR 30%,galpi,pm10,4.432572543927607,8.283562825359617
full_grid,MNAR 30%,galpi,pm25,3.5401039599166606,5.952904374868231
full_grid,MNAR 30%,galpi,so2,0.9530466361132713,2.8365092698088805
full_grid,MNAR 30%,galpi,co,0.08403466186612164,0.19542137606526866
full_grid,MNAR 30%,galpi,no2,5.25484332440426,9.078787972296052
full_grid,MNAR 30%,galpi,o3,6.8741544879677665,11.60999347426506
full_grid,MNAR 30%,galpi,pm10,4.4516085629036,9.017061263031275
full_grid,MNAR 30%,galpi,pm25,3.5543593035846044,6.484456690252937
full_grid,MNAR 30%,galpi,so2,1.134632970453354,7.556578464508724
full_grid,MNAR 30%,galpi,co,0.0816343856943378,0.1873465586659558
full_grid,MNAR 30%,galpi,no2,5.32016645642959,9.167670041217983
full_grid,MNAR 30%,galpi,o3,6.933894454660158,12.073730609927257
full_grid,MNAR 30%,galpi,pm10,4.529353057364196,9.254800360051773
full_grid,MNAR 30%,galpi,pm25,3.5557979873475873,6.075379185993537
full_grid,MNAR 30%,galpi,so2,1.0757796717787391,3.9573349939297504
full_grid,MNAR 30%,galpi,co,0.08281719420639608,0.19257709500753492
full_grid,MNAR 30%,galpi,no2,5.374705334115544,9.401255846902272
full_grid,MNAR 30%,galpi,o3,6.900503396875787,11.935981517291657
full_grid,MNAR 30%,galpi,pm10,4.484092818690322,8.464324993036037
full_grid,MNAR 30%,galpi,pm25,3.5363503877020803,5.950253019120515
full_grid,MNAR 30%,galpi,so2,1.150840459106131,8.821176522402107
full_grid,MNAR 30%,galpi,co,0.0842299523518236,0.1974328730750075
full_grid,MNAR 30%,galpi,no2,5.3380619746385,9.239564591709083
full_grid,MNAR 30%,galpi,o3,6.870957672531553,11.59380664727496
full_grid,MNAR 30%,galpi,pm10,4.506176944369794,8.812515551877784
full_grid,MNAR 30%,galpi,pm25,3.49586208850694,5.985272908646819
full_grid,MNAR 30%,galpi,so2,1.143764837804177,7.563988510082591
full_grid,MNAR 30%,galpi,co,0.08072774944788952,0.18373179178269078
full_grid,MNAR 30%,galpi,no2,5.345606603087057,9.235064636089904
full_grid,MNAR 30%,galpi,o3,6.851965782299402,11.799621583544623
full_grid,MNAR 30%,galpi,pm10,4.457561602886267,8.589535504122983
full_grid,MNAR 30%,galpi,pm25,3.585561761569361,6.397891223542534
full_grid,MNAR 30%,galpi,so2,1.1538583805197342,7.265904844423755
full_grid,MNAR 30%,galpi,co,0.08313054916089757,0.19308180047225007
full_grid,MNAR 30%,galpi,no2,5.360037554875876,9.34021473369929
full_grid,MNAR 30%,galpi,o3,7.016793719688533,12.137349057923936
full_grid,MNAR 30%,galpi,pm10,4.421471465925036,8.20471114101043
full_grid,MNAR 30%,galpi,pm25,3.61530224822551,6.646353663092928
full_grid,MNAR 30%,galpi,so2,1.018266576307158,3.44879558393263
full_grid,MNAR 30%,galpi,co,0.08236887188422949,0.18907224171443407
full_grid,MNAR 30%,galpi,no2,5.36797068795476,9.230751436315098
full_grid,MNAR 30%,galpi,o3,6.974433909724712,12.173380430511422
full_grid,MNAR 30%,galpi,pm10,4.521082092437679,9.165090184123233
full_grid,MNAR 30%,galpi,pm25,3.5090364241193472,6.042173219736407
full_grid,MNAR 30%,galpi,so2,1.1162052143683703,7.438377312580855
full_grid,MNAR 30%,galpi,co,0.08229585884026606,0.18787961293622377
full_grid,MNAR 30%,galpi,no2,5.324933786212375,9.125941808724196
full_grid,MNAR 30%,galpi,o3,6.910054323022411,11.749179356345499
full_grid,MNAR 30%,galpi,pm10,4.502631774359657,8.725741471230773
full_grid,MNAR 30%,galpi,pm25,3.6305267116633133,6.458194152027518
full_grid,MNAR 30%,galpi,so2,1.1482222503682356,7.335735749010824
full_grid,MNAR 30%,galpi,co,0.08290577239342922,0.1938744144077342
full_grid,MNAR 30%,galpi,no2,5.31822363892015,9.073723023582613
full_grid,MNAR 30%,galpi,o3,6.989570918596574,11.946197741625419
full_grid,MNAR 30%,galpi,pm10,4.502544756947642,8.511184661930155
full_grid,MNAR 30%,galpi,pm25,3.589245869133499,6.754668599064843
full_grid,MNAR 30%,galpi,so2,1.0043998323845047,3.2219028032714245
full_grid,MNAR 30%,galpi,co,0.08215770889907446,0.18638144685763247
full_grid,MNAR 30%,galpi,no2,5.262562612274518,9.081664590459168
full_grid,MNAR 30%,galpi,o3,6.908008647442041,11.701804453556447
full_grid,MNAR 30%,galpi,pm10,4.46519004160678,8.503596539999794
full_grid,MNAR 30%,galpi,pm25,3.5860050312569984,6.2864404193881205
full_grid,MNAR 30%,galpi,so2,1.148792199935275,7.27838629372321
full_grid,MNAR 30%,galpi,co,0.08306321945873477,0.19130130523288805
full_grid,MNAR 30%,galpi,no2,5.28833142611982,9.14131585863555
full_grid,MNAR 30%,galpi,o3,6.920129439453474,11.703289613805408
full_grid,MNAR 30%,galpi,pm10,4.45576036641486,8.41732485359506
full_grid,MNAR 30%,galpi,pm25,3.6207598620621657,7.262400115132501
full_grid,MNAR 30%,galpi,so2,1.2095530709836169,8.951933725426104
full_grid,MNAR 30%,galpi,co,0.08147505746211113,0.1871187305329839
full_grid,MNAR 30%,galpi,no2,5.325609373739959,9.188796202368078
full_grid,MNAR 30%,galpi,o3,6.915033657278669,11.800028414984588
full_grid,MNAR 30%,galpi,pm10,4.566646143236801,9.436109464527316
full_grid,MNAR 30%,galpi,pm25,3.540289361657536,6.3753277052794335
full_grid,MNAR 30%,galpi,so2,1.1601519851314657,7.482666260457395
full_grid,MNAR 30%,galpi,co,0.08235817977170952,0.18992170074129128
full_grid,MNAR 30%,galpi,no2,5.2951596798025875,9.156238636739655
full_grid,MNAR 30%,galpi,o3,6.907016917448637,11.907778201962012
full_grid,MNAR 30%,galpi,pm10,4.47719135819331,8.921391620623554
full_grid,MNAR 30%,galpi,pm25,3.5550287969021626,5.940032114401129
full_grid,MNAR 30%,galpi,so2,1.0263110308594252,6.5812689838725555
full_grid,MNAR 30%,galpi,co,0.08221228269786658,0.18688309790189922
full_grid,MNAR 30%,galpi,no2,5.285027793235397,9.106678687679285
full_grid,MNAR 30%,galpi,o3,6.9157131344530685,11.817067214077822
full_grid,MNAR 30%,galpi,pm10,4.485845016903998,8.609580778120248
full_grid,MNAR 30%,galpi,pm25,3.62140227714462,6.493120499232554
full_grid,MNAR 30%,galpi,so2,1.0839233867906068,6.8033936150321415
full_grid,MNAR 30%,linear_interpolation,co,0.08151109002498215,0.18714106379678577
full_grid,MNAR 30%,linear_interpolation,no2,5.270334166039863,8.98023678128917
full_grid,MNAR 30%,linear_interpolation,o3,6.553608029499816,10.437615563625277
full_grid,MNAR 30%,linear_interpolation,pm10,4.457578714535778,8.734227287613319
full_grid,MNAR 30%,linear_interpolation,pm25,3.547658150845792,6.041036130474842
full_grid,MNAR 30%,linear_interpolation,so2,1.0757796717787391,3.9573349939297504
full_grid,MNAR 30%,linear_interpolation,co,0.0815982435833793,0.18805877188728012
full_grid,MNAR 30%,linear_interpolation,no2,5.307020306068766,9.10819857561981
full_grid,MNAR 30%,linear_interpolation,o3,6.459555658651722,10.070201733675294
full_grid,MNAR 30%,linear_interpolation,pm10,4.3940971115469765,8.031694478762374
full_grid,MNAR 30%,linear_interpolation,pm25,3.4901268346306913,5.90881572153567
full_grid,MNAR 30%,linear_interpolation,so2,1.127731056670526,7.4755788267478875
full_grid,MNAR 30%,linear_interpolation,co,0.0812448962346673,0.18627210195912103
full_grid,MNAR 30%,linear_interpolation,no2,5.258227390593715,8.968121385583238
full_grid,MNAR 30%,linear_interpolation,o3,6.55488030140542,10.297597030562759
full_grid,MNAR 30%,linear_interpolation,pm10,4.451549193700376,8.457505201792378
full_grid,MNAR 30%,linear_interpolation,pm25,3.534688664334626,6.359143188887726
full_grid,MNAR 30%,linear_interpolation,so2,1.1601519851314657,7.482666260457395
full_grid,MNAR 30%,linear_interpolation,co,0.0823281100267433,0.1901650540911645
full_grid,MNAR 30%,linear_interpolation,no2,5.3325485504270995,9.158585635024929
full_grid,MNAR 30%,linear_interpolation,o3,6.447126310808456,10.126772545343384
full_grid,MNAR 30%,linear_interpolation,pm10,4.409881519341816,8.024891163098566
full_grid,MNAR 30%,linear_interpolation,pm25,3.568220567657967,6.489085368756095
full_grid,MNAR 30%,linear_interpolation,so2,1.2657584728955908,9.325148509132845
full_grid,MNAR 30%,linear_interpolation,co,0.08225371625960086,0.1886798896858988
full_grid,MNAR 30%,linear_interpolation,no2,5.269719058239063,8.935933072480903
full_grid,MNAR 30%,linear_interpolation,o3,6.553285928499157,10.363370373686822
full_grid,MNAR 30%,linear_interpolation,pm10,4.4605677877018675,8.510019729844858
full_grid,MNAR 30%,linear_interpolation,pm25,3.5084965102525305,6.037357249264322
full_grid,MNAR 30%,linear_interpolation,so2,1.1162052143683703,7.438377312580855
full_grid,MNAR 30%,linear_interpolation,co,0.08157874795768207,0.18724578064981529
full_grid,MNAR 30%,linear_interpolation,no2,5.275355297183165,9.024295882149303
full_grid,MNAR 30%,linear_interpolation,o3,6.487079195595395,10.150745853808965
full_grid,MNAR 30%,linear_interpolation,pm10,4.4513171179128745,8.446656627240559
full_grid,MNAR 30%,linear_interpolation,pm25,3.5715155242375016,6.165550918778061
full_grid,MNAR 30%,linear_interpolation,so2,1.204603379404578,8.006374848361496
full_grid,MNAR 30%,linear_interpolation,co,0.08209074768676922,0.18923223427630761
full_grid,MNAR 30%,linear_interpolation,no2,5.2308245991327595,8.944935052016199
full_grid,MNAR 30%,linear_interpolation,o3,6.500939562904611,10.218665544791682
full_grid,MNAR 30%,linear_interpolation,pm10,4.394965864849314,8.194825310840141
full_grid,MNAR 30%,linear_interpolation,pm25,3.5275168218445594,5.850456918117382
full_grid,MNAR 30%,linear_interpolation,so2,1.0263110308594252,6.5812689838725555
full_grid,MNAR 30%,linear_interpolation,co,0.08181054836960307,0.18551748215477956
full_grid,MNAR 30%,linear_interpolation,no2,5.191613955136642,8.85765290926711
full_grid,MNAR 30%,linear_interpolation,o3,6.549562025179661,10.317444854239207
full_grid,MNAR 30%,linear_interpolation,pm10,4.40357248510073,8.13636227236839
full_grid,MNAR 30%,linear_interpolation,pm25,3.5757271713484124,6.232327755491414
full_grid,MNAR 30%,linear_interpolation,so2,1.148792199935275,7.27838629372321
full_grid,MNAR 30%,linear_interpolation,co,0.08393187799773699,0.19695195243838096
full_grid,MNAR 30%,linear_interpolation,no2,5.252916607354305,8.947273022355311
full_grid,MNAR 30%,linear_interpolation,o3,6.492654551673779,10.159241424378491
full_grid,MNAR 30%,linear_interpolation,pm10,4.466326374378521,8.492494317205487
full_grid,MNAR 30%,linear_interpolation,pm25,3.4907218508268065,5.977437451425209
full_grid,MNAR 30%,linear_interpolation,so2,1.143764837804177,7.563988510082591
full_grid,MNAR 30%,linear_interpolation,co,0.0805712202291829,0.18297803043609254
full_grid,MNAR 30%,linear_interpolation,no2,5.269419710944586,8.997948862033956
full_grid,MNAR 30%,linear_interpolation,o3,6.502182940553687,10.295343974617124
full_grid,MNAR 30%,linear_interpolation,pm10,4.418352229386036,8.28298606598828
full_grid,MNAR 30%,linear_interpolation,pm25,3.5762832353572036,6.378159039766875
full_grid,MNAR 30%,linear_interpolation,so2,1.1538583805197342,7.265904844423755
full_grid,MNAR 30%,linear_interpolation,co,0.08311461373331364,0.19326332162008322
full_grid,MNAR 30%,linear_interpolation,no2,5.286082639575141,9.085309268301113
full_grid,MNAR 30%,linear_interpolation,o3,6.595798065543292,10.391372619549454
full_grid,MNAR 30%,linear_interpolation,pm10,4.376073693490035,8.02003143744963
full_grid,MNAR 30%,linear_interpolation,pm25,3.6055848398991217,6.602490773275558
full_grid,MNAR 30%,linear_interpolation,so2,1.018266576307158,3.44879558393263
full_grid,MNAR 30%,linear_interpolation,co,0.08264985193752472,0.19423838298831406
full_grid,MNAR 30%,linear_interpolation,no2,5.234087567992589,8.831693775385729
full_grid,MNAR 30%,linear_interpolation,o3,6.608320364656115,10.482839042689646
full_grid,MNAR 30%,linear_interpolation,pm10,4.425220960885911,9.096073849039554
full_grid,MNAR 30%,linear_interpolation,pm25,3.563853160901004,6.242366107026041
full_grid,MNAR 30%,linear_interpolation,so2,0.975076175881333,2.963472794047625
full_grid,MNAR 30%,linear_interpolation,co,0.08201373175991196,0.19112458002850613
full_grid,MNAR 30%,linear_interpolation,no2,5.221158958249959,8.883333496462601
full_grid,MNAR 30%,linear_interpolation,o3,6.516037298296445,10.319595337915274
full_grid,MNAR 30%,linear_interpolation,pm10,4.411123885612373,9.031694570011211
full_grid,MNAR 30%,linear_interpolation,pm25,3.5451440563778225,6.04213896510771
full_grid,MNAR 30%,linear_interpolation,so2,1.1547021288649704,7.418018007923308
full_grid,MNAR 30%,linear_interpolation,co,0.0827817307026675,0.18988994786005095
full_grid,MNAR 30%,linear_interpolation,no2,5.194359156448984,8.847274986012573
full_grid,MNAR 30%,linear_interpolation,o3,6.534143035399688,10.204036629528698
full_grid,MNAR 30%,linear_interpolation,pm10,4.380616940342059,7.961772362051044
full_grid,MNAR 30%,linear_interpolation,pm25,3.592010097115553,6.791248330091915
full_grid,MNAR 30%,linear_interpolation,so2,1.2095530709836169,8.951933725426104
full_grid,MNAR 30%,linear_interpolation,co,0.08372524113813384,0.19414363997708842
full_grid,MNAR 30%,linear_interpolation,no2,5.182198628424643,8.874038608274603
full_grid,MNAR 30%,linear_interpolation,o3,6.521587545988537,10.26700146617536
full_grid,MNAR 30%,linear_interpolation,pm10,4.436446182048267,8.907636920658431
full_grid,MNAR 30%,linear_interpolation,pm25,3.521600222756064,6.210898115403019
full_grid,MNAR 30%,linear_interpolation,so2,1.134632970453354,7.556578464508724
full_grid,MNAR 30%,linear_interpolation,co,0.08212949876373352,0.18722605299147374
full_grid,MNAR 30%,linear_interpolation,no2,5.239993498776857,8.9001956878376
full_grid,MNAR 30%,linear_interpolation,o3,6.569907544433706,10.340610687303458
full_grid,MNAR 30%,linear_interpolation,pm10,4.459957184438466,8.452580595335839
full_grid,MNAR 30%,linear_interpolation,pm25,3.6194901662491303,6.39509814684456
full_grid,MNAR 30%,linear_interpolation,so2,1.1482222503682356,7.335735749010824
full_grid,MNAR 30%,linear_interpolation,co,0.08200196693248113,0.18620938999754222
full_grid,MNAR 30%,linear_interpolation,no2,5.2094639212081715,8.843359849254322
full_grid,MNAR 30%,linear_interpolation,o3,6.516138340359728,10.151955511894961
full_grid,MNAR 30%,linear_interpolation,pm10,4.440186299436683,8.30132627133125
full_grid,MNAR 30%,linear_interpolation,pm25,3.5930117606674004,6.307431261070756
full_grid,MNAR 30%,linear_interpolation,so2,1.0839233867906068,6.8033936150321415
full_grid,MNAR 30%,linear_interpolation,co,0.08253162299849656,0.19273855252619687
full_grid,MNAR 30%,linear_interpolation,no2,5.263622659336801,8.91663849026782
full_grid,MNAR 30%,linear_interpolation,o3,6.595547509150049,10.420377754397899
full_grid,MNAR 30%,linear_interpolation,pm10,4.464197360986596,8.308905985362632
full_grid,MNAR 30%,linear_interpolation,pm25,3.566514102935065,6.552620936517104
full_grid,MNAR 30%,linear_interpolation,so2,1.0043998323845047,3.2219028032714245
full_grid,MNAR 30%,linear_interpolation,co,0.08253727515551218,0.19189007318504808
full_grid,MNAR 30%,linear_interpolation,no2,5.30549537982531,9.135942527293862
full_grid,MNAR 30%,linear_interpolation,o3,6.511536301392944,10.316990249979725
full_grid,MNAR 30%,linear_interpolation,pm10,4.423456574952509,8.187855822311683
full_grid,MNAR 30%,linear_interpolation,pm25,3.5276980262299324,5.854253911031574
full_grid,MNAR 30%,linear_interpolation,so2,1.150840459106131,8.821176522402107
full_grid,MNAR 30%,linear_interpolation,co,0.08189020959686229,0.18857746506735182
full_grid,MNAR 30%,linear_interpolation,no2,5.195013488160021,8.857898801047998
full_grid,MNAR 30%,linear_interpolation,o3,6.477856328445795,10.16838439967654
full_grid,MNAR 30%,linear_interpolation,pm10,4.38363806085006,7.949258124725453
full_grid,MNAR 30%,linear_interpolation,pm25,3.537451637410705,5.947506609120031
full_grid,MNAR 30%,linear_interpolation,so2,0.9530466361132713,2.8365092698088805
full_grid,MNAR 30%,nearest_interpolation,co,0.10844832317545428,0.23894356304968936
full_grid,MNAR 30%,nearest_interpolation,no2,7.74034880390625,12.695924569119418
full_grid,MNAR 30%,nearest_interpolation,o3,11.582157500579097,16.820439948717368
full_grid,MNAR 30%,nearest_interpolation,pm10,7.5270626202233215,12.716473342445694
full_grid,MNAR 30%,nearest_interpolation,pm25,5.3686453580080755,8.824277463960987
full_grid,MNAR 30%,nearest_interpolation,so2,1.3736545744556765,3.612697912211217
full_grid,MNAR 30%,nearest_interpolation,co,0.11123512992279733,0.2471573709012766
full_grid,MNAR 30%,nearest_interpolation,no2,7.7940878649158245,12.764547406199789
full_grid,MNAR 30%,nearest_interpolation,o3,11.61292867044351,16.856942096690613
full_grid,MNAR 30%,nearest_interpolation,pm10,7.640460918327614,12.99223334703717
full_grid,MNAR 30%,nearest_interpolation,pm25,5.380180177597912,9.08466255337124
full_grid,MNAR 30%,nearest_interpolation,so2,1.5096387330906305,7.243812336760715
full_grid,MNAR 30%,nearest_interpolation,co,0.10830669043889464,0.23641496439132975
full_grid,MNAR 30%,nearest_interpolation,no2,7.820190031430509,12.829110326935494
full_grid,MNAR 30%,nearest_interpolation,o3,11.670341877514794,16.979951961097868
full_grid,MNAR 30%,nearest_interpolation,pm10,7.525850864461081,12.720149826143974
full_grid,MNAR 30%,nearest_interpolation,pm25,5.488966962744587,9.61859818529673
full_grid,MNAR 30%,nearest_interpolation,so2,1.4019362998263554,4.1055308578069125
full_grid,MNAR 30%,nearest_interpolation,co,0.10697855407624109,0.23075910234925273
full_grid,MNAR 30%,nearest_interpolation,no2,7.728164026324914,12.688962247662415
full_grid,MNAR 30%,nearest_interpolation,o3,11.66757008314193,16.949386869127512
full_grid,MNAR 30%,nearest_interpolation,pm10,7.569223036196598,12.97412078436083
full_grid,MNAR 30%,nearest_interpolation,pm25,5.512143317959141,9.482179285737569
full_grid,MNAR 30%,nearest_interpolation,so2,1.6112206708737864,7.713174094305776
full_grid,MNAR 30%,nearest_interpolation,co,0.10833572552416224,0.2351343330476795
full_grid,MNAR 30%,nearest_interpolation,no2,7.735752142992913,12.667195647789582
full_grid,MNAR 30%,nearest_interpolation,o3,11.719150386669375,16.995354709230504
full_grid,MNAR 30%,nearest_interpolation,pm10,7.623630583667091,12.990965356583148
full_grid,MNAR 30%,nearest_interpolation,pm25,5.385418008914993,8.914054268825591
full_grid,MNAR 30%,nearest_interpolation,so2,1.5482095769080233,7.286965123849753
full_grid,MNAR 30%,nearest_interpolation,co,0.10675511618853686,0.2349572573706416
full_grid,MNAR 30%,nearest_interpolation,no2,7.760129432388267,12.855023250080759
full_grid,MNAR 30%,nearest_interpolation,o3,11.61891571217882,16.88891068254616
full_grid,MNAR 30%,nearest_interpolation,pm10,7.520358825635669,12.676059767490932
full_grid,MNAR 30%,nearest_interpolation,pm25,5.407630972392319,9.120646001140045
full_grid,MNAR 30%,nearest_interpolation,so2,1.5760018624462682,7.655229419129918
full_grid,MNAR 30%,nearest_interpolation,co,0.10820778973302275,0.23606328676102706
full_grid,MNAR 30%,nearest_interpolation,no2,7.753097178502826,12.676010185572919
full_grid,MNAR 30%,nearest_interpolation,o3,11.644656627546185,16.91327158379313
full_grid,MNAR 30%,nearest_interpolation,pm10,7.510308071088191,12.403249654723298
full_grid,MNAR 30%,nearest_interpolation,pm25,5.45757828811152,9.5116503118268
full_grid,MNAR 30%,nearest_interpolation,so2,1.647955658755373,9.231607723384045
full_grid,MNAR 30%,nearest_interpolation,co,0.10796105161058557,0.2374170545634931
full_grid,MNAR 30%,nearest_interpolation,no2,7.845924617145202,12.86185566880534
full_grid,MNAR 30%,nearest_interpolation,o3,11.614186427047352,16.897883047761326
full_grid,MNAR 30%,nearest_interpolation,pm10,7.602851468253194,12.647418850692082
full_grid,MNAR 30%,nearest_interpolation,pm25,5.420159444785276,9.114437241977939
full_grid,MNAR 30%,nearest_interpolation,so2,1.6714675543042565,9.621289775767167
full_grid,MNAR 30%,nearest_interpolation,co,0.1097361765319504,0.2395094319368011
full_grid,MNAR 30%,nearest_interpolation,no2,7.7339424414294635,12.728647434345696
full_grid,MNAR 30%,nearest_interpolation,o3,11.675290810125938,16.970577486003794
full_grid,MNAR 30%,nearest_interpolation,pm10,7.51634388138859,13.26058621264999
full_grid,MNAR 30%,nearest_interpolation,pm25,5.353675660709634,9.199306978483875
full_grid,MNAR 30%,nearest_interpolation,so2,1.4810214312106917,7.2193575636526015
full_grid,MNAR 30%,nearest_interpolation,co,0.10735184582714583,0.23479536721402752
full_grid,MNAR 30%,nearest_interpolation,no2,7.84731974838413,12.88833705510849
full_grid,MNAR 30%,nearest_interpolation,o3,11.566396275727731,16.797901750992906
full_grid,MNAR 30%,nearest_interpolation,pm10,7.62365997343577,12.91732183381096
full_grid,MNAR 30%,nearest_interpolation,pm25,5.378286904223426,8.981567402249654
full_grid,MNAR 30%,nearest_interpolation,so2,1.596642784832111,7.6378741975349165
full_grid,MNAR 30%,nearest_interpolation,co,0.10892586929119746,0.23938208888052773
full_grid,MNAR 30%,nearest_interpolation,no2,7.777169767647454,12.774406458078566
full_grid,MNAR 30%,nearest_interpolation,o3,11.805984871684345,17.25835816695778
full_grid,MNAR 30%,nearest_interpolation,pm10,7.49519228043713,12.432106665871128
full_grid,MNAR 30%,nearest_interpolation,pm25,5.4286699682077915,9.239012159233427
full_grid,MNAR 30%,nearest_interpolation,so2,1.445832271692187,4.89466231379638
full_grid,MNAR 30%,nearest_interpolation,co,0.10679162517474199,0.23702816309965413
full_grid,MNAR 30%,nearest_interpolation,no2,7.7788031453275055,12.671726008076401
full_grid,MNAR 30%,nearest_interpolation,o3,11.647873414916,17.046649605585902
full_grid,MNAR 30%,nearest_interpolation,pm10,7.468284879202745,13.208916568994338
full_grid,MNAR 30%,nearest_interpolation,pm25,5.318522115414895,8.838827651253172
full_grid,MNAR 30%,nearest_interpolation,so2,1.6024825804305285,7.856827295575584
full_grid,MNAR 30%,nearest_interpolation,co,0.10814759746251443,0.23845731263320472
full_grid,MNAR 30%,nearest_interpolation,no2,7.85621393889475,12.971219522157808
full_grid,MNAR 30%,nearest_interpolation,o3,11.606679871357644,16.869110935594403
full_grid,MNAR 30%,nearest_interpolation,pm10,7.574912619430673,12.584674991962002
full_grid,MNAR 30%,nearest_interpolation,pm25,5.367706793164164,8.750586749398693
full_grid,MNAR 30%,nearest_interpolation,so2,1.647691897411128,9.25192951953292
full_grid,MNAR 30%,nearest_interpolation,co,0.10890546618800133,0.237803553013505
full_grid,MNAR 30%,nearest_interpolation,no2,7.787320118550983,12.768433189160048
full_grid,MNAR 30%,nearest_interpolation,o3,11.663916670947328,16.95656647446971
full_grid,MNAR 30%,nearest_interpolation,pm10,7.663965667464966,13.16703597636999
full_grid,MNAR 30%,nearest_interpolation,pm25,5.38235608989878,8.868247088495504
full_grid,MNAR 30%,nearest_interpolation,so2,1.4674116293153328,7.188881837974641
full_grid,MNAR 30%,nearest_interpolation,co,0.10827350514446372,0.23577664006057644
full_grid,MNAR 30%,nearest_interpolation,no2,7.784252545827374,12.779527090314968
full_grid,MNAR 30%,nearest_interpolation,o3,11.702607109705568,17.029022547496936
full_grid,MNAR 30%,nearest_interpolation,pm10,7.597276160307096,12.7268303411356
full_grid,MNAR 30%,nearest_interpolation,pm25,5.489879398121086,9.42393329793908
full_grid,MNAR 30%,nearest_interpolation,so2,1.5442946263208455,7.745327886983051
full_grid,MNAR 30%,nearest_interpolation,co,0.10734073218534379,0.23673986790927587
full_grid,MNAR 30%,nearest_interpolation,no2,7.822069647619046,12.795163447159831
full_grid,MNAR 30%,nearest_interpolation,o3,11.672259878367386,17.068889002558414
full_grid,MNAR 30%,nearest_interpolation,pm10,7.609122086167654,13.084718586211343
full_grid,MNAR 30%,nearest_interpolation,pm25,5.395076530132948,9.001173746513008
full_grid,MNAR 30%,nearest_interpolation,so2,1.521201321667322,4.608818760208858
full_grid,MNAR 30%,nearest_interpolation,co,0.10757181773722192,0.2349156651243574
full_grid,MNAR 30%,nearest_interpolation,no2,7.841067301636324,12.863031889401507
full_grid,MNAR 30%,nearest_interpolation,o3,11.692455389573572,16.93132462234955
full_grid,MNAR 30%,nearest_interpolation,pm10,7.593757135370184,12.883679976211416
full_grid,MNAR 30%,nearest_interpolation,pm25,5.404790200188659,8.957351729406204
full_grid,MNAR 30%,nearest_interpolation,so2,1.5530874893701572,7.811343693409693
full_grid,MNAR 30%,nearest_interpolation,co,0.10744955205226107,0.2364556835197948
full_grid,MNAR 30%,nearest_interpolation,no2,7.806575495277786,12.837359837982037
full_grid,MNAR 30%,nearest_interpolation,o3,11.602629811769923,16.92385988280298
full_grid,MNAR 30%,nearest_interpolation,pm10,7.4985896207075795,12.555118143541021
full_grid,MNAR 30%,nearest_interpolation,pm25,5.467845345089613,9.080779389457394
full_grid,MNAR 30%,nearest_interpolation,so2,1.5743260630787035,7.938264112390959
full_grid,MNAR 30%,nearest_interpolation,co,0.10860403204308114,0.2383821307028711
full_grid,MNAR 30%,nearest_interpolation,no2,7.783543844551108,12.814586979196228
full_grid,MNAR 30%,nearest_interpolation,o3,11.664054901133426,17.044264074813253
full_grid,MNAR 30%,nearest_interpolation,pm10,7.613315320414279,13.238285987577946
full_grid,MNAR 30%,nearest_interpolation,pm25,5.3309489806735755,8.750159302533557
full_grid,MNAR 30%,nearest_interpolation,so2,1.5016142265172014,7.722183005955749
full_grid,MNAR 30%,nearest_interpolation,co,0.10834075738434164,0.24061743293074736
full_grid,MNAR 30%,nearest_interpolation,no2,7.801861786542985,12.800066545737637
full_grid,MNAR 30%,nearest_interpolation,o3,11.686478044065845,17.034140326399505
full_grid,MNAR 30%,nearest_interpolation,pm10,7.610928648904871,13.53098788563694
full_grid,MNAR 30%,nearest_interpolation,pm25,5.474539740415128,9.461934764125623
full_grid,MNAR 30%,nearest_interpolation,so2,1.3940086160662688,3.6447050069978073
full_grid,MNAR 50%,cubic_spline,co,0.09248323606027202,0.20282070303653596
full_grid,MNAR 50%,cubic_spline,no2,5.745858782804985,9.837238738958993
full_grid,MNAR 50%,cubic_spline,o3,7.166804754106515,11.87042514492681
full_grid,MNAR 50%,cubic_spline,pm10,4.156530941788606,9.953377333074458
full_grid,MNAR 50%,cubic_spline,pm25,3.8929656325040387,6.579280239950672
full_grid,MNAR 50%,cubic_spline,so2,1.1870698424840154,6.23917476081969
full_grid,MNAR 50%,cubic_spline,co,0.09307181166705361,0.20263579507346383
full_grid,MNAR 50%,cubic_spline,no2,5.771849632087561,9.87909826352506
full_grid,MNAR 50%,cubic_spline,o3,7.1915373079695035,12.089536513082146
full_grid,MNAR 50%,cubic_spline,pm10,4.042894331181267,8.736178676398653
full_grid,MNAR 50%,cubic_spline,pm25,3.9003545935193107,6.587806270080334
full_grid,MNAR 50%,cubic_spline,so2,1.1112673498274175,6.134382041576381
full_grid,MNAR 50%,cubic_spline,co,0.0925241730658209,0.19868005687108925
full_grid,MNAR 50%,cubic_spline,no2,5.733461140002025,9.791872739488301
full_grid,MNAR 50%,cubic_spline,o3,7.11410543510722,11.80224815418366
full_grid,MNAR 50%,cubic_spline,pm10,4.115636663130941,9.080849366324964
full_grid,MNAR 50%,cubic_spline,pm25,3.8995270218361497,6.610744335741081
full_grid,MNAR 50%,cubic_spline,so2,1.175449673438265,6.303923598534832
full_grid,MNAR 50%,cubic_spline,co,0.09269425693491105,0.19957100486853824
full_grid,MNAR 50%,cubic_spline,no2,5.7987708051155336,9.945458582701507
full_grid,MNAR 50%,cubic_spline,o3,7.121268947886679,11.695110235854354
full_grid,MNAR 50%,cubic_spline,pm10,4.08319871630341,8.924092981154187
full_grid,MNAR 50%,cubic_spline,pm25,3.860226794784172,6.65864145537131
full_grid,MNAR 50%,cubic_spline,so2,1.212545512573194,7.324806249609792
full_grid,MNAR 50%,cubic_spline,co,0.09241775162573847,0.19946994534887674
full_grid,MNAR 50%,cubic_spline,no2,5.744399957637036,9.878591192848546
full_grid,MNAR 50%,cubic_spline,o3,7.121854151586306,11.669764154278447
full_grid,MNAR 50%,cubic_spline,pm10,4.0990485131468795,9.856229667518583
full_grid,MNAR 50%,cubic_spline,pm25,3.8714799940989084,6.744395564616881
full_grid,MNAR 50%,cubic_spline,so2,1.1301296750954164,5.980667332796319
full_grid,MNAR 50%,cubic_spline,co,0.09207882189989282,0.1987357877201583
full_grid,MNAR 50%,cubic_spline,no2,5.7746946747201795,10.007253173668108
full_grid,MNAR 50%,cubic_spline,o3,7.13582680201123,12.046540176494979
full_grid,MNAR 50%,cubic_spline,pm10,4.056906879675635,9.3710071162637
full_grid,MNAR 50%,cubic_spline,pm25,3.876213150829284,6.864855438259832
full_grid,MNAR 50%,cubic_spline,so2,1.2064643622181275,6.60333734441107
full_grid,MNAR 50%,cubic_spline,co,0.09230503471340215,0.19671312710890992
full_grid,MNAR 50%,cubic_spline,no2,5.755646735955099,9.864902267741119
full_grid,MNAR 50%,cubic_spline,o3,7.138831535296206,11.794869740269764
full_grid,MNAR 50%,cubic_spline,pm10,4.160336163463567,10.388324932690294
full_grid,MNAR 50%,cubic_spline,pm25,3.925393112061453,7.338923474569263
full_grid,MNAR 50%,cubic_spline,so2,1.2003527663461617,7.632141887474602
full_grid,MNAR 50%,cubic_spline,co,0.09300759992779396,0.20106674747968273
full_grid,MNAR 50%,cubic_spline,no2,5.763027154103445,9.960775738479418
full_grid,MNAR 50%,cubic_spline,o3,7.067650423464546,11.555876478842636
full_grid,MNAR 50%,cubic_spline,pm10,4.195732570666687,10.222435638162496
full_grid,MNAR 50%,cubic_spline,pm25,3.8899302746909816,6.751331948969796
full_grid,MNAR 50%,cubic_spline,so2,1.085906462862334,5.859205248630943
full_grid,MNAR 50%,cubic_spline,co,0.0933196357608287,0.20352860719835905
full_grid,MNAR 50%,cubic_spline,no2,5.817525260130866,10.053293412762361
full_grid,MNAR 50%,cubic_spline,o3,7.11978336947575,11.733120402366062
full_grid,MNAR 50%,cubic_spline,pm10,4.151586892105188,9.618719986816012
full_grid,MNAR 50%,cubic_spline,pm25,3.8806913089640473,6.459900838419711
full_grid,MNAR 50%,cubic_spline,so2,1.225465019531635,7.753970151262527
full_grid,MNAR 50%,cubic_spline,co,0.09265677252030954,0.20132367985741756
full_grid,MNAR 50%,cubic_spline,no2,5.781212806418953,9.87673983719895
full_grid,MNAR 50%,cubic_spline,o3,7.128737670598193,11.819845536163102
full_grid,MNAR 50%,cubic_spline,pm10,4.1263233748301955,9.483940344177306
full_grid,MNAR 50%,cubic_spline,pm25,3.883377266356795,6.495272482085317
full_grid,MNAR 50%,cubic_spline,so2,1.1452597255651165,5.739834874112694
full_grid,MNAR 50%,cubic_spline,co,0.09290934202274256,0.20048071896250774
full_grid,MNAR 50%,cubic_spline,no2,5.779117372651505,9.925823942566897
full_grid,MNAR 50%,cubic_spline,o3,7.1595740501699865,11.78088134790198
full_grid,MNAR 50%,cubic_spline,pm10,4.1510454446842395,9.238379703628034
full_grid,MNAR 50%,cubic_spline,pm25,3.9223559027466828,6.798313423612457
full_grid,MNAR 50%,cubic_spline,so2,1.205037024091929,7.308683088849441
full_grid,MNAR 50%,cubic_spline,co,0.09284009615411375,0.19867609663395475
full_grid,MNAR 50%,cubic_spline,no2,5.794586988589953,10.026856718985817
full_grid,MNAR 50%,cubic_spline,o3,7.127895649023316,11.749791453723054
full_grid,MNAR 50%,cubic_spline,pm10,4.132111821611411,9.562334169411677
full_grid,MNAR 50%,cubic_spline,pm25,3.874419865076539,6.58496923834806
full_grid,MNAR 50%,cubic_spline,so2,1.1860473655759556,7.303053946892238
full_grid,MNAR 50%,cubic_spline,co,0.09328282258657937,0.20068746937929385
full_grid,MNAR 50%,cubic_spline,no2,5.7787302540670575,10.053476929207811
full_grid,MNAR 50%,cubic_spline,o3,7.055556513416129,11.514966237780026
full_grid,MNAR 50%,cubic_spline,pm10,4.1076699099987115,9.098311680941327
full_grid,MNAR 50%,cubic_spline,pm25,3.872291714555399,6.979584273801162
full_grid,MNAR 50%,cubic_spline,so2,1.1459892280330153,6.265966690407741
full_grid,MNAR 50%,cubic_spline,co,0.09326843531080224,0.20237303598941492
full_grid,MNAR 50%,cubic_spline,no2,5.80551279735285,9.93743097883738
full_grid,MNAR 50%,cubic_spline,o3,7.075374984871738,11.575271842994068
full_grid,MNAR 50%,cubic_spline,pm10,4.048055163597506,9.020013065272632
full_grid,MNAR 50%,cubic_spline,pm25,3.883952650863914,6.777592462830893
full_grid,MNAR 50%,cubic_spline,so2,1.1632185694259638,7.121633456431324
full_grid,MNAR 50%,cubic_spline,co,0.0929342793767191,0.20009136976322422
full_grid,MNAR 50%,cubic_spline,no2,5.777631463082383,9.91476280202015
full_grid,MNAR 50%,cubic_spline,o3,7.148027752011851,11.683645076883963
full_grid,MNAR 50%,cubic_spline,pm10,4.179468198405566,9.668554122274406
full_grid,MNAR 50%,cubic_spline,pm25,3.8969895954418297,6.773177712079088
full_grid,MNAR 50%,cubic_spline,so2,1.2518637229863925,7.759531667875795
full_grid,MNAR 50%,cubic_spline,co,0.09339554668654196,0.20131427767537963
full_grid,MNAR 50%,cubic_spline,no2,5.805975342178574,9.959520531399404
full_grid,MNAR 50%,cubic_spline,o3,7.066012428615064,11.711427410122834
full_grid,MNAR 50%,cubic_spline,pm10,4.132018627496412,9.291866106183244
full_grid,MNAR 50%,cubic_spline,pm25,3.850704554327175,6.71098267212011
full_grid,MNAR 50%,cubic_spline,so2,1.105694148007648,5.869388576681227
full_grid,MNAR 50%,cubic_spline,co,0.09231243719691326,0.1999108016820402
full_grid,MNAR 50%,cubic_spline,no2,5.818960947624172,9.992237471097994
full_grid,MNAR 50%,cubic_spline,o3,7.112839299353024,11.834345251461265
full_grid,MNAR 50%,cubic_spline,pm10,4.045694167062813,8.977776211980137
full_grid,MNAR 50%,cubic_spline,pm25,3.854105151634645,6.422417324144223
full_grid,MNAR 50%,cubic_spline,so2,1.1464486116154278,6.226077185667818
full_grid,MNAR 50%,cubic_spline,co,0.09376382017093417,0.20565474297946218
full_grid,MNAR 50%,cubic_spline,no2,5.775038014872008,10.017538530553374
full_grid,MNAR 50%,cubic_spline,o3,7.082693145578163,11.577743433045255
full_grid,MNAR 50%,cubic_spline,pm10,4.150204607192801,8.88342207185975
full_grid,MNAR 50%,cubic_spline,pm25,3.852963538233668,6.614055665565343
full_grid,MNAR 50%,cubic_spline,so2,1.1739796874912025,7.128881000993168
full_grid,MNAR 50%,cubic_spline,co,0.09316192730881699,0.19823250940687662
full_grid,MNAR 50%,cubic_spline,no2,5.72570192872192,9.74172138057775
full_grid,MNAR 50%,cubic_spline,o3,7.081240122497798,11.710509827725506
full_grid,MNAR 50%,cubic_spline,pm10,4.059366063001759,9.005119079219371
full_grid,MNAR 50%,cubic_spline,pm25,3.909042828699724,6.757734703726657
full_grid,MNAR 50%,cubic_spline,so2,1.1530500483631512,5.906048287487388
full_grid,MNAR 50%,cubic_spline,co,0.09297817703811194,0.20232449983092152
full_grid,MNAR 50%,cubic_spline,no2,5.801650798458044,9.932979168722222
full_grid,MNAR 50%,cubic_spline,o3,7.079934376813205,11.609063653415424
full_grid,MNAR 50%,cubic_spline,pm10,4.130218911374843,9.129577536909053
full_grid,MNAR 50%,cubic_spline,pm25,3.853636987472403,6.564092190918798
full_grid,MNAR 50%,cubic_spline,so2,1.1729084040682793,7.099728670001533
full_grid,MNAR 50%,galpi,co,0.08670112753213048,0.20746304319962272
full_grid,MNAR 50%,galpi,no2,6.026008730357315,10.991817048407585
full_grid,MNAR 50%,galpi,o3,9.929852351449295,20.05198158314072
full_grid,MNAR 50%,galpi,pm10,5.260286192876023,13.728202145572975
full_grid,MNAR 50%,galpi,pm25,3.7485214376781526,6.96064895570321
full_grid,MNAR 50%,galpi,so2,1.1395446007351793,6.491353646135584
full_grid,MNAR 50%,galpi,co,0.08694339610149074,0.203421832417353
full_grid,MNAR 50%,galpi,no2,6.033749896306743,10.969104448882542
full_grid,MNAR 50%,galpi,o3,9.89749416949985,19.943560864131623
full_grid,MNAR 50%,galpi,pm10,5.243831865213107,13.053568771391577
full_grid,MNAR 50%,galpi,pm25,3.8126667853364298,7.519038430400265
full_grid,MNAR 50%,galpi,so2,1.1519329607219935,7.666133111990231
full_grid,MNAR 50%,galpi,co,0.08741069763587508,0.20566994209557934
full_grid,MNAR 50%,galpi,no2,6.049657379374875,11.011999154393653
full_grid,MNAR 50%,galpi,o3,9.650878494464436,19.44570968753873
full_grid,MNAR 50%,galpi,pm10,5.285421511444095,13.741215133213156
full_grid,MNAR 50%,galpi,pm25,3.73057937166349,7.141008356574192
full_grid,MNAR 50%,galpi,so2,1.0770364146850713,6.14620235377179
full_grid,MNAR 50%,galpi,co,0.08694683649614496,0.2060278265956328
full_grid,MNAR 50%,galpi,no2,6.041187104603565,10.995295692006826
full_grid,MNAR 50%,galpi,o3,9.83008994899661,19.923439030495857
full_grid,MNAR 50%,galpi,pm10,5.397021758162035,14.788421615674732
full_grid,MNAR 50%,galpi,pm25,3.7814323108697683,7.191175002715352
full_grid,MNAR 50%,galpi,so2,1.131066814245541,6.558210726814302
full_grid,MNAR 50%,galpi,co,0.08813375819918401,0.21083831767191807
full_grid,MNAR 50%,galpi,no2,6.056369600424418,11.016195781095826
full_grid,MNAR 50%,galpi,o3,9.830768785029436,19.813179291732055
full_grid,MNAR 50%,galpi,pm10,5.214359917845076,13.324338606808782
full_grid,MNAR 50%,galpi,pm25,3.764244746933164,7.168374628808067
full_grid,MNAR 50%,galpi,so2,1.1600519269575076,6.683356826718164
full_grid,MNAR 50%,galpi,co,0.0867052190361096,0.19959987781407101
full_grid,MNAR 50%,galpi,no2,6.0502190898340995,10.912460180540771
full_grid,MNAR 50%,galpi,o3,9.846475800314902,19.857646508906676
full_grid,MNAR 50%,galpi,pm10,5.168614843993951,12.394461193356806
full_grid,MNAR 50%,galpi,pm25,3.8490961564040465,7.588067044329164
full_grid,MNAR 50%,galpi,so2,1.117033923824488,5.9912393202372005
full_grid,MNAR 50%,galpi,co,0.08756181862750288,0.2086289636382435
full_grid,MNAR 50%,galpi,no2,6.078371482766964,11.0356152097802
full_grid,MNAR 50%,galpi,o3,9.705425943156586,19.389703854177355
full_grid,MNAR 50%,galpi,pm10,5.269125923724073,13.156038316554044
full_grid,MNAR 50%,galpi,pm25,3.773647394438506,6.910460381088575
full_grid,MNAR 50%,galpi,so2,1.0930864824458975,5.842098715612271
full_grid,MNAR 50%,galpi,co,0.08715153510051919,0.20644916775772157
full_grid,MNAR 50%,galpi,no2,6.0730567840338665,11.148505741626563
full_grid,MNAR 50%,galpi,o3,9.714783882744278,19.424314946779173
full_grid,MNAR 50%,galpi,pm10,5.373023701808449,14.4650277859008
full_grid,MNAR 50%,galpi,pm25,3.763477102564493,7.018925589581753
full_grid,MNAR 50%,galpi,so2,1.0440598721947585,6.127557922623237
full_grid,MNAR 50%,galpi,co,0.08735907815447365,0.2063598098745142
full_grid,MNAR 50%,galpi,no2,6.050907768740959,11.103187527950938
full_grid,MNAR 50%,galpi,o3,9.663990752672776,19.206944265869414
full_grid,MNAR 50%,galpi,pm10,5.185310027295795,12.27104082594764
full_grid,MNAR 50%,galpi,pm25,3.762464728179113,7.210796212710369
full_grid,MNAR 50%,galpi,so2,1.124702676132167,7.2812850014739094
full_grid,MNAR 50%,galpi,co,0.08751946233336641,0.20607130549110964
full_grid,MNAR 50%,galpi,no2,6.012460023759386,10.95311396606852
full_grid,MNAR 50%,galpi,o3,9.89166047505541,20.024935666745417
full_grid,MNAR 50%,galpi,pm10,5.1182886953814295,12.439202214808653
full_grid,MNAR 50%,galpi,pm25,3.8002894731158126,7.9202276283934605
full_grid,MNAR 50%,galpi,so2,1.0792463248657822,6.210726424515103
full_grid,MNAR 50%,galpi,co,0.08756141074984192,0.2078452474206727
full_grid,MNAR 50%,galpi,no2,6.0323524529189765,10.980447547605424
full_grid,MNAR 50%,galpi,o3,10.061322306435189,20.55192463335508
full_grid,MNAR 50%,galpi,pm10,5.210802474251656,12.345938772258169
full_grid,MNAR 50%,galpi,pm25,3.7673059901233645,7.28997437396929
full_grid,MNAR 50%,galpi,so2,1.1543905066635403,7.393428357447974
full_grid,MNAR 50%,galpi,co,0.0874221850081739,0.20556174514879588
full_grid,MNAR 50%,galpi,no2,6.047913546094157,10.937378952426675
full_grid,MNAR 50%,galpi,o3,9.804595450942198,19.611921262471874
full_grid,MNAR 50%,galpi,pm10,5.317062280142328,13.443936510609376
full_grid,MNAR 50%,galpi,pm25,3.725963038320505,7.146810093076707
full_grid,MNAR 50%,galpi,so2,1.1099893528728848,7.170946706965193
full_grid,MNAR 50%,galpi,co,0.08738727950362261,0.20557458514683008
full_grid,MNAR 50%,galpi,no2,6.071646130763557,11.069410463832838
full_grid,MNAR 50%,galpi,o3,10.008142963217233,20.22371616747228
full_grid,MNAR 50%,galpi,pm10,5.338252112670505,14.3381783882233
full_grid,MNAR 50%,galpi,pm25,3.7666079463651165,6.9800147926534395
full_grid,MNAR 50%,galpi,so2,1.2292678107175252,7.882915962972911
full_grid,MNAR 50%,galpi,co,0.08856270233211495,0.2086757469048119
full_grid,MNAR 50%,galpi,no2,6.0544551365675945,11.045179881878761
full_grid,MNAR 50%,galpi,o3,9.755628219189552,19.52016233502435
full_grid,MNAR 50%,galpi,pm10,5.280655826686533,13.719436663240089
full_grid,MNAR 50%,galpi,pm25,3.7530505642277117,7.413881436111176
full_grid,MNAR 50%,galpi,so2,1.1048279685079216,6.279741732188939
full_grid,MNAR 50%,galpi,co,0.08811412431203133,0.2125626287087334
full_grid,MNAR 50%,galpi,no2,6.035852137528504,10.934206027006635
full_grid,MNAR 50%,galpi,o3,10.03840948006165,20.35207200539528
full_grid,MNAR 50%,galpi,pm10,5.097669515719939,11.444138160925268
full_grid,MNAR 50%,galpi,pm25,3.796014568811293,7.229402055885301
full_grid,MNAR 50%,galpi,so2,1.0569664061722726,6.347415686985092
full_grid,MNAR 50%,galpi,co,0.08828997592465176,0.21243501507420928
full_grid,MNAR 50%,galpi,no2,6.036943589460734,10.996989325824584
full_grid,MNAR 50%,galpi,o3,9.767614779119128,19.641160626226405
full_grid,MNAR 50%,galpi,pm10,5.239889380981218,13.253555913442565
full_grid,MNAR 50%,galpi,pm25,3.7653041845783495,7.226700840027533
full_grid,MNAR 50%,galpi,so2,1.1162520113490113,7.155541935775778
full_grid,MNAR 50%,galpi,co,0.08674926086212618,0.2032198199874118
full_grid,MNAR 50%,galpi,no2,6.034711664505265,10.839038481958795
full_grid,MNAR 50%,galpi,o3,9.975322226861334,20.432774322328815
full_grid,MNAR 50%,galpi,pm10,5.1172964763131645,11.738035559231628
full_grid,MNAR 50%,galpi,pm25,3.7707749075488493,7.114985372570212
full_grid,MNAR 50%,galpi,so2,1.1195736213686203,6.552898331133323
full_grid,MNAR 50%,galpi,co,0.08791441662449455,0.2106291275705917
full_grid,MNAR 50%,galpi,no2,6.133509983698833,11.32269315927938
full_grid,MNAR 50%,galpi,o3,10.029575744374673,20.429125932657524
full_grid,MNAR 50%,galpi,pm10,5.321686160373111,13.835527475923046
full_grid,MNAR 50%,galpi,pm25,3.7686803367020207,6.798689741989821
full_grid,MNAR 50%,galpi,so2,1.1760034384244926,7.795776022702438
full_grid,MNAR 50%,galpi,co,0.08720394855327589,0.2063032327321155
full_grid,MNAR 50%,galpi,no2,6.071285620517663,11.077663855354022
full_grid,MNAR 50%,galpi,o3,10.00591395249645,20.380222258488747
full_grid,MNAR 50%,galpi,pm10,5.241731014242333,13.311026441339614
full_grid,MNAR 50%,galpi,pm25,3.796853946402345,7.454140066892018
full_grid,MNAR 50%,galpi,so2,1.1451066847667357,7.318476386035193
full_grid,MNAR 50%,galpi,co,0.08784036443967026,0.20680601948653898
full_grid,MNAR 50%,galpi,no2,6.072942333940646,11.10439804665375
full_grid,MNAR 50%,galpi,o3,9.853230619296468,19.7152178170162
full_grid,MNAR 50%,galpi,pm10,5.268721380589839,13.896920797740558
full_grid,MNAR 50%,galpi,pm25,3.7723627485949853,7.048167799831351
full_grid,MNAR 50%,galpi,so2,1.1171918796622096,7.316514584744357
full_grid,MNAR 50%,linear_interpolation,co,0.08643976220951158,0.20405894776999603
full_grid,MNAR 50%,linear_interpolation,no2,5.746105380809433,10.086565142515767
full_grid,MNAR 50%,linear_interpolation,o3,7.882725893766065,13.215406702694755
full_grid,MNAR 50%,linear_interpolation,pm10,4.866352664706256,10.304113922796764
full_grid,MNAR 50%,linear_interpolation,pm25,3.706109796146185,6.897076690890284
full_grid,MNAR 50%,linear_interpolation,so2,1.124702676132167,7.2812850014739094
full_grid,MNAR 50%,linear_interpolation,co,0.08681622353909359,0.20407267899447917
full_grid,MNAR 50%,linear_interpolation,no2,5.684812813562819,9.982486482018507
full_grid,MNAR 50%,linear_interpolation,o3,8.020056962314664,13.72658695545448
full_grid,MNAR 50%,linear_interpolation,pm10,4.904709948005523,11.068350783728272
full_grid,MNAR 50%,linear_interpolation,pm25,3.712187072177177,7.024175943333397
full_grid,MNAR 50%,linear_interpolation,so2,1.0792463248657822,6.210726424515103
full_grid,MNAR 50%,linear_interpolation,co,0.08692638579086197,0.2063757326157021
full_grid,MNAR 50%,linear_interpolation,no2,5.716149064396016,9.998612667991662
full_grid,MNAR 50%,linear_interpolation,o3,7.975981203498454,13.571990725249417
full_grid,MNAR 50%,linear_interpolation,pm10,4.94289590706095,10.776021926929523
full_grid,MNAR 50%,linear_interpolation,pm25,3.7061428381471875,6.871274541098811
full_grid,MNAR 50%,linear_interpolation,so2,1.1162520113490113,7.155541935775778
full_grid,MNAR 50%,linear_interpolation,co,0.0858241375393595,0.2041637799440344
full_grid,MNAR 50%,linear_interpolation,no2,5.712182547006355,9.99075198166987
full_grid,MNAR 50%,linear_interpolation,o3,8.031897429760523,13.666495723788625
full_grid,MNAR 50%,linear_interpolation,pm10,4.953387318060789,10.886271621814823
full_grid,MNAR 50%,linear_interpolation,pm25,3.686163505428278,6.5016720593567685
full_grid,MNAR 50%,linear_interpolation,so2,1.1395446007351793,6.491353646135584
full_grid,MNAR 50%,linear_interpolation,co,0.08605579876658749,0.2020652176514548
full_grid,MNAR 50%,linear_interpolation,no2,5.701693546663264,9.929615294736315
full_grid,MNAR 50%,linear_interpolation,o3,8.075436298656273,13.898023665162324
full_grid,MNAR 50%,linear_interpolation,pm10,4.898203124285237,10.45926080419638
full_grid,MNAR 50%,linear_interpolation,pm25,3.7152706166577056,6.873878343756591
full_grid,MNAR 50%,linear_interpolation,so2,1.1451066847667357,7.318476386035193
full_grid,MNAR 50%,linear_interpolation,co,0.08583616799967725,0.2011819159626909
full_grid,MNAR 50%,linear_interpolation,no2,5.70910887214796,9.980510125604908
full_grid,MNAR 50%,linear_interpolation,o3,8.02507412550726,13.664117122914824
full_grid,MNAR 50%,linear_interpolation,pm10,4.966144050447772,11.091700026376909
full_grid,MNAR 50%,linear_interpolation,pm25,3.7205052849933513,6.645786883983282
full_grid,MNAR 50%,linear_interpolation,so2,1.131066814245541,6.558210726814302
full_grid,MNAR 50%,linear_interpolation,co,0.08587436918026761,0.19761838793146186
full_grid,MNAR 50%,linear_interpolation,no2,5.698964922113393,9.880129592170803
full_grid,MNAR 50%,linear_interpolation,o3,8.015904528291852,13.666438761784894
full_grid,MNAR 50%,linear_interpolation,pm10,4.907245394544234,10.507589946582248
full_grid,MNAR 50%,linear_interpolation,pm25,3.7756775925498274,7.016885088237164
full_grid,MNAR 50%,linear_interpolation,so2,1.117033923824488,5.9912393202372005
full_grid,MNAR 50%,linear_interpolation,co,0.08647828854358466,0.2021902199573373
full_grid,MNAR 50%,linear_interpolation,no2,5.707085936795321,9.959920603213002
full_grid,MNAR 50%,linear_interpolation,o3,7.960170590298383,13.396111221305976
full_grid,MNAR 50%,linear_interpolation,pm10,4.971076295260899,10.362294473787811
full_grid,MNAR 50%,linear_interpolation,pm25,3.664155323798054,6.716592024433308
full_grid,MNAR 50%,linear_interpolation,so2,1.1099893528728848,7.170946706965193
full_grid,MNAR 50%,linear_interpolation,co,0.08630820769822177,0.20295477151158137
full_grid,MNAR 50%,linear_interpolation,no2,5.690772535542392,9.88179923278664
full_grid,MNAR 50%,linear_interpolation,o3,8.079349191348133,13.822926670408705
full_grid,MNAR 50%,linear_interpolation,pm10,4.956327740126153,10.540225628619062
full_grid,MNAR 50%,linear_interpolation,pm25,3.7099115848821214,6.954704873216461
full_grid,MNAR 50%,linear_interpolation,so2,1.1543905066635403,7.393428357447974
full_grid,MNAR 50%,linear_interpolation,co,0.08568382482984058,0.19990280953495415
full_grid,MNAR 50%,linear_interpolation,no2,5.75536039893691,10.042856162361412
full_grid,MNAR 50%,linear_interpolation,o3,8.02874663853671,13.699454713403014
full_grid,MNAR 50%,linear_interpolation,pm10,4.880193219398777,10.275663523230811
full_grid,MNAR 50%,linear_interpolation,pm25,3.711800793734983,6.692626755114758
full_grid,MNAR 50%,linear_interpolation,so2,1.1163696315155893,6.528983462167137
full_grid,MNAR 50%,linear_interpolation,co,0.08656036576084424,0.20447592799618242
full_grid,MNAR 50%,linear_interpolation,no2,5.692837889578955,9.934099551407765
full_grid,MNAR 50%,linear_interpolation,o3,8.010861374479939,13.720908173521996
full_grid,MNAR 50%,linear_interpolation,pm10,4.8889372573995,10.690464570335111
full_grid,MNAR 50%,linear_interpolation,pm25,3.706800301975468,6.9150687251280125
full_grid,MNAR 50%,linear_interpolation,so2,1.1600519269575076,6.683356826718164
full_grid,MNAR 50%,linear_interpolation,co,0.08634930070500861,0.20157801195275296
full_grid,MNAR 50%,linear_interpolation,no2,5.699487632014406,9.97055078664819
full_grid,MNAR 50%,linear_interpolation,o3,7.927153955678836,13.516523974979481
full_grid,MNAR 50%,linear_interpolation,pm10,4.989053436016924,11.225242203278668
full_grid,MNAR 50%,linear_interpolation,pm25,3.6867606990108777,6.781617854040881
full_grid,MNAR 50%,linear_interpolation,so2,1.0770364146850713,6.14620235377179
full_grid,MNAR 50%,linear_interpolation,co,0.08611054096509987,0.20313092014315645
full_grid,MNAR 50%,linear_interpolation,no2,5.703675734062808,10.050989324537621
full_grid,MNAR 50%,linear_interpolation,o3,7.924053215852415,13.36341558730622
full_grid,MNAR 50%,linear_interpolation,pm10,5.0160710722750235,11.397209935179461
full_grid,MNAR 50%,linear_interpolation,pm25,3.720939520675401,6.772392237901472
full_grid,MNAR 50%,linear_interpolation,so2,1.0440598721947585,6.127557922623237
full_grid,MNAR 50%,linear_interpolation,co,0.08671917069287163,0.2065225165932261
full_grid,MNAR 50%,linear_interpolation,no2,5.750815803527939,10.095601431404146
full_grid,MNAR 50%,linear_interpolation,o3,8.063481775401298,13.80907334399982
full_grid,MNAR 50%,linear_interpolation,pm10,4.9414157423049385,10.614486251595137
full_grid,MNAR 50%,linear_interpolation,pm25,3.711441748097085,6.549752441898686
full_grid,MNAR 50%,linear_interpolation,so2,1.1760034384244926,7.795776022702438
full_grid,MNAR 50%,linear_interpolation,co,0.08754545652408048,0.20519604406018183
full_grid,MNAR 50%,linear_interpolation,no2,5.711399334952766,10.023843232454373
full_grid,MNAR 50%,linear_interpolation,o3,7.963600347113357,13.511751503041383
full_grid,MNAR 50%,linear_interpolation,pm10,4.937384087025538,10.589779266188469
full_grid,MNAR 50%,linear_interpolation,pm25,3.696937821368512,7.134501308825384
full_grid,MNAR 50%,linear_interpolation,so2,1.1048279685079216,6.279741732188939
full_grid,MNAR 50%,linear_interpolation,co,0.08583853056996364,0.19913653214345306
full_grid,MNAR 50%,linear_interpolation,no2,5.729839217542888,10.062229326366344
full_grid,MNAR 50%,linear_interpolation,o3,8.0039801309501,13.609392790720216
full_grid,MNAR 50%,linear_interpolation,pm10,4.921213016724367,10.59250644852074
full_grid,MNAR 50%,linear_interpolation,pm25,3.7607097706650947,7.295099449450252
full_grid,MNAR 50%,linear_interpolation,so2,1.1519329607219935,7.666133111990231
full_grid,MNAR 50%,linear_interpolation,co,0.08645455325404154,0.20283222112772775
full_grid,MNAR 50%,linear_interpolation,no2,5.7575782377229086,10.133952502470612
full_grid,MNAR 50%,linear_interpolation,o3,8.078022343947882,13.694487660361798
full_grid,MNAR 50%,linear_interpolation,pm10,4.998108472280742,11.565507118639298
full_grid,MNAR 50%,linear_interpolation,pm25,3.71578909447496,6.772720395607913
full_grid,MNAR 50%,linear_interpolation,so2,1.2206924655906486,7.798348174759075
full_grid,MNAR 50%,linear_interpolation,co,0.08695023892578317,0.2074057932251568
full_grid,MNAR 50%,linear_interpolation,no2,5.680596418917032,9.869996841730686
full_grid,MNAR 50%,linear_interpolation,o3,8.091756125891276,13.869542510722889
full_grid,MNAR 50%,linear_interpolation,pm10,4.863007862308861,10.034518004694528
full_grid,MNAR 50%,linear_interpolation,pm25,3.722181200020873,6.6095978649983556
full_grid,MNAR 50%,linear_interpolation,so2,1.0569664061722726,6.347415686985092
full_grid,MNAR 50%,linear_interpolation,co,0.08680046280361885,0.2029450942438768
full_grid,MNAR 50%,linear_interpolation,no2,5.712384286185411,9.969439298920651
full_grid,MNAR 50%,linear_interpolation,o3,7.978145907753942,13.548702094058287
full_grid,MNAR 50%,linear_interpolation,pm10,4.927697090720604,10.945817250883277
full_grid,MNAR 50%,linear_interpolation,pm25,3.7027980860635847,6.678771002803877
full_grid,MNAR 50%,linear_interpolation,so2,1.1171918796622096,7.316514584744357
full_grid,MNAR 50%,linear_interpolation,co,0.08640864766801759,0.20526815326489284
full_grid,MNAR 50%,linear_interpolation,no2,5.744775716273995,10.034667742144238
full_grid,MNAR 50%,linear_interpolation,o3,7.978380044232369,13.631461805896107
full_grid,MNAR 50%,linear_interpolation,pm10,4.943366329253337,10.705002938704101
full_grid,MNAR 50%,linear_interpolation,pm25,3.716074453924051,6.6363310936652855
full_grid,MNAR 50%,linear_interpolation,so2,1.0930864824458975,5.842098715612271
full_grid,MNAR 50%,nearest_interpolation,co,0.11030279786165327,0.2417513933707867
full_grid,MNAR 50%,nearest_interpolation,no2,8.019873259437121,13.378166947257427
full_grid,MNAR 50%,nearest_interpolation,o3,12.64591342887966,19.26869916787262
full_grid,MNAR 50%,nearest_interpolation,pm10,7.9543090920701145,14.93411510222555
full_grid,MNAR 50%,nearest_interpolation,pm25,5.458911494625341,9.450243897942276
full_grid,MNAR 50%,nearest_interpolation,so2,1.4299490741213317,6.070989185613342
full_grid,MNAR 50%,nearest_interpolation,co,0.10895000744430162,0.24264001572161129
full_grid,MNAR 50%,nearest_interpolation,no2,8.05184441548364,13.428068950293543
full_grid,MNAR 50%,nearest_interpolation,o3,12.716917075947567,19.402327867545434
full_grid,MNAR 50%,nearest_interpolation,pm10,7.8735102590514545,14.635478821283103
full_grid,MNAR 50%,nearest_interpolation,pm25,5.417925628741396,9.136270755603848
full_grid,MNAR 50%,nearest_interpolation,so2,1.578572717034256,6.599023608990241
full_grid,MNAR 50%,nearest_interpolation,co,0.11019744963337368,0.24556090806131947
full_grid,MNAR 50%,nearest_interpolation,no2,8.01791961087519,13.322603773118809
full_grid,MNAR 50%,nearest_interpolation,o3,12.792215576097789,19.608408710154727
full_grid,MNAR 50%,nearest_interpolation,pm10,7.790610167494578,13.895140683571759
full_grid,MNAR 50%,nearest_interpolation,pm25,5.491821180907355,9.462581704259772
full_grid,MNAR 50%,nearest_interpolation,so2,1.4741838816438986,6.4505423084433495
full_grid,MNAR 50%,nearest_interpolation,co,0.10943333613265196,0.23838101694388886
full_grid,MNAR 50%,nearest_interpolation,no2,8.008489189797778,13.345423489533996
full_grid,MNAR 50%,nearest_interpolation,o3,12.678971914708233,19.40000264373566
full_grid,MNAR 50%,nearest_interpolation,pm10,7.843108188180618,14.375845274790112
full_grid,MNAR 50%,nearest_interpolation,pm25,5.552709856634628,9.703426528231494
full_grid,MNAR 50%,nearest_interpolation,so2,1.5201226469972067,6.49094601159924
full_grid,MNAR 50%,nearest_interpolation,co,0.10917578570917547,0.24058944469055193
full_grid,MNAR 50%,nearest_interpolation,no2,8.0369044247144,13.45300720801888
full_grid,MNAR 50%,nearest_interpolation,o3,12.726519412854728,19.418254538621643
full_grid,MNAR 50%,nearest_interpolation,pm10,7.896836399071518,14.57564221565678
full_grid,MNAR 50%,nearest_interpolation,pm25,5.5618783865048,9.932625490096196
full_grid,MNAR 50%,nearest_interpolation,so2,1.5718872393172456,8.017600729433632
full_grid,MNAR 50%,nearest_interpolation,co,0.11014214277564845,0.2430305816187871
full_grid,MNAR 50%,nearest_interpolation,no2,8.004907856380571,13.28922421100229
full_grid,MNAR 50%,nearest_interpolation,o3,12.72924870523889,19.325917150816625
full_grid,MNAR 50%,nearest_interpolation,pm10,7.832959714475588,14.135739989236061
full_grid,MNAR 50%,nearest_interpolation,pm25,5.457363309487316,9.307925505030937
full_grid,MNAR 50%,nearest_interpolation,so2,1.5078801884297521,7.418893273187013
full_grid,MNAR 50%,nearest_interpolation,co,0.10934856280016426,0.24425321041030956
full_grid,MNAR 50%,nearest_interpolation,no2,8.033710730928542,13.42259808737654
full_grid,MNAR 50%,nearest_interpolation,o3,12.684694521139575,19.391699925333903
full_grid,MNAR 50%,nearest_interpolation,pm10,7.811226572620905,14.495957113219449
full_grid,MNAR 50%,nearest_interpolation,pm25,5.478054711397689,9.244898044470851
full_grid,MNAR 50%,nearest_interpolation,so2,1.50196917013078,6.270677219635986
full_grid,MNAR 50%,nearest_interpolation,co,0.11026821417749495,0.242364697468017
full_grid,MNAR 50%,nearest_interpolation,no2,8.062607963308285,13.45215402802752
full_grid,MNAR 50%,nearest_interpolation,o3,12.69502874300783,19.405131763831807
full_grid,MNAR 50%,nearest_interpolation,pm10,7.88726063899241,15.092460248547873
full_grid,MNAR 50%,nearest_interpolation,pm25,5.418320575281529,9.192570030197173
full_grid,MNAR 50%,nearest_interpolation,so2,1.5334570098522167,7.649178016304082
full_grid,MNAR 50%,nearest_interpolation,co,0.10998922218030932,0.24472718635322654
full_grid,MNAR 50%,nearest_interpolation,no2,8.056218465073288,13.472886056365125
full_grid,MNAR 50%,nearest_interpolation,o3,12.774536548262192,19.544173720263192
full_grid,MNAR 50%,nearest_interpolation,pm10,7.8905316115923885,14.534314014636692
full_grid,MNAR 50%,nearest_interpolation,pm25,5.471575651499548,9.181294553710053
full_grid,MNAR 50%,nearest_interpolation,so2,1.5615098891182204,8.130840282441968
full_grid,MNAR 50%,nearest_interpolation,co,0.10949890891169994,0.24216786795974762
full_grid,MNAR 50%,nearest_interpolation,no2,8.09445948380653,13.53320162199645
full_grid,MNAR 50%,nearest_interpolation,o3,12.759023631572537,19.426431296330996
full_grid,MNAR 50%,nearest_interpolation,pm10,7.889157642480674,15.096492815283
full_grid,MNAR 50%,nearest_interpolation,pm25,5.497975331336637,9.588688794306465
full_grid,MNAR 50%,nearest_interpolation,so2,1.58645850510915,7.977104125392562
full_grid,MNAR 50%,nearest_interpolation,co,0.10918764824960035,0.24141585743038171
full_grid,MNAR 50%,nearest_interpolation,no2,8.045518214766522,13.476396930080107
full_grid,MNAR 50%,nearest_interpolation,o3,12.74303183337416,19.506233259315135
full_grid,MNAR 50%,nearest_interpolation,pm10,7.8383968748778665,14.793844861227782
full_grid,MNAR 50%,nearest_interpolation,pm25,5.5209268997392975,9.521021525170918
full_grid,MNAR 50%,nearest_interpolation,so2,1.487537232404946,6.58114056351304
full_grid,MNAR 50%,nearest_interpolation,co,0.11018268980763403,0.24531987991104212
full_grid,MNAR 50%,nearest_interpolation,no2,8.03815014658393,13.354687687305786
full_grid,MNAR 50%,nearest_interpolation,o3,12.68166981676732,19.34975232001089
full_grid,MNAR 50%,nearest_interpolation,pm10,7.840523960921512,14.607705971036664
full_grid,MNAR 50%,nearest_interpolation,pm25,5.463518304679441,9.334243590051214
full_grid,MNAR 50%,nearest_interpolation,so2,1.560416500994501,7.67823974286303
full_grid,MNAR 50%,nearest_interpolation,co,0.11147031968650466,0.24590046635421337
full_grid,MNAR 50%,nearest_interpolation,no2,8.011582969107252,13.360829179190182
full_grid,MNAR 50%,nearest_interpolation,o3,12.700230069169919,19.35652098670609
full_grid,MNAR 50%,nearest_interpolation,pm10,7.8317434645392865,14.460482310195745
full_grid,MNAR 50%,nearest_interpolation,pm25,5.47392051681133,9.667336245226265
full_grid,MNAR 50%,nearest_interpolation,so2,1.4817317741445755,6.189579641745251
full_grid,MNAR 50%,nearest_interpolation,co,0.10971014612848615,0.2447843346325197
full_grid,MNAR 50%,nearest_interpolation,no2,8.026823709444951,13.39086698129739
full_grid,MNAR 50%,nearest_interpolation,o3,12.858345039906176,19.656802209676147
full_grid,MNAR 50%,nearest_interpolation,pm10,7.863530463006131,14.543903548921339
full_grid,MNAR 50%,nearest_interpolation,pm25,5.412684456913264,9.333444978406813
full_grid,MNAR 50%,nearest_interpolation,so2,1.5786502715441433,7.738448501325767
full_grid,MNAR 50%,nearest_interpolation,co,0.1099712961655789,0.2445105791764748
full_grid,MNAR 50%,nearest_interpolation,no2,8.015656333661974,13.424667717362553
full_grid,MNAR 50%,nearest_interpolation,o3,12.632718160638763,19.197442949882003
full_grid,MNAR 50%,nearest_interpolation,pm10,7.891580874314569,15.318318049587926
full_grid,MNAR 50%,nearest_interpolation,pm25,5.438990724559871,9.31658803820929
full_grid,MNAR 50%,nearest_interpolation,so2,1.408885280720339,6.039342975820804
full_grid,MNAR 50%,nearest_interpolation,co,0.10949278520750143,0.24437621383236952
full_grid,MNAR 50%,nearest_interpolation,no2,8.076818274628758,13.538187053791756
full_grid,MNAR 50%,nearest_interpolation,o3,12.577725945992766,19.023221520109242
full_grid,MNAR 50%,nearest_interpolation,pm10,7.792242459412747,14.187993877257298
full_grid,MNAR 50%,nearest_interpolation,pm25,5.462263624025933,9.443460908744543
full_grid,MNAR 50%,nearest_interpolation,so2,1.5488223335276967,7.59564809657703
full_grid,MNAR 50%,nearest_interpolation,co,0.1091817859304762,0.24049694728624388
full_grid,MNAR 50%,nearest_interpolation,no2,8.077719264244898,13.4563917941566
full_grid,MNAR 50%,nearest_interpolation,o3,12.704158894837104,19.368250058678402
full_grid,MNAR 50%,nearest_interpolation,pm10,7.758133861192744,13.998856168705466
full_grid,MNAR 50%,nearest_interpolation,pm25,5.482575504737323,9.327277835715398
full_grid,MNAR 50%,nearest_interpolation,so2,1.485594174310822,6.539955987310803
full_grid,MNAR 50%,nearest_interpolation,co,0.10905001836438813,0.24139212129130985
full_grid,MNAR 50%,nearest_interpolation,no2,8.037068500633426,13.380188390029932
full_grid,MNAR 50%,nearest_interpolation,o3,12.777255385765429,19.59156538728901
full_grid,MNAR 50%,nearest_interpolation,pm10,7.8003156058219245,14.277000667709393
full_grid,MNAR 50%,nearest_interpolation,pm25,5.506606090426037,9.576149198446423
full_grid,MNAR 50%,nearest_interpolation,so2,1.5447270441549459,7.611824094296443
full_grid,MNAR 50%,nearest_interpolation,co,0.10882476943618594,0.24255537889518664
full_grid,MNAR 50%,nearest_interpolation,no2,8.01627244582772,13.3007053144568
full_grid,MNAR 50%,nearest_interpolation,o3,12.72035129690039,19.536213992095103
full_grid,MNAR 50%,nearest_interpolation,pm10,7.762669570500185,14.34146071822316
full_grid,MNAR 50%,nearest_interpolation,pm25,5.422544465481565,9.312032115666007
full_grid,MNAR 50%,nearest_interpolation,so2,1.5898211648880027,7.094946529778138
full_grid,MNAR 50%,nearest_interpolation,co,0.1098861849262405,0.24189191670101665
full_grid,MNAR 50%,nearest_interpolation,no2,8.02408830658004,13.42119702285935
full_grid,MNAR 50%,nearest_interpolation,o3,12.788026056568748,19.564811852474364
full_grid,MNAR 50%,nearest_interpolation,pm10,7.819659719200866,15.044365407435778
full_grid,MNAR 50%,nearest_interpolation,pm25,5.462737226340793,9.440668209667345
full_grid,MNAR 50%,nearest_interpolation,so2,1.4394746801279015,6.089910458788841
