station_label,recipe_label,algorithm_id,pollutant,mae,rmse
full_grid,MAR 50%,GALPI_V1,co,0.12972595540708887,0.24756346265236248
full_grid,MAR 50%,GALPI_V1,no2,8.555406655277256,14.638095999092878
full_grid,MAR 50%,GALPI_V1,o3,16.99262044703391,28.506642011718835
full_grid,MAR 50%,GALPI_V1,pm10,9.998059071315371,18.021778966532175
full_grid,MAR 50%,GALPI_V1,pm25,7.915371734619788,14.233181930418437
full_grid,MAR 50%,GALPI_V1,so2,1.3286464850385844,3.170258785994933
full_grid,MAR 50%,GALPI_V1,co,0.1368150613273998,0.26747689312297873
full_grid,MAR 50%,GALPI_V1,no2,8.585242534252844,15.29477846189752
full_grid,MAR 50%,GALPI_V1,o3,17.586985655941223,29.729874032715784
full_grid,MAR 50%,GALPI_V1,pm10,9.594946485826245,16.567529880599512
full_grid,MAR 50%,GALPI_V1,pm25,6.3550238480582895,11.009376100120692
full_grid,MAR 50%,GALPI_V1,so2,1.6150781224599469,3.9598410337283907
full_grid,MAR 50%,GALPI_V1,co,0.11231705447219013,0.19497739186764282
full_grid,MAR 50%,GALPI_V1,no2,8.227047850289132,13.515537216865951
full_grid,MAR 50%,GALPI_V1,o3,18.570099421086653,31.55178940898754
full_grid,MAR 50%,GALPI_V1,pm10,8.393294940337457,14.255311850121346
full_grid,MAR 50%,GALPI_V1,pm25,5.619705808144067,9.524176648712727
full_grid,MAR 50%,GALPI_V1,so2,1.182410872489509,2.650587169016564
full_grid,MAR 50%,GALPI_V1,co,0.136296259365557,0.2663789048455917
full_grid,MAR 50%,GALPI_V1,no2,8.556854593889474,14.80034315525756
full_grid,MAR 50%,GALPI_V1,o3,17.46683570221936,29.37722566357547
full_grid,MAR 50%,GALPI_V1,pm10,9.587866421216543,16.46056023281597
full_grid,MAR 50%,GALPI_V1,pm25,6.370414999331349,10.94923577245887
full_grid,MAR 50%,GALPI_V1,so2,1.6121722086852621,3.9579740006059034
full_grid,MAR 50%,GALPI_V1,co,0.1122822908287207,0.19458960217232152
full_grid,MAR 50%,GALPI_V1,no2,8.232339440671673,13.513703926744379
full_grid,MAR 50%,GALPI_V1,o3,18.618630638126692,31.642057559296305
full_grid,MAR 50%,GALPI_V1,pm10,8.486340890295029,14.94463371784446
full_grid,MAR 50%,GALPI_V1,pm25,5.664005501171098,9.72327529619623
full_grid,MAR 50%,GALPI_V1,so2,1.1819151742015743,2.6732353118709775
full_grid,MAR 50%,GALPI_V1,co,0.15520246439521548,0.30242630581429425
full_grid,MAR 50%,GALPI_V1,no2,8.994210774559098,15.76490828794962
full_grid,MAR 50%,GALPI_V1,o3,17.9889316991003,30.38490433216933
full_grid,MAR 50%,GALPI_V1,pm10,9.62691600290729,17.73149165275054
full_grid,MAR 50%,GALPI_V1,pm25,6.447009902214411,12.247081611665038
full_grid,MAR 50%,GALPI_V1,so2,1.3944327337363793,3.3439768933233487
full_grid,MAR 50%,GALPI_V1,co,0.13647926771343685,0.26470470215239134
full_grid,MAR 50%,GALPI_V1,no2,8.538233511554228,14.482851454259418
full_grid,MAR 50%,GALPI_V1,o3,17.540392781230448,29.18395983935179
full_grid,MAR 50%,GALPI_V1,pm10,9.584661219609727,16.515258686572306
full_grid,MAR 50%,GALPI_V1,pm25,6.373498601294385,11.029477542511307
full_grid,MAR 50%,GALPI_V1,so2,1.6178033569827674,3.9807498778290022
full_grid,MAR 50%,GALPI_V1,co,0.13738228292098648,0.2644159744555186
full_grid,MAR 50%,GALPI_V1,no2,11.335353749561337,20.482143890067572
full_grid,MAR 50%,GALPI_V1,o3,18.48690174094223,30.753077038061573
full_grid,MAR 50%,GALPI_V1,pm10,9.659348243105951,17.101902802645615
full_grid,MAR 50%,GALPI_V1,pm25,6.577890672827132,11.95328759018802
full_grid,MAR 50%,GALPI_V1,so2,1.3399310611238104,3.1836579408112167
full_grid,MAR 50%,GALPI_V1,co,0.155793931763501,0.30200389861253757
full_grid,MAR 50%,GALPI_V1,no2,8.929321349556547,15.178713509758364
full_grid,MAR 50%,GALPI_V1,o3,17.886012316775894,29.60546853237779
full_grid,MAR 50%,GALPI_V1,pm10,9.515874338153619,16.53619673087926
full_grid,MAR 50%,GALPI_V1,pm25,6.340364292551945,10.906904721203336
full_grid,MAR 50%,GALPI_V1,so2,1.4102723308000158,3.382619732351795
full_grid,MAR 50%,GALPI_V1,co,0.15552518950113223,0.2994339289899028
full_grid,MAR 50%,GALPI_V1,no2,8.938195680417472,15.253643078199213
full_grid,MAR 50%,GALPI_V1,o3,17.84773476513744,29.69849243431809
full_grid,MAR 50%,GALPI_V1,pm10,9.5359215249848,16.67450095321839
full_grid,MAR 50%,GALPI_V1,pm25,6.346435763087347,10.842509216805118
full_grid,MAR 50%,GALPI_V1,so2,1.3930162171038967,3.3131463510037547
full_grid,MAR 50%,GALPI_V1,co,0.13006541332221008,0.24833600978406178
full_grid,MAR 50%,GALPI_V1,no2,8.567242270881856,14.657302211978784
full_grid,MAR 50%,GALPI_V1,o3,17.031771371669922,28.665442455670043
full_grid,MAR 50%,GALPI_V1,pm10,9.99360057073672,17.80659798972524
full_grid,MAR 50%,GALPI_V1,pm25,7.957258361298549,14.213870569916605
full_grid,MAR 50%,GALPI_V1,so2,1.3370041568704487,3.307395631178361
full_grid,MAR 50%,GALPI_V1,co,0.13694757320238587,0.26707822342002224
full_grid,MAR 50%,GALPI_V1,no2,8.626102011404262,15.381975113450753
full_grid,MAR 50%,GALPI_V1,o3,17.546317803159248,29.66973746803069
full_grid,MAR 50%,GALPI_V1,pm10,9.627548778159413,16.67440054896634
full_grid,MAR 50%,GALPI_V1,pm25,6.363963443237426,10.940086414449594
full_grid,MAR 50%,GALPI_V1,so2,1.6093150434259242,3.967282804789726
full_grid,MAR 50%,GALPI_V1,co,0.15693028132264375,0.3012947104497851
full_grid,MAR 50%,GALPI_V1,no2,9.004332853203548,15.355460611958529
full_grid,MAR 50%,GALPI_V1,o3,18.01180137157315,29.922695575468083
full_grid,MAR 50%,GALPI_V1,pm10,9.645313881000302,17.015579624434626
full_grid,MAR 50%,GALPI_V1,pm25,6.384790913922556,11.064447551011463
full_grid,MAR 50%,GALPI_V1,so2,1.3995495363164616,3.334664618140004
full_grid,MAR 50%,GALPI_V1,co,0.1132539851772091,0.1976724572762655
full_grid,MAR 50%,GALPI_V1,no2,8.231129463585027,13.543799105006656
full_grid,MAR 50%,GALPI_V1,o3,18.56960066832918,31.595224159743758
full_grid,MAR 50%,GALPI_V1,pm10,8.380468590332962,14.449038976492739
full_grid,MAR 50%,GALPI_V1,pm25,5.599839662820987,9.48823297781711
full_grid,MAR 50%,GALPI_V1,so2,1.1828706770243338,2.7155167066318606
full_grid,MAR 50%,GALPI_V1,co,0.11252764491836281,0.1942290843726498
full_grid,MAR 50%,GALPI_V1,no2,8.237793308920022,13.514204453676777
full_grid,MAR 50%,GALPI_V1,o3,18.72362501363299,31.87607147173189
full_grid,MAR 50%,GALPI_V1,pm10,8.400163545935794,14.52902121187132
full_grid,MAR 50%,GALPI_V1,pm25,5.594857781802262,9.547274347206246
full_grid,MAR 50%,GALPI_V1,so2,1.1840625743063957,2.8080409952855545
full_grid,MAR 50%,GALPI_V1,co,0.11230886187894441,0.19557081293424078
full_grid,MAR 50%,GALPI_V1,no2,8.23202047967937,13.566325252904472
full_grid,MAR 50%,GALPI_V1,o3,18.664019252873107,31.75001620820384
full_grid,MAR 50%,GALPI_V1,pm10,8.400654624558856,14.44604129791075
full_grid,MAR 50%,GALPI_V1,pm25,5.6193037326039414,9.580069446385801
full_grid,MAR 50%,GALPI_V1,so2,1.1838154891439934,2.8203737526235506
full_grid,MAR 50%,GALPI_V1,co,0.11162625913426989,0.1942687568695351
full_grid,MAR 50%,GALPI_V1,no2,8.190714570527538,13.431905025593727
full_grid,MAR 50%,GALPI_V1,o3,18.590163642041293,31.612145710396664
full_grid,MAR 50%,GALPI_V1,pm10,8.390888889612176,14.58762604139818
full_grid,MAR 50%,GALPI_V1,pm25,5.59585418729517,9.453584831754556
full_grid,MAR 50%,GALPI_V1,so2,1.1763316554413843,2.537326387414638
full_grid,MAR 50%,GALPI_V1,co,0.13700742339127692,0.2666627795394596
full_grid,MAR 50%,GALPI_V1,no2,8.562855051631345,15.09800408113356
full_grid,MAR 50%,GALPI_V1,o3,17.589135799604154,29.560534257375306
full_grid,MAR 50%,GALPI_V1,pm10,9.668297294687681,16.66595939071139
full_grid,MAR 50%,GALPI_V1,pm25,6.391258850576387,11.01530775367107
full_grid,MAR 50%,GALPI_V1,so2,1.616816310984815,3.985007874678415
full_grid,MAR 50%,GALPI_V1,co,0.12286477657014898,0.23364632101862728
full_grid,MAR 50%,GALPI_V1,no2,8.367799146313883,14.493120039529032
full_grid,MAR 50%,GALPI_V1,o3,16.45586393781689,28.062580524141023
full_grid,MAR 50%,GALPI_V1,pm10,11.137647049234245,20.394047022245868
full_grid,MAR 50%,GALPI_V1,pm25,6.329780379831122,11.326270480280376
full_grid,MAR 50%,GALPI_V1,so2,1.2481798777971085,3.058099516675121
full_grid,MAR 50%,GALPI_V1,co,0.15611845173691344,0.30363381746199836
full_grid,MAR 50%,GALPI_V1,no2,8.912049852855926,15.17347463563837
full_grid,MAR 50%,GALPI_V1,o3,17.815346543034945,29.599434194012343
full_grid,MAR 50%,GALPI_V1,pm10,9.56870832408256,16.97705919606892
full_grid,MAR 50%,GALPI_V1,pm25,6.404065516658432,11.169750226882798
full_grid,MAR 50%,GALPI_V1,so2,1.4003240431290394,3.4052305731027817
full_grid,MAR 50%,GALPI_V2,co,0.14411268349552342,0.2695791720655656
full_grid,MAR 50%,GALPI_V2,no2,11.962411827670618,20.296797973436114
full_grid,MAR 50%,GALPI_V2,o3,19.919821408382223,31.530755122631305
full_grid,MAR 50%,GALPI_V2,pm10,10.376412717173636,17.607842332948398
full_grid,MAR 50%,GALPI_V2,pm25,6.934022030819267,11.87448101730546
full_grid,MAR 50%,GALPI_V2,so2,1.4114297027559535,3.263087493393688
full_grid,MAR 50%,GALPI_V2,co,0.13719972103204664,0.25595161548035233
full_grid,MAR 50%,GALPI_V2,no2,9.144304524496109,15.243098406190825
full_grid,MAR 50%,GALPI_V2,o3,18.36833349902449,29.828370029750957
full_grid,MAR 50%,GALPI_V2,pm10,10.720214833798966,18.65883392587527
full_grid,MAR 50%,GALPI_V2,pm25,8.416086290598967,14.834052529265612
full_grid,MAR 50%,GALPI_V2,so2,1.4035830597288572,3.363921450327244
full_grid,MAR 50%,GALPI_V2,co,0.12102510841283345,0.2045544713948868
full_grid,MAR 50%,GALPI_V2,no2,8.96010996758228,14.496732481442018
full_grid,MAR 50%,GALPI_V2,o3,20.302811621109267,33.38306862902311
full_grid,MAR 50%,GALPI_V2,pm10,9.145125945395245,15.402587669946106
full_grid,MAR 50%,GALPI_V2,pm25,6.025216559932133,10.130537929229966
full_grid,MAR 50%,GALPI_V2,so2,1.2568922885348148,2.8889714799638546
full_grid,MAR 50%,GALPI_V2,co,0.12113303983499032,0.2045055162662656
full_grid,MAR 50%,GALPI_V2,no2,8.951793396511901,14.434569282772381
full_grid,MAR 50%,GALPI_V2,o3,20.265756182010115,33.31390904421377
full_grid,MAR 50%,GALPI_V2,pm10,9.10990719718646,15.148885015422266
full_grid,MAR 50%,GALPI_V2,pm25,6.013190499171481,10.046515880835173
full_grid,MAR 50%,GALPI_V2,so2,1.259631198223529,2.7329369085086404
full_grid,MAR 50%,GALPI_V2,co,0.16340497718960892,0.30809086322945284
full_grid,MAR 50%,GALPI_V2,no2,9.480553190709443,15.7904654308296
full_grid,MAR 50%,GALPI_V2,o3,19.153318631599035,30.778195098239326
full_grid,MAR 50%,GALPI_V2,pm10,10.276617737074174,17.879831328957113
full_grid,MAR 50%,GALPI_V2,pm25,6.77450460924538,11.614897649766155
full_grid,MAR 50%,GALPI_V2,so2,1.459080568907514,3.4245142617077007
full_grid,MAR 50%,GALPI_V2,co,0.12047028962475101,0.20345303376445767
full_grid,MAR 50%,GALPI_V2,no2,8.92405850880555,14.362326396025152
full_grid,MAR 50%,GALPI_V2,o3,20.248030790487988,33.25862144145766
full_grid,MAR 50%,GALPI_V2,pm10,9.114774521283648,15.548244155841848
full_grid,MAR 50%,GALPI_V2,pm25,6.002181394738598,10.014379675552815
full_grid,MAR 50%,GALPI_V2,so2,1.2531652995403582,2.624176715326756
full_grid,MAR 50%,GALPI_V2,co,0.16403028606065598,0.3090384246858727
full_grid,MAR 50%,GALPI_V2,no2,9.572883764747992,15.984460378582272
full_grid,MAR 50%,GALPI_V2,o3,19.300460078047262,30.99862166202137
full_grid,MAR 50%,GALPI_V2,pm10,10.318438863803719,17.73426176817161
full_grid,MAR 50%,GALPI_V2,pm25,6.755622123155025,11.564036741306479
full_grid,MAR 50%,GALPI_V2,so2,1.4669603543479819,3.427878026200163
full_grid,MAR 50%,GALPI_V2,co,0.12115491247035058,0.20333333802095596
full_grid,MAR 50%,GALPI_V2,no2,8.96950669437236,14.445836716737546
full_grid,MAR 50%,GALPI_V2,o3,20.363967008133006,33.515614132160344
full_grid,MAR 50%,GALPI_V2,pm10,9.111209054060335,15.391927315084072
full_grid,MAR 50%,GALPI_V2,pm25,5.993287719959838,10.05565441574698
full_grid,MAR 50%,GALPI_V2,so2,1.2562549745366924,2.873619709218034
full_grid,MAR 50%,GALPI_V2,co,0.16299933707768088,0.3077581839633591
full_grid,MAR 50%,GALPI_V2,no2,9.51217992773013,15.892685188923561
full_grid,MAR 50%,GALPI_V2,o3,19.197109351684553,30.870855539652606
full_grid,MAR 50%,GALPI_V2,pm10,10.209460914501495,17.504669303336165
full_grid,MAR 50%,GALPI_V2,pm25,6.720848756163461,11.376854538329614
full_grid,MAR 50%,GALPI_V2,so2,1.4616479476838964,3.396712671008908
full_grid,MAR 50%,GALPI_V2,co,0.1369743140732854,0.25539505689158526
full_grid,MAR 50%,GALPI_V2,no2,9.139966184324713,15.28163603785473
full_grid,MAR 50%,GALPI_V2,o3,18.35729934205068,29.77001385029767
full_grid,MAR 50%,GALPI_V2,pm10,10.709335042247014,18.834572681716345
full_grid,MAR 50%,GALPI_V2,pm25,8.369126836087107,14.788887278482443
full_grid,MAR 50%,GALPI_V2,so2,1.4024091675602854,3.2648657830519765
full_grid,MAR 50%,GALPI_V2,co,0.13129873644310697,0.24359166345327626
full_grid,MAR 50%,GALPI_V2,no2,9.08951548585554,15.327223756323704
full_grid,MAR 50%,GALPI_V2,o3,18.12801961712739,29.69290946484781
full_grid,MAR 50%,GALPI_V2,pm10,11.91763710107159,21.254734225055003
full_grid,MAR 50%,GALPI_V2,pm25,6.786946347460555,12.02802239939931
full_grid,MAR 50%,GALPI_V2,so2,1.331295927706964,3.1521836448728893
full_grid,MAR 50%,GALPI_V2,co,0.12189432095222276,0.2068144467042786
full_grid,MAR 50%,GALPI_V2,no2,8.932971641064153,14.424600853238337
full_grid,MAR 50%,GALPI_V2,o3,20.161849417290668,33.17126513706713
full_grid,MAR 50%,GALPI_V2,pm10,9.093526439150038,15.257122281389535
full_grid,MAR 50%,GALPI_V2,pm25,6.011090083818027,10.018220750040056
full_grid,MAR 50%,GALPI_V2,so2,1.2622653014307463,2.8068750516389986
full_grid,MAR 50%,GALPI_V2,co,0.14302159381643303,0.27299245816076534
full_grid,MAR 50%,GALPI_V2,no2,9.046464623723466,14.943989024123061
full_grid,MAR 50%,GALPI_V2,o3,18.748187730717856,30.09485132605627
full_grid,MAR 50%,GALPI_V2,pm10,10.280427618359028,17.423743617110567
full_grid,MAR 50%,GALPI_V2,pm25,6.770051910601977,11.709716959946922
full_grid,MAR 50%,GALPI_V2,so2,1.6842637619449643,4.068840964758968
full_grid,MAR 50%,GALPI_V2,co,0.12103169707333865,0.20420049358470393
full_grid,MAR 50%,GALPI_V2,no2,8.956708244778683,14.453554482387695
full_grid,MAR 50%,GALPI_V2,o3,20.27261453902348,33.29417988363671
full_grid,MAR 50%,GALPI_V2,pm10,9.243786242908433,15.929504888601667
full_grid,MAR 50%,GALPI_V2,pm25,6.063915202643327,10.233151353269756
full_grid,MAR 50%,GALPI_V2,so2,1.2557020240513679,2.7558276491649565
full_grid,MAR 50%,GALPI_V2,co,0.14300291220943168,0.2733971086152427
full_grid,MAR 50%,GALPI_V2,no2,9.104204000269306,15.020355925010522
full_grid,MAR 50%,GALPI_V2,o3,18.689097022554247,30.038260348804613
full_grid,MAR 50%,GALPI_V2,pm10,10.266990673974295,17.46457335485194
full_grid,MAR 50%,GALPI_V2,pm25,6.748036899050593,11.764907468030263
full_grid,MAR 50%,GALPI_V2,so2,1.6807139688790167,4.0491550895285116
full_grid,MAR 50%,GALPI_V2,co,0.16261641891651216,0.3082489458268008
full_grid,MAR 50%,GALPI_V2,no2,9.545054468492161,15.974028202752491
full_grid,MAR 50%,GALPI_V2,o3,19.22988887459211,30.94099753139368
full_grid,MAR 50%,GALPI_V2,pm10,10.304205038627558,17.717685383625295
full_grid,MAR 50%,GALPI_V2,pm25,6.793493246046947,11.737032345884558
full_grid,MAR 50%,GALPI_V2,so2,1.459877560962364,3.410394746331916
full_grid,MAR 50%,GALPI_V2,co,0.14298207294528248,0.27214698811860777
full_grid,MAR 50%,GALPI_V2,no2,9.07701903575625,14.986933843052974
full_grid,MAR 50%,GALPI_V2,o3,18.79445171244409,30.316793363982242
full_grid,MAR 50%,GALPI_V2,pm10,10.277130813030604,17.399106035025905
full_grid,MAR 50%,GALPI_V2,pm25,6.762766326986682,11.699648644967134
full_grid,MAR 50%,GALPI_V2,so2,1.6910018356396128,4.070234335639784
full_grid,MAR 50%,GALPI_V2,co,0.16283799144128935,0.3081150382379306
full_grid,MAR 50%,GALPI_V2,no2,9.494450126742551,15.800264207096474
full_grid,MAR 50%,GALPI_V2,o3,19.154694224324192,30.70262438859212
full_grid,MAR 50%,GALPI_V2,pm10,10.201267127027972,17.354153120683378
full_grid,MAR 50%,GALPI_V2,pm25,6.716697882038269,11.39260838974276
full_grid,MAR 50%,GALPI_V2,so2,1.4750098692318303,3.460487818943217
full_grid,MAR 50%,GALPI_V2,co,0.14282139576141667,0.27343371096033703
full_grid,MAR 50%,GALPI_V2,no2,9.064480388753765,14.985328866517966
full_grid,MAR 50%,GALPI_V2,o3,18.682873213532712,30.124802928018124
full_grid,MAR 50%,GALPI_V2,pm10,10.209253116581888,17.10694179196281
full_grid,MAR 50%,GALPI_V2,pm25,6.723519211548723,11.406965851736837
full_grid,MAR 50%,GALPI_V2,so2,1.6805480787360896,4.0415952053875985
full_grid,MAR 50%,GALPI_V2,co,0.14297742663665094,0.2737079163699848
full_grid,MAR 50%,GALPI_V2,no2,9.045919910456437,14.954968217172093
full_grid,MAR 50%,GALPI_V2,o3,18.783573852170537,30.2434272557946
full_grid,MAR 50%,GALPI_V2,pm10,10.27210186468438,17.407067524155618
full_grid,MAR 50%,GALPI_V2,pm25,6.7503676172781955,11.459447299670092
full_grid,MAR 50%,GALPI_V2,so2,1.6878058741681847,4.048413994220568
full_grid,MAR 50%,GALPI_V3,co,0.12059507873895194,0.20613519226735072
full_grid,MAR 50%,GALPI_V3,no2,8.871757325467115,14.347608686298122
full_grid,MAR 50%,GALPI_V3,o3,20.131616053120162,33.12761284725132
full_grid,MAR 50%,GALPI_V3,pm10,9.016274727873709,15.169275508455717
full_grid,MAR 50%,GALPI_V3,pm25,5.946175759137414,9.914119612021855
full_grid,MAR 50%,GALPI_V3,so2,1.243859677716064,2.7858646555797915
full_grid,MAR 50%,GALPI_V3,co,0.16173845833091802,0.3065590130416264
full_grid,MAR 50%,GALPI_V3,no2,9.492529098644932,15.906298007581135
full_grid,MAR 50%,GALPI_V3,o3,19.202178051809266,31.0347614840745
full_grid,MAR 50%,GALPI_V3,pm10,10.10884201851855,17.326491761046316
full_grid,MAR 50%,GALPI_V3,pm25,6.6561796207019714,11.22988450137715
full_grid,MAR 50%,GALPI_V3,so2,1.449293703305495,3.392278368182163
full_grid,MAR 50%,GALPI_V3,co,0.1419805448159189,0.2711620109844867
full_grid,MAR 50%,GALPI_V3,no2,9.027435031097498,14.914963654636889
full_grid,MAR 50%,GALPI_V3,o3,18.79586019136006,30.38873530494145
full_grid,MAR 50%,GALPI_V3,pm10,10.10403871844927,17.04250650525032
full_grid,MAR 50%,GALPI_V3,pm25,6.656339736807571,11.33055367894963
full_grid,MAR 50%,GALPI_V3,so2,1.6689492582929368,4.0525330691097725
full_grid,MAR 50%,GALPI_V3,co,0.1190183603621108,0.20245122393257195
full_grid,MAR 50%,GALPI_V3,no2,8.863418456700183,14.313176143735026
full_grid,MAR 50%,GALPI_V3,o3,20.20963847057394,33.239736298415835
full_grid,MAR 50%,GALPI_V3,pm10,9.035546236511268,15.334940421403777
full_grid,MAR 50%,GALPI_V3,pm25,5.941036810326359,9.904534389169742
full_grid,MAR 50%,GALPI_V3,so2,1.2363886697656525,2.6273498382985965
full_grid,MAR 50%,GALPI_V3,co,0.14337564123867963,0.2689181180663595
full_grid,MAR 50%,GALPI_V3,no2,11.90695746854948,20.156887017904705
full_grid,MAR 50%,GALPI_V3,o3,19.84249795489253,31.41266495022203
full_grid,MAR 50%,GALPI_V3,pm10,10.256308901758349,17.347492660462816
full_grid,MAR 50%,GALPI_V3,pm25,6.87283249004551,11.736224301494511
full_grid,MAR 50%,GALPI_V3,so2,1.3950061478566735,3.251918612927059
full_grid,MAR 50%,GALPI_V3,co,0.11986165114349306,0.20380532474629023
full_grid,MAR 50%,GALPI_V3,no2,8.896588524909424,14.373915604798206
full_grid,MAR 50%,GALPI_V3,o3,20.208532919072237,33.23986451308991
full_grid,MAR 50%,GALPI_V3,pm10,9.035544597713725,15.011071829837064
full_grid,MAR 50%,GALPI_V3,pm25,5.9572899600424,9.961190077804968
full_grid,MAR 50%,GALPI_V3,so2,1.2436491013473954,2.7285607418584754
full_grid,MAR 50%,GALPI_V3,co,0.13024412386371848,0.24254154375139506
full_grid,MAR 50%,GALPI_V3,no2,9.05659145165533,15.292581993105653
full_grid,MAR 50%,GALPI_V3,o3,18.085619704836354,29.71612395267469
full_grid,MAR 50%,GALPI_V3,pm10,11.837978011758794,21.087759571272713
full_grid,MAR 50%,GALPI_V3,pm25,6.717101485210378,11.81402026052986
full_grid,MAR 50%,GALPI_V3,so2,1.3151604829703687,3.137716966701263
full_grid,MAR 50%,GALPI_V3,co,0.16176139750722285,0.3060758632960322
full_grid,MAR 50%,GALPI_V3,no2,9.448153026846402,15.76346452097974
full_grid,MAR 50%,GALPI_V3,o3,19.13004671892505,30.873783150811533
full_grid,MAR 50%,GALPI_V3,pm10,10.15484872591039,17.630633781201507
full_grid,MAR 50%,GALPI_V3,pm25,6.7068861656613725,11.44103541324821
full_grid,MAR 50%,GALPI_V3,so2,1.4457462064705218,3.4109864271791808
full_grid,MAR 50%,GALPI_V3,co,0.14228794319642715,0.272124803330749
full_grid,MAR 50%,GALPI_V3,no2,9.031330538223521,14.954197700711653
full_grid,MAR 50%,GALPI_V3,o3,18.789405690427824,30.268356367525406
full_grid,MAR 50%,GALPI_V3,pm10,10.159681611143487,17.079654022649944
full_grid,MAR 50%,GALPI_V3,pm25,6.6586664061629675,11.249291327134866
full_grid,MAR 50%,GALPI_V3,so2,1.6670585491209862,4.051051950622761
full_grid,MAR 50%,GALPI_V3,co,0.14215033557472345,0.2729242563658237
full_grid,MAR 50%,GALPI_V3,no2,9.031427390975136,14.944686108623648
full_grid,MAR 50%,GALPI_V3,o3,18.78560066321032,30.327158955647654
full_grid,MAR 50%,GALPI_V3,pm10,10.113737717228625,17.064789408417226
full_grid,MAR 50%,GALPI_V3,pm25,6.636989048273693,11.280625725082423
full_grid,MAR 50%,GALPI_V3,so2,1.6683550125421929,4.028085628591069
full_grid,MAR 50%,GALPI_V3,co,0.16098202200052256,0.3062243930844965
full_grid,MAR 50%,GALPI_V3,no2,9.501924406320432,15.899965673999075
full_grid,MAR 50%,GALPI_V3,o3,19.211665921031305,31.01162334156976
full_grid,MAR 50%,GALPI_V3,pm10,10.158591775503094,17.41926979380418
full_grid,MAR 50%,GALPI_V3,pm25,6.723069357810745,11.595588454929423
full_grid,MAR 50%,GALPI_V3,so2,1.445909845637729,3.4024146847185284
full_grid,MAR 50%,GALPI_V3,co,0.14208293382254836,0.27238585306649693
full_grid,MAR 50%,GALPI_V3,no2,9.06265291006755,14.991355675520172
full_grid,MAR 50%,GALPI_V3,o3,18.710208943988395,30.161944089970326
full_grid,MAR 50%,GALPI_V3,pm10,10.13037723913995,17.12616783806891
full_grid,MAR 50%,GALPI_V3,pm25,6.626030227683464,11.217138417570908
full_grid,MAR 50%,GALPI_V3,so2,1.6580214630941559,4.029904547895363
full_grid,MAR 50%,GALPI_V3,co,0.11992714651068201,0.20300037677440202
full_grid,MAR 50%,GALPI_V3,no2,8.908302520796509,14.381709858120761
full_grid,MAR 50%,GALPI_V3,o3,20.31466553683873,33.44921325394135
full_grid,MAR 50%,GALPI_V3,pm10,9.029292024948973,15.217627059535417
full_grid,MAR 50%,GALPI_V3,pm25,5.933386887770361,9.955624587917912
full_grid,MAR 50%,GALPI_V3,so2,1.2406469019371411,2.869559167567705
full_grid,MAR 50%,GALPI_V3,co,0.16141069453212914,0.30668422811261475
full_grid,MAR 50%,GALPI_V3,no2,9.46044677929032,15.78507197243153
full_grid,MAR 50%,GALPI_V3,o3,19.17513647203705,30.856354385327652
full_grid,MAR 50%,GALPI_V3,pm10,10.078253375098628,17.17341461398464
full_grid,MAR 50%,GALPI_V3,pm25,6.635141557591299,11.243724073341372
full_grid,MAR 50%,GALPI_V3,so2,1.460229669941456,3.446232183578808
full_grid,MAR 50%,GALPI_V3,co,0.13609296124730802,0.2549858500462365
full_grid,MAR 50%,GALPI_V3,no2,9.122515672978778,15.266800389792818
full_grid,MAR 50%,GALPI_V3,o3,18.380570343910495,29.975601477516946
full_grid,MAR 50%,GALPI_V3,pm10,10.611230301041376,18.484863516711684
full_grid,MAR 50%,GALPI_V3,pm25,8.317763358775718,14.596286681477952
full_grid,MAR 50%,GALPI_V3,so2,1.390003081689918,3.3607561666576657
full_grid,MAR 50%,GALPI_V3,co,0.11953982275005648,0.2029872753351363
full_grid,MAR 50%,GALPI_V3,no2,8.895827887750455,14.422271956324517
full_grid,MAR 50%,GALPI_V3,o3,20.240010826114226,33.30168582546391
full_grid,MAR 50%,GALPI_V3,pm10,9.050993186548677,15.19299414783036
full_grid,MAR 50%,GALPI_V3,pm25,5.965802350245282,9.990877751469824
full_grid,MAR 50%,GALPI_V3,so2,1.2417951250472778,2.8900515985524966
full_grid,MAR 50%,GALPI_V3,co,0.11974722836902257,0.20317900837015998
full_grid,MAR 50%,GALPI_V3,no2,8.903128340392207,14.392571216832334
full_grid,MAR 50%,GALPI_V3,o3,20.205196929304208,33.18433481866638
full_grid,MAR 50%,GALPI_V3,pm10,9.144223904420665,15.730235666739153
full_grid,MAR 50%,GALPI_V3,pm25,6.008549245027794,10.150752082201004
full_grid,MAR 50%,GALPI_V3,so2,1.2399612884351456,2.7507274098535563
full_grid,MAR 50%,GALPI_V3,co,0.14178064956154998,0.27236325135131656
full_grid,MAR 50%,GALPI_V3,no2,9.027715667264502,14.967048712438539
full_grid,MAR 50%,GALPI_V3,o3,18.688907142803746,30.241179639087846
full_grid,MAR 50%,GALPI_V3,pm10,10.109086123348325,16.965963106933813
full_grid,MAR 50%,GALPI_V3,pm25,6.651624377020653,11.2294171991397
full_grid,MAR 50%,GALPI_V3,so2,1.6639631211078112,4.027971790869488
full_grid,MAR 50%,GALPI_V3,co,0.16285130720776192,0.30784182472378924
full_grid,MAR 50%,GALPI_V3,no2,9.5400707422829,15.96665850273656
full_grid,MAR 50%,GALPI_V3,o3,19.316297433199257,31.170210520458824
full_grid,MAR 50%,GALPI_V3,pm10,10.223004007237348,17.662983577317657
full_grid,MAR 50%,GALPI_V3,pm25,6.693966876935617,11.482534231569629
full_grid,MAR 50%,GALPI_V3,so2,1.4556004035726415,3.419476532817051
full_grid,MAR 50%,GALPI_V3,co,0.13585287956881917,0.2540793175700846
full_grid,MAR 50%,GALPI_V3,no2,9.09890340627109,15.167923293693061
full_grid,MAR 50%,GALPI_V3,o3,18.342334317777947,29.778217039900703
full_grid,MAR 50%,GALPI_V3,pm10,10.602863225718686,18.6167831497599
full_grid,MAR 50%,GALPI_V3,pm25,8.270495137112075,14.515348590698142
full_grid,MAR 50%,GALPI_V3,so2,1.383529739938566,3.250948596800594
full_grid,MAR 50%,GALPI_V4,co,0.1497863311031733,0.2815255309784723
full_grid,MAR 50%,GALPI_V4,no2,9.66460612208598,15.705125173585506
full_grid,MAR 50%,GALPI_V4,o3,20.326073352082727,31.750877653024677
full_grid,MAR 50%,GALPI_V4,pm10,11.246045905396432,18.823360920958173
full_grid,MAR 50%,GALPI_V4,pm25,7.428464769069308,12.683064262486969
full_grid,MAR 50%,GALPI_V4,so2,1.7685730708526204,4.169578983801336
full_grid,MAR 50%,GALPI_V4,co,0.1494398253923687,0.28141120729110897
full_grid,MAR 50%,GALPI_V4,no2,9.659018281757286,15.680059633723694
full_grid,MAR 50%,GALPI_V4,o3,20.242250117254486,31.62643533165964
full_grid,MAR 50%,GALPI_V4,pm10,11.160666393741758,18.523106300735122
full_grid,MAR 50%,GALPI_V4,pm25,7.455649199411839,12.630160403558898
full_grid,MAR 50%,GALPI_V4,so2,1.7688536255329168,4.158504334698878
full_grid,MAR 50%,GALPI_V4,co,0.14982174072085788,0.28079338299809814
full_grid,MAR 50%,GALPI_V4,no2,9.675316121308105,15.770785603693195
full_grid,MAR 50%,GALPI_V4,o3,20.36282997749515,31.877798250609867
full_grid,MAR 50%,GALPI_V4,pm10,11.194697069407903,18.74401439752359
full_grid,MAR 50%,GALPI_V4,pm25,7.478693673608142,12.745358429259701
full_grid,MAR 50%,GALPI_V4,so2,1.7780363866070477,4.192146862410257
full_grid,MAR 50%,GALPI_V4,co,0.12881907715386032,0.2090188547822489
full_grid,MAR 50%,GALPI_V4,no2,9.622503041648562,15.149951050596101
full_grid,MAR 50%,GALPI_V4,o3,22.108816721157496,35.610149436859125
full_grid,MAR 50%,GALPI_V4,pm10,10.059040786460237,16.65130114267175
full_grid,MAR 50%,GALPI_V4,pm25,6.678127001786065,11.057863101707245
full_grid,MAR 50%,GALPI_V4,so2,1.3059709489614382,2.7330847381499304
full_grid,MAR 50%,GALPI_V4,co,0.1717827228558395,0.31941516059935404
full_grid,MAR 50%,GALPI_V4,no2,10.176016796913666,16.69374229579544
full_grid,MAR 50%,GALPI_V4,o3,21.010851407314057,32.5422095217671
full_grid,MAR 50%,GALPI_V4,pm10,11.280535753294854,19.21519526304505
full_grid,MAR 50%,GALPI_V4,pm25,7.441087488138515,12.627224861578878
full_grid,MAR 50%,GALPI_V4,so2,1.5382854715636676,3.505870653776973
full_grid,MAR 50%,GALPI_V4,co,0.14442961906031337,0.2655563925497137
full_grid,MAR 50%,GALPI_V4,no2,9.773228631319032,15.995199336452904
full_grid,MAR 50%,GALPI_V4,o3,20.097563365129016,31.530991777649405
full_grid,MAR 50%,GALPI_V4,pm10,11.844552804180285,20.679710242135915
full_grid,MAR 50%,GALPI_V4,pm25,9.33178539012193,16.404679059891368
full_grid,MAR 50%,GALPI_V4,so2,1.4723455632103362,3.3638538085813483
full_grid,MAR 50%,GALPI_V4,co,0.17227785143864216,0.32012843830728643
full_grid,MAR 50%,GALPI_V4,no2,10.147573671514204,16.65454390566964
full_grid,MAR 50%,GALPI_V4,o3,20.942800632753936,32.35049776791111
full_grid,MAR 50%,GALPI_V4,pm10,11.152312161062401,18.72761864369146
full_grid,MAR 50%,GALPI_V4,pm25,7.409381692505844,12.558016054010546
full_grid,MAR 50%,GALPI_V4,so2,1.5437850253227754,3.530689739671178
full_grid,MAR 50%,GALPI_V4,co,0.128004049660548,0.20748216940701653
full_grid,MAR 50%,GALPI_V4,no2,9.633633001384963,15.164683747158826
full_grid,MAR 50%,GALPI_V4,o3,22.022954251399476,35.52239597711976
full_grid,MAR 50%,GALPI_V4,pm10,10.099773762660194,17.136763685667674
full_grid,MAR 50%,GALPI_V4,pm25,6.670856859069695,11.05478689621968
full_grid,MAR 50%,GALPI_V4,so2,1.296979212464209,2.6333249625232633
full_grid,MAR 50%,GALPI_V4,co,0.17296215149937266,0.32023291959530764
full_grid,MAR 50%,GALPI_V4,no2,10.20437834333267,16.781556544261935
full_grid,MAR 50%,GALPI_V4,o3,21.049942640401518,32.6241961814702
full_grid,MAR 50%,GALPI_V4,pm10,11.199170238730396,19.005240207169596
full_grid,MAR 50%,GALPI_V4,pm25,7.441491227440242,12.685816262771512
full_grid,MAR 50%,GALPI_V4,so2,1.5380459679138094,3.523558526279668
full_grid,MAR 50%,GALPI_V4,co,0.14905417058257608,0.2797182322726194
full_grid,MAR 50%,GALPI_V4,no2,9.650413052677592,15.66133645592384
full_grid,MAR 50%,GALPI_V4,o3,20.35452409671277,31.776336183090795
full_grid,MAR 50%,GALPI_V4,pm10,11.0888116819716,18.46633246067144
full_grid,MAR 50%,GALPI_V4,pm25,7.3661135458367735,12.448982167982988
full_grid,MAR 50%,GALPI_V4,so2,1.7646151890124373,4.163886187040251
full_grid,MAR 50%,GALPI_V4,co,0.1517475131716698,0.2793483627993217
full_grid,MAR 50%,GALPI_V4,no2,12.777657755380336,21.279563344892203
full_grid,MAR 50%,GALPI_V4,o3,21.874398466794872,33.25826250155331
full_grid,MAR 50%,GALPI_V4,pm10,11.494857913375093,19.394586450711195
full_grid,MAR 50%,GALPI_V4,pm25,7.710972704690406,12.986149722655243
full_grid,MAR 50%,GALPI_V4,so2,1.4874219790547607,3.3356300557442466
full_grid,MAR 50%,GALPI_V4,co,0.1721745563647624,0.3194950332874935
full_grid,MAR 50%,GALPI_V4,no2,10.167698475117156,16.6940028561611
full_grid,MAR 50%,GALPI_V4,o3,21.065945698660563,32.618617465041886
full_grid,MAR 50%,GALPI_V4,pm10,11.242165306390909,19.01350626518413
full_grid,MAR 50%,GALPI_V4,pm25,7.470615453864131,12.704636831929912
full_grid,MAR 50%,GALPI_V4,so2,1.5360107984407583,3.509547934898322
full_grid,MAR 50%,GALPI_V4,co,0.1493211059841902,0.2802028158286466
full_grid,MAR 50%,GALPI_V4,no2,9.654484258401519,15.652293907723129
full_grid,MAR 50%,GALPI_V4,o3,20.34992964845833,31.70371752280813
full_grid,MAR 50%,GALPI_V4,pm10,11.12966450091897,18.53226785251021
full_grid,MAR 50%,GALPI_V4,pm25,7.409804386076424,12.51417825281547
full_grid,MAR 50%,GALPI_V4,so2,1.7611176996134805,4.175238686015667
full_grid,MAR 50%,GALPI_V4,co,0.128034891837974,0.20732479676858986
full_grid,MAR 50%,GALPI_V4,no2,9.661686734136966,15.250171785695082
full_grid,MAR 50%,GALPI_V4,o3,22.09842979072681,35.61775448919333
full_grid,MAR 50%,GALPI_V4,pm10,10.057565415177466,16.779954086821743
full_grid,MAR 50%,GALPI_V4,pm25,6.660004892429368,11.021534714026734
full_grid,MAR 50%,GALPI_V4,so2,1.2992314446721995,2.8618959698858784
full_grid,MAR 50%,GALPI_V4,co,0.12835269462089946,0.2078242413423758
full_grid,MAR 50%,GALPI_V4,no2,9.629523525613493,15.19241505800637
full_grid,MAR 50%,GALPI_V4,o3,21.977107803114663,35.47661612235877
full_grid,MAR 50%,GALPI_V4,pm10,10.134473189245762,17.21131469372102
full_grid,MAR 50%,GALPI_V4,pm25,6.675563400796003,11.082944750597711
full_grid,MAR 50%,GALPI_V4,so2,1.2958301021706162,2.746034048547615
full_grid,MAR 50%,GALPI_V4,co,0.14466830101264047,0.2660987280108401
full_grid,MAR 50%,GALPI_V4,no2,9.769837704390051,16.012298546168164
full_grid,MAR 50%,GALPI_V4,o3,20.07609627967862,31.551132911628354
full_grid,MAR 50%,GALPI_V4,pm10,11.880140316556211,20.647367310094502
full_grid,MAR 50%,GALPI_V4,pm25,9.358275316964667,16.527034991409902
full_grid,MAR 50%,GALPI_V4,so2,1.4747326615742578,3.4534563176606965
full_grid,MAR 50%,GALPI_V4,co,0.13748955598974275,0.2532142744802885
full_grid,MAR 50%,GALPI_V4,no2,9.787392800776416,16.281823159266164
full_grid,MAR 50%,GALPI_V4,o3,20.314169403579054,32.15421583165797
full_grid,MAR 50%,GALPI_V4,pm10,13.030078437163908,23.081412242787668
full_grid,MAR 50%,GALPI_V4,pm25,7.507514273776668,13.261520281421202
full_grid,MAR 50%,GALPI_V4,so2,1.3970204866158609,3.2146257477668216
full_grid,MAR 50%,GALPI_V4,co,0.1280238869950168,0.20706309836178083
full_grid,MAR 50%,GALPI_V4,no2,9.577039688913416,15.095257603178087
full_grid,MAR 50%,GALPI_V4,o3,21.91698548109314,35.42108255412244
full_grid,MAR 50%,GALPI_V4,pm10,10.062761464498717,16.889538261733428
full_grid,MAR 50%,GALPI_V4,pm25,6.671140939359387,11.021940963864472
full_grid,MAR 50%,GALPI_V4,so2,1.3044491555738438,2.7926799314394266
full_grid,MAR 50%,GALPI_V4,co,0.12774763619437657,0.20611838518338163
full_grid,MAR 50%,GALPI_V4,no2,9.651525646406855,15.153338708173136
full_grid,MAR 50%,GALPI_V4,o3,22.067766633475944,35.54264447217523
full_grid,MAR 50%,GALPI_V4,pm10,10.047009996723546,16.855886874172064
full_grid,MAR 50%,GALPI_V4,pm25,6.67650002218493,11.076434478748073
full_grid,MAR 50%,GALPI_V4,so2,1.2972038306461082,2.8590867603387013
full_grid,MAR 50%,GALPI_V4,co,0.17293720633280782,0.32011035438527363
full_grid,MAR 50%,GALPI_V4,no2,10.125917469909147,16.60375374079016
full_grid,MAR 50%,GALPI_V4,o3,20.94614272267801,32.463625057812564
full_grid,MAR 50%,GALPI_V4,pm10,11.321882885269575,19.415707351616536
full_grid,MAR 50%,GALPI_V4,pm25,7.496022112498595,12.773299312270954
full_grid,MAR 50%,GALPI_V4,so2,1.541620203717768,3.524555776208421
full_grid,MAR 50%,GALPI_V5,co,0.1122822908287207,0.19458960217232152
full_grid,MAR 50%,GALPI_V5,no2,8.232339440671673,13.513703926744379
full_grid,MAR 50%,GALPI_V5,o3,18.618630638126692,31.642057559296305
full_grid,MAR 50%,GALPI_V5,pm10,8.486340890295029,14.94463371784446
full_grid,MAR 50%,GALPI_V5,pm25,5.664005501171098,9.72327529619623
full_grid,MAR 50%,GALPI_V5,so2,1.1819151742015743,2.6732353118709775
full_grid,MAR 50%,GALPI_V5,co,0.11231705447219013,0.19497739186764282
full_grid,MAR 50%,GALPI_V5,no2,8.227047850289132,13.515537216865951
full_grid,MAR 50%,GALPI_V5,o3,18.570099421086653,31.55178940898754
full_grid,MAR 50%,GALPI_V5,pm10,8.393294940337457,14.255311850121346
full_grid,MAR 50%,GALPI_V5,pm25,5.619705808144067,9.524176648712727
full_grid,MAR 50%,GALPI_V5,so2,1.182410872489509,2.650587169016564
full_grid,MAR 50%,GALPI_V5,co,0.13700742339127692,0.2666627795394596
full_grid,MAR 50%,GALPI_V5,no2,8.562855051631345,15.09800408113356
full_grid,MAR 50%,GALPI_V5,o3,17.589135799604154,29.560534257375306
full_grid,MAR 50%,GALPI_V5,pm10,9.668297294687681,16.66595939071139
full_grid,MAR 50%,GALPI_V5,pm25,6.391258850576387,11.01530775367107
full_grid,MAR 50%,GALPI_V5,so2,1.616816310984815,3.985007874678415
full_grid,MAR 50%,GALPI_V5,co,0.15520246439521548,0.30242630581429425
full_grid,MAR 50%,GALPI_V5,no2,8.994210774559098,15.76490828794962
full_grid,MAR 50%,GALPI_V5,o3,17.9889316991003,30.38490433216933
full_grid,MAR 50%,GALPI_V5,pm10,9.62691600290729,17.73149165275054
full_grid,MAR 50%,GALPI_V5,pm25,6.447009902214411,12.247081611665038
full_grid,MAR 50%,GALPI_V5,so2,1.3944327337363793,3.3439768933233487
full_grid,MAR 50%,GALPI_V5,co,0.15693028132264375,0.3012947104497851
full_grid,MAR 50%,GALPI_V5,no2,9.004332853203548,15.355460611958529
full_grid,MAR 50%,GALPI_V5,o3,18.01180137157315,29.922695575468083
full_grid,MAR 50%,GALPI_V5,pm10,9.645313881000302,17.015579624434626
full_grid,MAR 50%,GALPI_V5,pm25,6.384790913922556,11.064447551011463
full_grid,MAR 50%,GALPI_V5,so2,1.3995495363164616,3.334664618140004
full_grid,MAR 50%,GALPI_V5,co,0.11162625913426989,0.1942687568695351
full_grid,MAR 50%,GALPI_V5,no2,8.190714570527538,13.431905025593727
full_grid,MAR 50%,GALPI_V5,o3,18.590163642041293,31.612145710396664
full_grid,MAR 50%,GALPI_V5,pm10,8.390888889612176,14.58762604139818
full_grid,MAR 50%,GALPI_V5,pm25,5.59585418729517,9.453584831754556
full_grid,MAR 50%,GALPI_V5,so2,1.1763316554413843,2.537326387414638
full_grid,MAR 50%,GALPI_V5,co,0.12286477657014898,0.23364632101862728
full_grid,MAR 50%,GALPI_V5,no2,8.367799146313883,14.493120039529032
full_grid,MAR 50%,GALPI_V5,o3,16.45586393781689,28.062580524141023
full_grid,MAR 50%,GALPI_V5,pm10,11.137647049234245,20.394047022245868
full_grid,MAR 50%,GALPI_V5,pm25,6.329780379831122,11.326270480280376
full_grid,MAR 50%,GALPI_V5,so2,1.2481798777971085,3.058099516675121
full_grid,MAR 50%,GALPI_V5,co,0.11230886187894441,0.19557081293424078
full_grid,MAR 50%,GALPI_V5,no2,8.23202047967937,13.566325252904472
full_grid,MAR 50%,GALPI_V5,o3,18.664019252873107,31.75001620820384
full_grid,MAR 50%,GALPI_V5,pm10,8.400654624558856,14.44604129791075
full_grid,MAR 50%,GALPI_V5,pm25,5.6193037326039414,9.580069446385801
full_grid,MAR 50%,GALPI_V5,so2,1.1838154891439934,2.8203737526235506
full_grid,MAR 50%,GALPI_V5,co,0.1132539851772091,0.1976724572762655
full_grid,MAR 50%,GALPI_V5,no2,8.231129463585027,13.543799105006656
full_grid,MAR 50%,GALPI_V5,o3,18.56960066832918,31.595224159743758
full_grid,MAR 50%,GALPI_V5,pm10,8.380468590332962,14.449038976492739
full_grid,MAR 50%,GALPI_V5,pm25,5.599839662820987,9.48823297781711
full_grid,MAR 50%,GALPI_V5,so2,1.1828706770243338,2.7155167066318606
full_grid,MAR 50%,GALPI_V5,co,0.15552518950113223,0.2994339289899028
full_grid,MAR 50%,GALPI_V5,no2,8.938195680417472,15.253643078199213
full_grid,MAR 50%,GALPI_V5,o3,17.84773476513744,29.69849243431809
full_grid,MAR 50%,GALPI_V5,pm10,9.5359215249848,16.67450095321839
full_grid,MAR 50%,GALPI_V5,pm25,6.346435763087347,10.842509216805118
full_grid,MAR 50%,GALPI_V5,so2,1.3930162171038967,3.3131463510037547
full_grid,MAR 50%,GALPI_V5,co,0.13006541332221008,0.24833600978406178
full_grid,MAR 50%,GALPI_V5,no2,8.567242270881856,14.657302211978784
full_grid,MAR 50%,GALPI_V5,o3,17.031771371669922,28.665442455670043
full_grid,MAR 50%,GALPI_V5,pm10,9.99360057073672,17.80659798972524
full_grid,MAR 50%,GALPI_V5,pm25,7.957258361298549,14.213870569916605
full_grid,MAR 50%,GALPI_V5,so2,1.3370041568704487,3.307395631178361
full_grid,MAR 50%,GALPI_V5,co,0.13694757320238587,0.26707822342002224
full_grid,MAR 50%,GALPI_V5,no2,8.626102011404262,15.381975113450753
full_grid,MAR 50%,GALPI_V5,o3,17.546317803159248,29.66973746803069
full_grid,MAR 50%,GALPI_V5,pm10,9.627548778159413,16.67440054896634
full_grid,MAR 50%,GALPI_V5,pm25,6.363963443237426,10.940086414449594
full_grid,MAR 50%,GALPI_V5,so2,1.6093150434259242,3.967282804789726
full_grid,MAR 50%,GALPI_V5,co,0.1368150613273998,0.26747689312297873
full_grid,MAR 50%,GALPI_V5,no2,8.585242534252844,15.29477846189752
full_grid,MAR 50%,GALPI_V5,o3,17.586985655941223,29.729874032715784
full_grid,MAR 50%,GALPI_V5,pm10,9.594946485826245,16.567529880599512
full_grid,MAR 50%,GALPI_V5,pm25,6.3550238480582895,11.009376100120692
full_grid,MAR 50%,GALPI_V5,so2,1.6150781224599469,3.9598410337283907
full_grid,MAR 50%,GALPI_V5,co,0.13738228292098648,0.2644159744555186
full_grid,MAR 50%,GALPI_V5,no2,11.335353749561337,20.482143890067572
full_grid,MAR 50%,GALPI_V5,o3,18.48690174094223,30.753077038061573
full_grid,MAR 50%,GALPI_V5,pm10,9.659348243105951,17.101902802645615
full_grid,MAR 50%,GALPI_V5,pm25,6.577890672827132,11.95328759018802
full_grid,MAR 50%,GALPI_V5,so2,1.3399310611238104,3.1836579408112167
full_grid,MAR 50%,GALPI_V5,co,0.155793931763501,0.30200389861253757
full_grid,MAR 50%,GALPI_V5,no2,8.929321349556547,15.178713509758364
full_grid,MAR 50%,GALPI_V5,o3,17.886012316775894,29.60546853237779
full_grid,MAR 50%,GALPI_V5,pm10,9.515874338153619,16.53619673087926
full_grid,MAR 50%,GALPI_V5,pm25,6.340364292551945,10.906904721203336
full_grid,MAR 50%,GALPI_V5,so2,1.4102723308000158,3.382619732351795
full_grid,MAR 50%,GALPI_V5,co,0.136296259365557,0.2663789048455917
full_grid,MAR 50%,GALPI_V5,no2,8.556854593889474,14.80034315525756
full_grid,MAR 50%,GALPI_V5,o3,17.46683570221936,29.37722566357547
full_grid,MAR 50%,GALPI_V5,pm10,9.587866421216543,16.46056023281597
full_grid,MAR 50%,GALPI_V5,pm25,6.370414999331349,10.94923577245887
full_grid,MAR 50%,GALPI_V5,so2,1.6121722086852621,3.9579740006059034
full_grid,MAR 50%,GALPI_V5,co,0.12972595540708887,0.24756346265236248
full_grid,MAR 50%,GALPI_V5,no2,8.555406655277256,14.638095999092878
full_grid,MAR 50%,GALPI_V5,o3,16.99262044703391,28.506642011718835
full_grid,MAR 50%,GALPI_V5,pm10,9.998059071315371,18.021778966532175
full_grid,MAR 50%,GALPI_V5,pm25,7.915371734619788,14.233181930418437
full_grid,MAR 50%,GALPI_V5,so2,1.3286464850385844,3.170258785994933
full_grid,MAR 50%,GALPI_V5,co,0.15611845173691344,0.30363381746199836
full_grid,MAR 50%,GALPI_V5,no2,8.912049852855926,15.17347463563837
full_grid,MAR 50%,GALPI_V5,o3,17.815346543034945,29.599434194012343
full_grid,MAR 50%,GALPI_V5,pm10,9.56870832408256,16.97705919606892
full_grid,MAR 50%,GALPI_V5,pm25,6.404065516658432,11.169750226882798
full_grid,MAR 50%,GALPI_V5,so2,1.4003240431290394,3.4052305731027817
full_grid,MAR 50%,GALPI_V5,co,0.11252764491836281,0.1942290843726498
full_grid,MAR 50%,GALPI_V5,no2,8.237793308920022,13.514204453676777
full_grid,MAR 50%,GALPI_V5,o3,18.72362501363299,31.87607147173189
full_grid,MAR 50%,GALPI_V5,pm10,8.400163545935794,14.52902121187132
full_grid,MAR 50%,GALPI_V5,pm25,5.594857781802262,9.547274347206246
full_grid,MAR 50%,GALPI_V5,so2,1.1840625743063957,2.8080409952855545
full_grid,MAR 50%,GALPI_V5,co,0.13647926771343685,0.26470470215239134
full_grid,MAR 50%,GALPI_V5,no2,8.538233511554228,14.482851454259418
full_grid,MAR 50%,GALPI_V5,o3,17.540392781230448,29.18395983935179
full_grid,MAR 50%,GALPI_V5,pm10,9.584661219609727,16.515258686572306
full_grid,MAR 50%,GALPI_V5,pm25,6.373498601294385,11.029477542511307
full_grid,MAR 50%,GALPI_V5,so2,1.6178033569827674,3.9807498778290022
full_grid,MAR 50%,GALPI_V6,co,0.12417487735134713,0.20453639644582225
full_grid,MAR 50%,GALPI_V6,no2,9.324075731631227,14.82503050506763
full_grid,MAR 50%,GALPI_V6,o3,21.378857333034716,34.79107304548629
full_grid,MAR 50%,GALPI_V6,pm10,9.627091756675457,16.332365987929126
full_grid,MAR 50%,GALPI_V6,pm25,6.34268357500429,10.546204438924876
full_grid,MAR 50%,GALPI_V6,so2,1.2720740277453817,2.620166355889249
full_grid,MAR 50%,GALPI_V6,co,0.14621587268302824,0.27722842732326
full_grid,MAR 50%,GALPI_V6,no2,9.413631119108603,15.410037548275564
full_grid,MAR 50%,GALPI_V6,o3,19.678248862765148,31.164744196231716
full_grid,MAR 50%,GALPI_V6,pm10,10.624842116503947,17.674013619077737
full_grid,MAR 50%,GALPI_V6,pm25,7.049991961770927,11.865644857142554
full_grid,MAR 50%,GALPI_V6,so2,1.7221537394406892,4.100107754065407
full_grid,MAR 50%,GALPI_V6,co,0.1670626207571809,0.3134355234780084
full_grid,MAR 50%,GALPI_V6,no2,9.892437806539563,16.360780706403602
full_grid,MAR 50%,GALPI_V6,o3,20.33459563080235,32.00054501333601
full_grid,MAR 50%,GALPI_V6,pm10,10.74285830512772,18.283721010454943
full_grid,MAR 50%,GALPI_V6,pm25,7.082567831238667,11.992636033065216
full_grid,MAR 50%,GALPI_V6,so2,1.498329296625279,3.4502190334254226
full_grid,MAR 50%,GALPI_V6,co,0.12492588818108846,0.20594128761481179
full_grid,MAR 50%,GALPI_V6,no2,9.359996305783241,14.934534527283118
full_grid,MAR 50%,GALPI_V6,o3,21.459155765710392,34.88533642995194
full_grid,MAR 50%,GALPI_V6,pm10,9.639360274245064,16.102735238818948
full_grid,MAR 50%,GALPI_V6,pm25,6.339143938892668,10.506170865410972
full_grid,MAR 50%,GALPI_V6,so2,1.2797899533390584,2.8623016604263762
full_grid,MAR 50%,GALPI_V6,co,0.12492784486488362,0.2062581921436096
full_grid,MAR 50%,GALPI_V6,no2,9.336486580963578,14.873765266692796
full_grid,MAR 50%,GALPI_V6,o3,21.363476600794087,34.83006989423565
full_grid,MAR 50%,GALPI_V6,pm10,9.597429574305778,16.145344780383653
full_grid,MAR 50%,GALPI_V6,pm25,6.355245955768541,10.528298557912072
full_grid,MAR 50%,GALPI_V6,so2,1.2881976943034708,2.7998052295000884
full_grid,MAR 50%,GALPI_V6,co,0.16807173396800965,0.31444737269290246
full_grid,MAR 50%,GALPI_V6,no2,9.853101619023096,16.278055722260614
full_grid,MAR 50%,GALPI_V6,o3,20.292395680529165,31.967020307310595
full_grid,MAR 50%,GALPI_V6,pm10,10.783903647151483,18.53598722347023
full_grid,MAR 50%,GALPI_V6,pm25,7.102931182572565,12.059856784226463
full_grid,MAR 50%,GALPI_V6,so2,1.5046527036104895,3.4816504780845094
full_grid,MAR 50%,GALPI_V6,co,0.1410035112952455,0.2612693047714349
full_grid,MAR 50%,GALPI_V6,no2,9.516736188801007,15.711765570648177
full_grid,MAR 50%,GALPI_V6,o3,19.4642316926605,30.973252869109594
full_grid,MAR 50%,GALPI_V6,pm10,11.283254405457718,19.58352861808275
full_grid,MAR 50%,GALPI_V6,pm25,8.869007571809474,15.631476473096637
full_grid,MAR 50%,GALPI_V6,so2,1.4387429750708929,3.4101189803725123
full_grid,MAR 50%,GALPI_V6,co,0.1466500652771805,0.27702270828283304
full_grid,MAR 50%,GALPI_V6,no2,9.406212264939466,15.424982628518288
full_grid,MAR 50%,GALPI_V6,o3,19.760797475142635,31.339319781100908
full_grid,MAR 50%,GALPI_V6,pm10,10.65083107722805,17.909330988456624
full_grid,MAR 50%,GALPI_V6,pm25,7.081355425272281,12.292027091400643
full_grid,MAR 50%,GALPI_V6,so2,1.737106040493158,4.139216812985329
full_grid,MAR 50%,GALPI_V6,co,0.148215762177018,0.275198944586723
full_grid,MAR 50%,GALPI_V6,no2,12.426522467849358,20.90592914177737
full_grid,MAR 50%,GALPI_V6,o3,21.127835574373787,32.73397224814142
full_grid,MAR 50%,GALPI_V6,pm10,10.913354836650543,18.439231680981653
full_grid,MAR 50%,GALPI_V6,pm25,7.305690155099544,12.391790310687131
full_grid,MAR 50%,GALPI_V6,so2,1.454250597801361,3.3107312261853594
full_grid,MAR 50%,GALPI_V6,co,0.14086395127189735,0.26050267860786636
full_grid,MAR 50%,GALPI_V6,no2,9.519922925090944,15.700195774882614
full_grid,MAR 50%,GALPI_V6,o3,19.517632656606196,31.034086044439327
full_grid,MAR 50%,GALPI_V6,pm10,11.279784621608433,19.689497405576958
full_grid,MAR 50%,GALPI_V6,pm25,8.846593745062252,15.502120260608796
full_grid,MAR 50%,GALPI_V6,so2,1.4345760214782253,3.311212106760355
full_grid,MAR 50%,GALPI_V6,co,0.12495844278948635,0.20589606722169557
full_grid,MAR 50%,GALPI_V6,no2,9.37785510732112,14.93885090041229
full_grid,MAR 50%,GALPI_V6,o3,21.387356304270607,34.80011377457669
full_grid,MAR 50%,GALPI_V6,pm10,9.724087982253291,16.569704194704396
full_grid,MAR 50%,GALPI_V6,pm25,6.394303643525608,10.704266022713663
full_grid,MAR 50%,GALPI_V6,so2,1.2805186454486328,2.7602601104075233
full_grid,MAR 50%,GALPI_V6,co,0.1669854106230184,0.3133041231425386
full_grid,MAR 50%,GALPI_V6,no2,9.900241204771687,16.340709342251838
full_grid,MAR 50%,GALPI_V6,o3,20.35423070882405,31.94885241588954
full_grid,MAR 50%,GALPI_V6,pm10,10.684821806263871,18.262924293719056
full_grid,MAR 50%,GALPI_V6,pm25,7.055265451193891,12.188472720270779
full_grid,MAR 50%,GALPI_V6,so2,1.5152093973960368,3.4967904649685915
full_grid,MAR 50%,GALPI_V6,co,0.1678090387715225,0.31368593065101524
full_grid,MAR 50%,GALPI_V6,no2,9.941477890318188,16.478851668971583
full_grid,MAR 50%,GALPI_V6,o3,20.445181956482628,32.1905534814594
full_grid,MAR 50%,GALPI_V6,pm10,10.738210145144071,18.307500106251897
full_grid,MAR 50%,GALPI_V6,pm25,7.08724912589767,12.062309999560211
full_grid,MAR 50%,GALPI_V6,so2,1.502564830797131,3.4774775303858294
full_grid,MAR 50%,GALPI_V6,co,0.14627468155889936,0.27670364628336286
full_grid,MAR 50%,GALPI_V6,no2,9.375903145813902,15.367098387059867
full_grid,MAR 50%,GALPI_V6,o3,19.81469675128191,31.34956226911242
full_grid,MAR 50%,GALPI_V6,pm10,10.66899803158791,18.27501286531985
full_grid,MAR 50%,GALPI_V6,pm25,7.073971519642511,12.511053358503206
full_grid,MAR 50%,GALPI_V6,so2,1.7208260502414627,4.122712119729044
full_grid,MAR 50%,GALPI_V6,co,0.13441466324801632,0.24854258660704115
full_grid,MAR 50%,GALPI_V6,no2,9.480812770612053,15.84103418792323
full_grid,MAR 50%,GALPI_V6,o3,19.511376918265963,31.254115843303836
full_grid,MAR 50%,GALPI_V6,pm10,12.493399660513749,22.17044965268531
full_grid,MAR 50%,GALPI_V6,pm25,7.147001604346661,12.57410929798567
full_grid,MAR 50%,GALPI_V6,so2,1.3659043142161924,3.178378204378264
full_grid,MAR 50%,GALPI_V6,co,0.1460676187301725,0.27723764409716656
full_grid,MAR 50%,GALPI_V6,no2,9.403908005557842,15.391307156690939
full_grid,MAR 50%,GALPI_V6,o3,19.819542924435844,31.379844726347933
full_grid,MAR 50%,GALPI_V6,pm10,10.661494583180627,17.795563970536247
full_grid,MAR 50%,GALPI_V6,pm25,7.034475582880878,11.825985040439502
full_grid,MAR 50%,GALPI_V6,so2,1.7267900994457355,4.108267929878494
full_grid,MAR 50%,GALPI_V6,co,0.12502207299038562,0.20591414387899729
full_grid,MAR 50%,GALPI_V6,no2,9.342452186610135,14.87957629543902
full_grid,MAR 50%,GALPI_V6,o3,21.432225768884116,34.865930230938474
full_grid,MAR 50%,GALPI_V6,pm10,9.572892279293285,15.851630434902516
full_grid,MAR 50%,GALPI_V6,pm25,6.333377507910085,10.518797867832204
full_grid,MAR 50%,GALPI_V6,so2,1.282294468392175,2.7277338296921285
full_grid,MAR 50%,GALPI_V6,co,0.14612119854600567,0.27632984599360644
full_grid,MAR 50%,GALPI_V6,no2,9.434760785127983,15.522717086022267
full_grid,MAR 50%,GALPI_V6,o3,19.786159916314265,31.432231244321443
full_grid,MAR 50%,GALPI_V6,pm10,10.656968735964364,18.440319834749648
full_grid,MAR 50%,GALPI_V6,pm25,7.0503008070087345,12.738991077649793
full_grid,MAR 50%,GALPI_V6,so2,1.7198572213115209,4.110839766791037
full_grid,MAR 50%,GALPI_V6,co,0.12449371507481237,0.203786347215608
full_grid,MAR 50%,GALPI_V6,no2,9.366337242355831,14.846301706082278
full_grid,MAR 50%,GALPI_V6,o3,21.511879750865567,34.928217356058916
full_grid,MAR 50%,GALPI_V6,pm10,9.577437245510955,16.13238283036539
full_grid,MAR 50%,GALPI_V6,pm25,6.330565735882414,10.504786098818526
full_grid,MAR 50%,GALPI_V6,so2,1.2746988559059427,2.8571572513875823
full_grid,MAR 50%,GALPI_V6,co,0.16719018906405203,0.31438568342446194
full_grid,MAR 50%,GALPI_V6,no2,9.934017681796854,16.528324587863537
full_grid,MAR 50%,GALPI_V6,o3,20.463405527639814,32.26057922489947
full_grid,MAR 50%,GALPI_V6,pm10,10.741885174594959,18.308207271950295
full_grid,MAR 50%,GALPI_V6,pm25,7.1180743303051806,12.344034135367627
full_grid,MAR 50%,GALPI_V6,so2,1.4993136398545563,3.464155627556211
full_grid,MAR 50%,galpi,co,0.12051266311268385,0.20381014014624993
full_grid,MAR 50%,galpi,no2,8.925211268924576,14.449892072941154
full_grid,MAR 50%,galpi,o3,20.305199823192325,33.40600671333111
full_grid,MAR 50%,galpi,pm10,9.0760989682668,15.232110989320143
full_grid,MAR 50%,galpi,pm25,5.98487457137583,10.034685449300008
full_grid,MAR 50%,galpi,so2,1.2588599501145405,2.900935930585333
full_grid,MAR 50%,galpi,co,0.14298563623056756,0.2744969552919253
full_grid,MAR 50%,galpi,no2,9.112747436404895,15.877561929360441
full_grid,MAR 50%,galpi,o3,18.911647419529938,31.025366555086933
full_grid,MAR 50%,galpi,pm10,10.148284639416064,17.149872721065975
full_grid,MAR 50%,galpi,pm25,6.661231724152868,11.370273368578282
full_grid,MAR 50%,galpi,so2,1.6802965027166474,4.044664230819979
full_grid,MAR 50%,galpi,co,0.14436384841025596,0.2720240371610407
full_grid,MAR 50%,galpi,no2,11.987298299519138,21.121115725541596
full_grid,MAR 50%,galpi,o3,19.96424224435802,32.166338447015704
full_grid,MAR 50%,galpi,pm10,10.316150187607423,17.787308487694624
full_grid,MAR 50%,galpi,pm25,6.921751013733845,12.322043334451145
full_grid,MAR 50%,galpi,so2,1.4092874514767888,3.26157831179209
full_grid,MAR 50%,galpi,co,0.16215680022761042,0.3088461940616211
full_grid,MAR 50%,galpi,no2,9.491354913787546,15.829325500849563
full_grid,MAR 50%,galpi,o3,19.25067499067977,30.939647133976976
full_grid,MAR 50%,galpi,pm10,10.111481354743308,17.22136358021247
full_grid,MAR 50%,galpi,pm25,6.65967454288098,11.284419293820767
full_grid,MAR 50%,galpi,so2,1.4747295066770114,3.4690429248548065
full_grid,MAR 50%,galpi,co,0.12164653919527126,0.2070935647511836
full_grid,MAR 50%,galpi,no2,8.903842873899338,14.38417398387536
full_grid,MAR 50%,galpi,o3,20.193532103945493,33.23021733821703
full_grid,MAR 50%,galpi,pm10,9.041686847556182,15.21445483420336
full_grid,MAR 50%,galpi,pm25,5.97118701607381,9.965418973666132
full_grid,MAR 50%,galpi,so2,1.2615819594169626,2.8106986422230644
full_grid,MAR 50%,galpi,co,0.1632821554814352,0.3081251022381862
full_grid,MAR 50%,galpi,no2,9.567171720713205,15.997116394505666
full_grid,MAR 50%,galpi,o3,19.38832358160508,31.238540015687622
full_grid,MAR 50%,galpi,pm10,10.254733929192948,17.70104611739541
full_grid,MAR 50%,galpi,pm25,6.713276223241651,11.50789047047829
full_grid,MAR 50%,galpi,so2,1.4654309592109247,3.4247892557552593
full_grid,MAR 50%,galpi,co,0.1200075671259854,0.2030905119086725
full_grid,MAR 50%,galpi,no2,8.895602972695542,14.335952109820576
full_grid,MAR 50%,galpi,o3,20.266706152700678,33.321111642870854
full_grid,MAR 50%,galpi,pm10,9.055320949573932,15.352465378436149
full_grid,MAR 50%,galpi,pm25,5.958715599117037,9.9297863500046
full_grid,MAR 50%,galpi,so2,1.253850377475956,2.639781148798434
full_grid,MAR 50%,galpi,co,0.13657197664872456,0.25483789791427425
full_grid,MAR 50%,galpi,no2,9.136633272740388,15.274849795534717
full_grid,MAR 50%,galpi,o3,18.423788494565265,29.92648979238298
full_grid,MAR 50%,galpi,pm10,10.63567983023014,18.702511782722816
full_grid,MAR 50%,galpi,pm25,8.289750459207161,14.61759805234451
full_grid,MAR 50%,galpi,so2,1.3974071837363908,3.259801131353468
full_grid,MAR 50%,galpi,co,0.1424993030097359,0.2715064457547832
full_grid,MAR 50%,galpi,no2,9.071828813068736,15.088881755906012
full_grid,MAR 50%,galpi,o3,18.87638826031622,30.510253963067825
full_grid,MAR 50%,galpi,pm10,10.136143986155055,17.089001095615046
full_grid,MAR 50%,galpi,pm25,6.675924990727932,11.366029904204504
full_grid,MAR 50%,galpi,so2,1.6808265660305501,4.062403429056438
full_grid,MAR 50%,galpi,co,0.13085829462099402,0.2429726272300568
full_grid,MAR 50%,galpi,no2,9.078449052070626,15.31393670699358
full_grid,MAR 50%,galpi,o3,18.14659484827428,29.773578063258267
full_grid,MAR 50%,galpi,pm10,11.858005810654284,21.11775543834592
full_grid,MAR 50%,galpi,pm25,6.731510593307986,11.831451170806618
full_grid,MAR 50%,galpi,so2,1.3282879934865066,3.1483800800186903
full_grid,MAR 50%,galpi,co,0.16170519817512297,0.30955503711773397
full_grid,MAR 50%,galpi,no2,9.551209259436986,16.398609677889446
full_grid,MAR 50%,galpi,o3,19.337572491512834,31.660898541279003
full_grid,MAR 50%,galpi,pm10,10.2437228712162,18.408430987757182
full_grid,MAR 50%,galpi,pm25,6.7751556939951705,12.612687268233627
full_grid,MAR 50%,galpi,so2,1.4594471965848037,3.4209921171024376
full_grid,MAR 50%,galpi,co,0.1621751241676059,0.30677362079998693
full_grid,MAR 50%,galpi,no2,9.518453361198514,15.93422081055137
full_grid,MAR 50%,galpi,o3,19.27568452984324,31.104130864347766
full_grid,MAR 50%,galpi,pm10,10.138117621082053,17.363757031777
full_grid,MAR 50%,galpi,pm25,6.672661377048831,11.249625967802853
full_grid,MAR 50%,galpi,so2,1.459695163521706,3.3973797548086204
full_grid,MAR 50%,galpi,co,0.12071788668574707,0.20390243282164727
full_grid,MAR 50%,galpi,no2,8.933397446748451,14.426934463561285
full_grid,MAR 50%,galpi,o3,20.27501563882102,33.325624221456806
full_grid,MAR 50%,galpi,pm10,9.17704005974986,15.785389305064669
full_grid,MAR 50%,galpi,pm25,6.028496938932227,10.187004103156603
full_grid,MAR 50%,galpi,so2,1.2558348071562584,2.7604568007289285
full_grid,MAR 50%,galpi,co,0.12088932799658272,0.20365606225968844
full_grid,MAR 50%,galpi,no2,8.934824675087905,14.41105536780251
full_grid,MAR 50%,galpi,o3,20.377867991146058,33.55192919488684
full_grid,MAR 50%,galpi,pm10,9.061602117501886,15.28833534445784
full_grid,MAR 50%,galpi,pm25,5.957127420493949,10.006736322411948
full_grid,MAR 50%,galpi,so2,1.2571000483944976,2.880356146770011
full_grid,MAR 50%,galpi,co,0.12079963148742898,0.2045105744960243
full_grid,MAR 50%,galpi,no2,8.926453482048544,14.417498308353311
full_grid,MAR 50%,galpi,o3,20.254910946356105,33.30849326386111
full_grid,MAR 50%,galpi,pm10,9.057457740732,15.03609158612281
full_grid,MAR 50%,galpi,pm25,5.973006294306348,9.981610463611439
full_grid,MAR 50%,galpi,so2,1.25842909731411,2.7372266242902286
full_grid,MAR 50%,galpi,co,0.14230713335739537,0.27289527981100253
full_grid,MAR 50%,galpi,no2,9.084874587196994,15.396494678014323
full_grid,MAR 50%,galpi,o3,18.788348670214607,30.648194304926722
full_grid,MAR 50%,galpi,pm10,10.157871729949195,17.08046143968057
full_grid,MAR 50%,galpi,pm25,6.675858449143268,11.28808199134867
full_grid,MAR 50%,galpi,so2,1.6744312924746794,4.033278388332
full_grid,MAR 50%,galpi,co,0.1427651327407015,0.27332403897508606
full_grid,MAR 50%,galpi,no2,9.146437491369813,15.934178393748617
full_grid,MAR 50%,galpi,o3,18.840102252976486,30.888313827340923
full_grid,MAR 50%,galpi,pm10,10.159933751700866,17.23369934441893
full_grid,MAR 50%,galpi,pm25,6.648581902378961,11.267983048203911
full_grid,MAR 50%,galpi,so2,1.6719059221821022,4.0479808078554615
full_grid,MAR 50%,galpi,co,0.1430047061180067,0.2732764084107659
full_grid,MAR 50%,galpi,no2,9.107590576447492,15.714304145207693
full_grid,MAR 50%,galpi,o3,18.91120149752736,30.844219463046173
full_grid,MAR 50%,galpi,pm10,10.208196602739767,17.2414702832555
full_grid,MAR 50%,galpi,pm25,6.687860860158705,11.369559029649826
full_grid,MAR 50%,galpi,so2,1.679899950839963,4.062257225311232
full_grid,MAR 50%,galpi,co,0.16273918606886764,0.3109829227801931
full_grid,MAR 50%,galpi,no2,9.48388792940312,15.846022334733705
full_grid,MAR 50%,galpi,o3,19.213481642233813,30.98105334748089
full_grid,MAR 50%,galpi,pm10,10.183732341464301,17.68938595620137
full_grid,MAR 50%,galpi,pm25,6.737416344612912,11.572086140943107
full_grid,MAR 50%,galpi,so2,1.4641241139095054,3.4818722407620974
full_grid,MAR 50%,galpi,co,0.13668378179965063,0.25535045843520404
full_grid,MAR 50%,galpi,no2,9.14888290530425,15.300116750974809
full_grid,MAR 50%,galpi,o3,18.447014582305037,30.05787943225086
full_grid,MAR 50%,galpi,pm10,10.641047096719742,18.526127423760013
full_grid,MAR 50%,galpi,pm25,8.331879076856069,14.616321059479684
full_grid,MAR 50%,galpi,so2,1.4025884971315383,3.370588420996616
full_grid,MAR 50%,linear_interpolation,co,0.1250999279476358,0.25351273277348085
full_grid,MAR 50%,linear_interpolation,no2,7.4528395548274915,12.789978505728065
full_grid,MAR 50%,linear_interpolation,o3,14.41045991486598,24.331285269290596
full_grid,MAR 50%,linear_interpolation,pm10,8.159028518980023,14.085294983185593
full_grid,MAR 50%,linear_interpolation,pm25,5.513049716044979,9.548720424372048
full_grid,MAR 50%,linear_interpolation,so2,1.474523122011213,3.7892242905525344
full_grid,MAR 50%,linear_interpolation,co,0.14293055790306133,0.28345279288191516
full_grid,MAR 50%,linear_interpolation,no2,7.853028438412876,13.663971641557584
full_grid,MAR 50%,linear_interpolation,o3,14.787548558922287,24.919708008188028
full_grid,MAR 50%,linear_interpolation,pm10,8.17572432472824,14.084595586880898
full_grid,MAR 50%,linear_interpolation,pm25,5.501307043381921,9.490022567279059
full_grid,MAR 50%,linear_interpolation,so2,1.281577493600088,3.239150131364323
full_grid,MAR 50%,linear_interpolation,co,0.11860796106920096,0.23589366793980332
full_grid,MAR 50%,linear_interpolation,no2,7.486932850318328,12.968291802043442
full_grid,MAR 50%,linear_interpolation,o3,13.834540296789626,23.424841760625025
full_grid,MAR 50%,linear_interpolation,pm10,8.51036610497011,15.52643577553383
full_grid,MAR 50%,linear_interpolation,pm25,6.672844071666297,11.807413079218323
full_grid,MAR 50%,linear_interpolation,so2,1.2164755829190372,3.0645596232936967
full_grid,MAR 50%,linear_interpolation,co,0.09910511176694468,0.18400245899573048
full_grid,MAR 50%,linear_interpolation,no2,6.9848432570462915,11.463672114071972
full_grid,MAR 50%,linear_interpolation,o3,14.76663990868591,24.73951159832059
full_grid,MAR 50%,linear_interpolation,pm10,7.079079879164625,11.957296372905473
full_grid,MAR 50%,linear_interpolation,pm25,4.74640637690133,7.920515287754497
full_grid,MAR 50%,linear_interpolation,so2,1.0561281745501343,2.561058589854383
full_grid,MAR 50%,linear_interpolation,co,0.09906978149975303,0.18291150479282436
full_grid,MAR 50%,linear_interpolation,no2,7.037236401128446,11.520829155007348
full_grid,MAR 50%,linear_interpolation,o3,14.86272129166639,24.860623571369068
full_grid,MAR 50%,linear_interpolation,pm10,7.0680596873137596,11.93414774187589
full_grid,MAR 50%,linear_interpolation,pm25,4.7722066671493195,8.132679196388658
full_grid,MAR 50%,linear_interpolation,so2,1.0560370803085775,2.7492423989986166
full_grid,MAR 50%,linear_interpolation,co,0.1255313679831879,0.2533015429141759
full_grid,MAR 50%,linear_interpolation,no2,7.473908868330738,12.850656463674461
full_grid,MAR 50%,linear_interpolation,o3,14.369744371566531,24.083331897234643
full_grid,MAR 50%,linear_interpolation,pm10,8.197688922470984,14.01895557914664
full_grid,MAR 50%,linear_interpolation,pm25,5.496805963540818,9.4669771609572
full_grid,MAR 50%,linear_interpolation,so2,1.4690842972282503,3.7819918714831187
full_grid,MAR 50%,linear_interpolation,co,0.09866098747035276,0.18301290440039597
full_grid,MAR 50%,linear_interpolation,no2,6.978823496191272,11.471728162417751
full_grid,MAR 50%,linear_interpolation,o3,14.773036653154296,24.76260285120004
full_grid,MAR 50%,linear_interpolation,pm10,7.070445371682489,11.994897918804407
full_grid,MAR 50%,linear_interpolation,pm25,4.767414354334349,8.040880360627295
full_grid,MAR 50%,linear_interpolation,so2,1.051891690127577,2.732818178309269
full_grid,MAR 50%,linear_interpolation,co,0.12430582172287047,0.2509675486846954
full_grid,MAR 50%,linear_interpolation,no2,7.486213631536411,12.818802505456675
full_grid,MAR 50%,linear_interpolation,o3,14.538459913681926,24.43730475382783
full_grid,MAR 50%,linear_interpolation,pm10,8.17157961348942,14.058324363294789
full_grid,MAR 50%,linear_interpolation,pm25,5.466162166304764,9.43058223041516
full_grid,MAR 50%,linear_interpolation,so2,1.4754626850680859,3.794930599445789
full_grid,MAR 50%,linear_interpolation,co,0.09889308458285218,0.18240757048740272
full_grid,MAR 50%,linear_interpolation,no2,6.976759048221432,11.431742653821068
full_grid,MAR 50%,linear_interpolation,o3,14.69101245307852,24.568594327462563
full_grid,MAR 50%,linear_interpolation,pm10,7.109611363711176,12.265001136885896
full_grid,MAR 50%,linear_interpolation,pm25,4.781547064190655,8.077328482973654
full_grid,MAR 50%,linear_interpolation,so2,1.0359455834949818,2.509226258430398
full_grid,MAR 50%,linear_interpolation,co,0.14296780291417727,0.28360475683141867
full_grid,MAR 50%,linear_interpolation,no2,7.901194134247141,13.749250432795296
full_grid,MAR 50%,linear_interpolation,o3,14.836766559192766,24.957591566383375
full_grid,MAR 50%,linear_interpolation,pm10,8.172974678580664,14.06416196547285
full_grid,MAR 50%,linear_interpolation,pm25,5.529986416745738,9.569677475407563
full_grid,MAR 50%,linear_interpolation,so2,1.2707399474597618,3.174738035046342
full_grid,MAR 50%,linear_interpolation,co,0.12560341148222934,0.25305332024324395
full_grid,MAR 50%,linear_interpolation,no2,7.463961656180206,12.81419279898374
full_grid,MAR 50%,linear_interpolation,o3,14.397419661765198,24.260859997044886
full_grid,MAR 50%,linear_interpolation,pm10,8.235562987633859,14.194316939360073
full_grid,MAR 50%,linear_interpolation,pm25,5.528556464824898,9.563673382746362
full_grid,MAR 50%,linear_interpolation,so2,1.4740842908662293,3.7696700939049363
full_grid,MAR 50%,linear_interpolation,co,0.14359767354533165,0.2848990668937364
full_grid,MAR 50%,linear_interpolation,no2,7.883163187142433,13.625595519889135
full_grid,MAR 50%,linear_interpolation,o3,14.774315825786477,24.81924584099944
full_grid,MAR 50%,linear_interpolation,pm10,8.267387148153412,14.395945841940534
full_grid,MAR 50%,linear_interpolation,pm25,5.543197667095953,9.604590875968906
full_grid,MAR 50%,linear_interpolation,so2,1.2725060871872613,3.1844921726935613
full_grid,MAR 50%,linear_interpolation,co,0.09876486766615239,0.18339349215365064
full_grid,MAR 50%,linear_interpolation,no2,6.968712269921826,11.430223869230645
full_grid,MAR 50%,linear_interpolation,o3,14.682711253205369,24.519482462608284
full_grid,MAR 50%,linear_interpolation,pm10,7.105882595369616,12.160911825137132
full_grid,MAR 50%,linear_interpolation,pm25,4.758251969388993,7.973645316758793
full_grid,MAR 50%,linear_interpolation,so2,1.0438498379699,2.5862642822064457
full_grid,MAR 50%,linear_interpolation,co,0.11871767680283253,0.2352230960010639
full_grid,MAR 50%,linear_interpolation,no2,7.472804625866855,12.980807805583266
full_grid,MAR 50%,linear_interpolation,o3,13.891558825109078,23.643283631856434
full_grid,MAR 50%,linear_interpolation,pm10,8.466816987009102,15.197036116682522
full_grid,MAR 50%,linear_interpolation,pm25,6.693970347503819,11.717146416437664
full_grid,MAR 50%,linear_interpolation,so2,1.22691849401263,3.1993220407123655
full_grid,MAR 50%,linear_interpolation,co,0.14254262883101837,0.2824965917727416
full_grid,MAR 50%,linear_interpolation,no2,7.837047952955029,13.51456113665023
full_grid,MAR 50%,linear_interpolation,o3,14.714933659287754,24.78935776309402
full_grid,MAR 50%,linear_interpolation,pm10,8.173327524783687,14.179073647141907
full_grid,MAR 50%,linear_interpolation,pm25,5.508848605639592,9.566954139895012
full_grid,MAR 50%,linear_interpolation,so2,1.265720887198075,3.1724874708907156
full_grid,MAR 50%,linear_interpolation,co,0.12450060538130597,0.24640064023987873
full_grid,MAR 50%,linear_interpolation,no2,9.715318601415063,16.879624494307382
full_grid,MAR 50%,linear_interpolation,o3,14.701166447705551,23.674290022788806
full_grid,MAR 50%,linear_interpolation,pm10,8.151004547281463,14.139393587512648
full_grid,MAR 50%,linear_interpolation,pm25,5.547262747797933,9.623708683917096
full_grid,MAR 50%,linear_interpolation,so2,1.1988499869367317,3.014959375887457
full_grid,MAR 50%,linear_interpolation,co,0.11172637261291522,0.21911555783780579
full_grid,MAR 50%,linear_interpolation,no2,7.239833011222528,12.61826125168228
full_grid,MAR 50%,linear_interpolation,o3,13.189318227756486,22.608931492021156
full_grid,MAR 50%,linear_interpolation,pm10,9.583738020792214,17.503899173793446
full_grid,MAR 50%,linear_interpolation,pm25,5.388646610820167,9.482345288582803
full_grid,MAR 50%,linear_interpolation,so2,1.1228786609253623,2.876205860104006
full_grid,MAR 50%,linear_interpolation,co,0.12594543954759246,0.25394572063480997
full_grid,MAR 50%,linear_interpolation,no2,7.4863793899923206,12.798539057411935
full_grid,MAR 50%,linear_interpolation,o3,14.483051194691443,24.285982005340763
full_grid,MAR 50%,linear_interpolation,pm10,8.194835867088042,14.135745925077831
full_grid,MAR 50%,linear_interpolation,pm25,5.478965544231211,9.459788964080813
full_grid,MAR 50%,linear_interpolation,so2,1.4738083468521257,3.7548856566428217
full_grid,MAR 50%,linear_interpolation,co,0.09837300786682181,0.1823188869790649
full_grid,MAR 50%,linear_interpolation,no2,6.9813622769612635,11.4369017260881
full_grid,MAR 50%,linear_interpolation,o3,14.719152243770736,24.514738668509
full_grid,MAR 50%,linear_interpolation,pm10,7.092113532372105,12.158912511902805
full_grid,MAR 50%,linear_interpolation,pm25,4.764253669129357,8.029119184428712
full_grid,MAR 50%,linear_interpolation,so2,1.032685406386722,2.3795941808989145
full_grid,MAR 50%,linear_interpolation,co,0.14277903370027983,0.28373621199038795
full_grid,MAR 50%,linear_interpolation,no2,7.914331845010711,13.759394266486837
full_grid,MAR 50%,linear_interpolation,o3,14.823283977272034,24.93070683009946
full_grid,MAR 50%,linear_interpolation,pm10,8.240245927916682,14.390132939148218
full_grid,MAR 50%,linear_interpolation,pm25,5.528022772595338,9.578580783561035
full_grid,MAR 50%,linear_interpolation,so2,1.2663877511877144,3.182701549031303
full_grid,MCAR 50%,GALPI_V1,co,0.08139951193674001,0.16329326908126046
full_grid,MCAR 50%,GALPI_V1,no2,5.25336970921908,9.225657707203222
full_grid,MCAR 50%,GALPI_V1,o3,8.963816962248323,15.623107284689409
full_grid,MCAR 50%,GALPI_V1,pm10,5.5312672516864945,9.488231415866709
full_grid,MCAR 50%,GALPI_V1,pm25,3.8129898071073955,6.406668666535256
full_grid,MCAR 50%,GALPI_V1,so2,0.8396044465552347,2.33152552461092
full_grid,MCAR 50%,GALPI_V1,co,0.08123075101489359,0.1607593075455209
full_grid,MCAR 50%,GALPI_V1,no2,5.277460211958436,9.22709392670337
full_grid,MCAR 50%,GALPI_V1,o3,8.89080624378132,15.385763132328307
full_grid,MCAR 50%,GALPI_V1,pm10,5.510969222621845,9.493221164770018
full_grid,MCAR 50%,GALPI_V1,pm25,3.775659455306617,6.215964353437435
full_grid,MCAR 50%,GALPI_V1,so2,0.8302092608064395,2.239436544493741
full_grid,MCAR 50%,GALPI_V1,co,0.08118065116065283,0.16088406998596178
full_grid,MCAR 50%,GALPI_V1,no2,5.26059123390325,9.195770928222224
full_grid,MCAR 50%,GALPI_V1,o3,8.908166969801703,15.365144302094944
full_grid,MCAR 50%,GALPI_V1,pm10,5.559296695439317,9.478891505003132
full_grid,MCAR 50%,GALPI_V1,pm25,3.8072886828047943,6.35668479061492
full_grid,MCAR 50%,GALPI_V1,so2,0.8258456640758923,2.026594454570094
full_grid,MCAR 50%,GALPI_V1,co,0.08095190360553317,0.16008792724148466
full_grid,MCAR 50%,GALPI_V1,no2,5.23438031223615,9.097820495965985
full_grid,MCAR 50%,GALPI_V1,o3,8.920734089837527,15.422729569923787
full_grid,MCAR 50%,GALPI_V1,pm10,5.5432296441213635,9.467254918528578
full_grid,MCAR 50%,GALPI_V1,pm25,3.7844489609098075,6.29487380288137
full_grid,MCAR 50%,GALPI_V1,so2,0.833555956215695,2.206827612909331
full_grid,MCAR 50%,GALPI_V1,co,0.0809201101928521,0.16043269914932543
full_grid,MCAR 50%,GALPI_V1,no2,5.278282473262309,9.22018973242067
full_grid,MCAR 50%,GALPI_V1,o3,8.920807517884196,15.424995292066981
full_grid,MCAR 50%,GALPI_V1,pm10,5.5398070524691,9.436588490252554
full_grid,MCAR 50%,GALPI_V1,pm25,3.8180100721336903,6.398257705843127
full_grid,MCAR 50%,GALPI_V1,so2,0.829532341567649,2.217530868885047
full_grid,MCAR 50%,GALPI_V1,co,0.08108791701763685,0.160775857325257
full_grid,MCAR 50%,GALPI_V1,no2,5.249686285513268,9.155567882368752
full_grid,MCAR 50%,GALPI_V1,o3,8.945225983751536,15.413742283230844
full_grid,MCAR 50%,GALPI_V1,pm10,5.516591861125351,9.323279928227088
full_grid,MCAR 50%,GALPI_V1,pm25,3.7832485711398864,6.302493950441517
full_grid,MCAR 50%,GALPI_V1,so2,0.8368226226560634,2.2295377104502405
full_grid,MCAR 50%,GALPI_V1,co,0.08095564963133178,0.16019784567604028
full_grid,MCAR 50%,GALPI_V1,no2,5.214603154368514,9.117392488288482
full_grid,MCAR 50%,GALPI_V1,o3,8.908739314010088,15.33125798116792
full_grid,MCAR 50%,GALPI_V1,pm10,5.545487500814995,9.546559968282136
full_grid,MCAR 50%,GALPI_V1,pm25,3.7901436815332605,6.3503561606560215
full_grid,MCAR 50%,GALPI_V1,so2,0.8361806890217409,2.3556325587910636
full_grid,MCAR 50%,GALPI_V1,co,0.08112397211937857,0.16095196995033897
full_grid,MCAR 50%,GALPI_V1,no2,5.2596452229211055,9.115711819028288
full_grid,MCAR 50%,GALPI_V1,o3,8.962850631684342,15.515540673291413
full_grid,MCAR 50%,GALPI_V1,pm10,5.563436137505545,9.524045976417428
full_grid,MCAR 50%,GALPI_V1,pm25,3.8108155557676726,6.365946574922759
full_grid,MCAR 50%,GALPI_V1,so2,0.8300388755563339,2.18093235249999
full_grid,MCAR 50%,GALPI_V1,co,0.08111636739967597,0.1609362579772676
full_grid,MCAR 50%,GALPI_V1,no2,5.2506710116413675,9.13511305727801
full_grid,MCAR 50%,GALPI_V1,o3,8.898424174132847,15.338204242725483
full_grid,MCAR 50%,GALPI_V1,pm10,5.535835247873701,9.511726025189793
full_grid,MCAR 50%,GALPI_V1,pm25,3.804134495282095,6.414931242977861
full_grid,MCAR 50%,GALPI_V1,so2,0.8336117302362896,2.235075680756617
full_grid,MCAR 50%,GALPI_V1,co,0.0803046174071619,0.15914896815093577
full_grid,MCAR 50%,GALPI_V1,no2,5.2555971008508875,9.166868146252131
full_grid,MCAR 50%,GALPI_V1,o3,8.902490892121605,15.346354636669314
full_grid,MCAR 50%,GALPI_V1,pm10,5.521075217664064,9.46575014839949
full_grid,MCAR 50%,GALPI_V1,pm25,3.8060512966121802,6.416333709047762
full_grid,MCAR 50%,GALPI_V1,so2,0.8310023827505354,2.207638549297662
full_grid,MCAR 50%,GALPI_V1,co,0.08059455915034146,0.1588574808386115
full_grid,MCAR 50%,GALPI_V1,no2,5.290778936388905,9.263825123559
full_grid,MCAR 50%,GALPI_V1,o3,8.957733018029716,15.557614397623652
full_grid,MCAR 50%,GALPI_V1,pm10,5.5072376982641424,9.489797814285104
full_grid,MCAR 50%,GALPI_V1,pm25,3.8095051577051837,6.37508195215819
full_grid,MCAR 50%,GALPI_V1,so2,0.83276469560613,2.21216599927962
full_grid,MCAR 50%,GALPI_V1,co,0.08127912517743706,0.16138680327886346
full_grid,MCAR 50%,GALPI_V1,no2,5.23523982890905,9.106559513087733
full_grid,MCAR 50%,GALPI_V1,o3,8.885169938447541,15.375398422845011
full_grid,MCAR 50%,GALPI_V1,pm10,5.532396027020873,9.373591577273144
full_grid,MCAR 50%,GALPI_V1,pm25,3.7940803930319213,6.34842712487218
full_grid,MCAR 50%,GALPI_V1,so2,0.836528379092569,2.260045723804663
full_grid,MCAR 50%,GALPI_V1,co,0.08090511225414768,0.16081661417209836
full_grid,MCAR 50%,GALPI_V1,no2,5.258493782819005,9.149981441103384
full_grid,MCAR 50%,GALPI_V1,o3,8.869622085614873,15.27495836528134
full_grid,MCAR 50%,GALPI_V1,pm10,5.528576587669537,9.464669657714362
full_grid,MCAR 50%,GALPI_V1,pm25,3.8199021774359423,6.417013430777304
full_grid,MCAR 50%,GALPI_V1,so2,0.8339136345857583,2.313606357095081
full_grid,MCAR 50%,GALPI_V1,co,0.08121643225451144,0.162040084784182
full_grid,MCAR 50%,GALPI_V1,no2,5.255699396070662,9.174848090688267
full_grid,MCAR 50%,GALPI_V1,o3,8.915966888384567,15.462199444723872
full_grid,MCAR 50%,GALPI_V1,pm10,5.536412397046166,9.478044191554996
full_grid,MCAR 50%,GALPI_V1,pm25,3.803615459980396,6.457862760195298
full_grid,MCAR 50%,GALPI_V1,so2,0.8387308046005645,2.2650603845467807
full_grid,MCAR 50%,GALPI_V1,co,0.08078000242087478,0.16031205868797785
full_grid,MCAR 50%,GALPI_V1,no2,5.2257312458584515,9.097864174336108
full_grid,MCAR 50%,GALPI_V1,o3,8.820518749279715,15.159584556304244
full_grid,MCAR 50%,GALPI_V1,pm10,5.509772521262139,9.335742504118826
full_grid,MCAR 50%,GALPI_V1,pm25,3.795492118200053,6.398836363624414
full_grid,MCAR 50%,GALPI_V1,so2,0.8253133530075106,2.027474324775547
full_grid,MCAR 50%,GALPI_V1,co,0.08114748957127275,0.16087424625229313
full_grid,MCAR 50%,GALPI_V1,no2,5.302152451730157,9.294730611596261
full_grid,MCAR 50%,GALPI_V1,o3,8.952692374251573,15.56220337944549
full_grid,MCAR 50%,GALPI_V1,pm10,5.531582515237416,9.532819782109637
full_grid,MCAR 50%,GALPI_V1,pm25,3.7799732438065483,6.290375952936088
full_grid,MCAR 50%,GALPI_V1,so2,0.8318032269459154,2.2325064077451393
full_grid,MCAR 50%,GALPI_V1,co,0.08136993576018774,0.16173767660289148
full_grid,MCAR 50%,GALPI_V1,no2,5.242547473360058,9.148578017416275
full_grid,MCAR 50%,GALPI_V1,o3,8.862146708731862,15.259943423330148
full_grid,MCAR 50%,GALPI_V1,pm10,5.539827266614824,9.516090517948033
full_grid,MCAR 50%,GALPI_V1,pm25,3.7772588664403663,6.2456053385286205
full_grid,MCAR 50%,GALPI_V1,so2,0.8314366400885838,2.225259777668248
full_grid,MCAR 50%,GALPI_V1,co,0.08103762530479997,0.1612807792833562
full_grid,MCAR 50%,GALPI_V1,no2,5.287653309807047,9.27556127499368
full_grid,MCAR 50%,GALPI_V1,o3,8.90810039297446,15.336974781156952
full_grid,MCAR 50%,GALPI_V1,pm10,5.539897561391668,9.554646838524755
full_grid,MCAR 50%,GALPI_V1,pm25,3.8334726521743607,6.384017908126607
full_grid,MCAR 50%,GALPI_V1,so2,0.8279560228965179,2.1057378304655536
full_grid,MCAR 50%,GALPI_V1,co,0.08076788178433782,0.15982237551192643
full_grid,MCAR 50%,GALPI_V1,no2,5.243156791234601,9.157360266444345
full_grid,MCAR 50%,GALPI_V1,o3,8.896066141151897,15.261996839575938
full_grid,MCAR 50%,GALPI_V1,pm10,5.517753152791914,9.331286725176403
full_grid,MCAR 50%,GALPI_V1,pm25,3.783193850644383,6.304737836876635
full_grid,MCAR 50%,GALPI_V1,so2,0.8339907311458239,2.0843988829138054
full_grid,MCAR 50%,GALPI_V1,co,0.08122157271067916,0.1613648069942278
full_grid,MCAR 50%,GALPI_V1,no2,5.238131752683492,9.102929057287469
full_grid,MCAR 50%,GALPI_V1,o3,8.984985966508141,15.585482836628605
full_grid,MCAR 50%,GALPI_V1,pm10,5.545296074909186,9.46028509005189
full_grid,MCAR 50%,GALPI_V1,pm25,3.803080884332337,6.390958534401545
full_grid,MCAR 50%,GALPI_V1,so2,0.8297273162707894,2.311439710549244
full_grid,MCAR 50%,GALPI_V2,co,0.08825409685268887,0.16821764697757594
full_grid,MCAR 50%,GALPI_V2,no2,5.908474310904657,10.255541297797796
full_grid,MCAR 50%,GALPI_V2,o3,10.505370808954574,18.022079512051626
full_grid,MCAR 50%,GALPI_V2,pm10,6.205276694958395,10.693316044625904
full_grid,MCAR 50%,GALPI_V2,pm25,4.191055081324081,7.091844741967638
full_grid,MCAR 50%,GALPI_V2,so2,0.9112481118912279,2.283698340858464
full_grid,MCAR 50%,GALPI_V2,co,0.08921997020820135,0.17206714199553563
full_grid,MCAR 50%,GALPI_V2,no2,5.931542014829396,10.31702238104741
full_grid,MCAR 50%,GALPI_V2,o3,10.480999543019918,17.933960816288042
full_grid,MCAR 50%,GALPI_V2,pm10,6.245897430268812,10.789815535175414
full_grid,MCAR 50%,GALPI_V2,pm25,4.165749401569337,6.958094965818625
full_grid,MCAR 50%,GALPI_V2,so2,0.9093066748405676,2.3389264873143016
full_grid,MCAR 50%,GALPI_V2,co,0.08911795599068342,0.17122642797509036
full_grid,MCAR 50%,GALPI_V2,no2,5.892830411660089,10.20166931614796
full_grid,MCAR 50%,GALPI_V2,o3,10.479418512024079,17.8450929871166
full_grid,MCAR 50%,GALPI_V2,pm10,6.260474485925252,10.643542025988797
full_grid,MCAR 50%,GALPI_V2,pm25,4.188965570397903,7.062225064867848
full_grid,MCAR 50%,GALPI_V2,so2,0.9073938020897405,2.1479324516704037
full_grid,MCAR 50%,GALPI_V2,co,0.0889925972150758,0.1724134672336818
full_grid,MCAR 50%,GALPI_V2,no2,5.902563899363208,10.223034942968969
full_grid,MCAR 50%,GALPI_V2,o3,10.434684806935456,17.815896357297184
full_grid,MCAR 50%,GALPI_V2,pm10,6.238749950894926,10.652145203577708
full_grid,MCAR 50%,GALPI_V2,pm25,4.178905262541814,7.09163475322294
full_grid,MCAR 50%,GALPI_V2,so2,0.9171130917976902,2.407432099162732
full_grid,MCAR 50%,GALPI_V2,co,0.08909645386966392,0.1708817682132588
full_grid,MCAR 50%,GALPI_V2,no2,5.9055909680492125,10.172164439897701
full_grid,MCAR 50%,GALPI_V2,o3,10.484220874257678,17.884474639771973
full_grid,MCAR 50%,GALPI_V2,pm10,6.253772466635262,10.762406253584233
full_grid,MCAR 50%,GALPI_V2,pm25,4.198645500881984,7.075963627018514
full_grid,MCAR 50%,GALPI_V2,so2,0.9122288088558336,2.325692070782834
full_grid,MCAR 50%,GALPI_V2,co,0.08873144135237426,0.17009949448204162
full_grid,MCAR 50%,GALPI_V2,no2,5.871111084160454,10.115403943045179
full_grid,MCAR 50%,GALPI_V2,o3,10.417578951419586,17.738293980948484
full_grid,MCAR 50%,GALPI_V2,pm10,6.232171894900791,10.679233492778136
full_grid,MCAR 50%,GALPI_V2,pm25,4.17338855930666,7.060324476883251
full_grid,MCAR 50%,GALPI_V2,so2,0.9113874023573914,2.34170901811821
full_grid,MCAR 50%,GALPI_V2,co,0.08868673956374859,0.16985126176228438
full_grid,MCAR 50%,GALPI_V2,no2,5.861181228782558,10.181294797098769
full_grid,MCAR 50%,GALPI_V2,o3,10.452865253098077,17.761320671310944
full_grid,MCAR 50%,GALPI_V2,pm10,6.240810372567912,10.751753455379284
full_grid,MCAR 50%,GALPI_V2,pm25,4.182989726689092,7.046087885575329
full_grid,MCAR 50%,GALPI_V2,so2,0.9202174485715344,2.4768680688521254
full_grid,MCAR 50%,GALPI_V2,co,0.08930440095950526,0.17148394541325176
full_grid,MCAR 50%,GALPI_V2,no2,5.876864088412876,10.186989886488083
full_grid,MCAR 50%,GALPI_V2,o3,10.388110393767061,17.682096091228207
full_grid,MCAR 50%,GALPI_V2,pm10,6.237808232179524,10.715865267527489
full_grid,MCAR 50%,GALPI_V2,pm25,4.174548718010591,6.979043060538475
full_grid,MCAR 50%,GALPI_V2,so2,0.908928554046973,2.3354069318256943
full_grid,MCAR 50%,GALPI_V2,co,0.08917699034053898,0.1719085061785159
full_grid,MCAR 50%,GALPI_V2,no2,5.918047997902237,10.291137823381737
full_grid,MCAR 50%,GALPI_V2,o3,10.457786551984142,17.851024187713193
full_grid,MCAR 50%,GALPI_V2,pm10,6.191439043128894,10.611518313495013
full_grid,MCAR 50%,GALPI_V2,pm25,4.148812770771002,6.8727872254600175
full_grid,MCAR 50%,GALPI_V2,so2,0.9068268146812851,2.3230307182361862
full_grid,MCAR 50%,GALPI_V2,co,0.08890976801271691,0.17090526972773062
full_grid,MCAR 50%,GALPI_V2,no2,5.884643353394889,10.175262170373008
full_grid,MCAR 50%,GALPI_V2,o3,10.438865079641914,17.84507609258407
full_grid,MCAR 50%,GALPI_V2,pm10,6.233736770282723,10.574775824830983
full_grid,MCAR 50%,GALPI_V2,pm25,4.164651470593148,7.028412599833807
full_grid,MCAR 50%,GALPI_V2,so2,0.9180645591173338,2.377978496064056
full_grid,MCAR 50%,GALPI_V2,co,0.08860001412981301,0.1699232425862771
full_grid,MCAR 50%,GALPI_V2,no2,5.878803938250272,10.19645946212072
full_grid,MCAR 50%,GALPI_V2,o3,10.430563871093474,17.67572910912811
full_grid,MCAR 50%,GALPI_V2,pm10,6.226524561730519,10.620348064729262
full_grid,MCAR 50%,GALPI_V2,pm25,4.17584144321572,6.990026974501103
full_grid,MCAR 50%,GALPI_V2,so2,0.9134497328123727,2.197044279704847
full_grid,MCAR 50%,GALPI_V2,co,0.08852751309391736,0.17018631772010753
full_grid,MCAR 50%,GALPI_V2,no2,5.8630836121924945,10.119299580992566
full_grid,MCAR 50%,GALPI_V2,o3,10.344963041664778,17.560954791803585
full_grid,MCAR 50%,GALPI_V2,pm10,6.186690197994348,10.49502701707172
full_grid,MCAR 50%,GALPI_V2,pm25,4.180091520444998,7.156035534185343
full_grid,MCAR 50%,GALPI_V2,so2,0.910475177932258,2.1453629556348472
full_grid,MCAR 50%,GALPI_V2,co,0.08873909471464816,0.17093948530277625
full_grid,MCAR 50%,GALPI_V2,no2,5.89785039126356,10.17596240642538
full_grid,MCAR 50%,GALPI_V2,o3,10.416108988344112,17.721018113507533
full_grid,MCAR 50%,GALPI_V2,pm10,6.232810707153642,10.691975066407325
full_grid,MCAR 50%,GALPI_V2,pm25,4.198082646200674,7.09559025386175
full_grid,MCAR 50%,GALPI_V2,so2,0.9128818168657635,2.4225137447681155
full_grid,MCAR 50%,GALPI_V2,co,0.08914648934614752,0.17219532536607896
full_grid,MCAR 50%,GALPI_V2,no2,5.926441710570858,10.306305233670901
full_grid,MCAR 50%,GALPI_V2,o3,10.452258132733505,17.740420498318297
full_grid,MCAR 50%,GALPI_V2,pm10,6.233801355994228,10.707139388251624
full_grid,MCAR 50%,GALPI_V2,pm25,4.214113355845497,7.074585212331203
full_grid,MCAR 50%,GALPI_V2,so2,0.9044616452311521,2.199417249215794
full_grid,MCAR 50%,GALPI_V2,co,0.08910502180697719,0.17056896079344824
full_grid,MCAR 50%,GALPI_V2,no2,5.863687694405058,10.138113613761677
full_grid,MCAR 50%,GALPI_V2,o3,10.4423645937066,17.818988628678746
full_grid,MCAR 50%,GALPI_V2,pm10,6.2359589744457296,10.62782293706152
full_grid,MCAR 50%,GALPI_V2,pm25,4.1608812093612,6.951470476365505
full_grid,MCAR 50%,GALPI_V2,so2,0.9167688743861104,2.317298856894769
full_grid,MCAR 50%,GALPI_V2,co,0.08891244340566648,0.17069630062410399
full_grid,MCAR 50%,GALPI_V2,no2,5.897402160588504,10.21617279086598
full_grid,MCAR 50%,GALPI_V2,o3,10.468232604678107,17.818087978318683
full_grid,MCAR 50%,GALPI_V2,pm10,6.214083375341951,10.55797912368783
full_grid,MCAR 50%,GALPI_V2,pm25,4.160360080729289,6.949832591469976
full_grid,MCAR 50%,GALPI_V2,so2,0.916328743226024,2.3407019278556027
full_grid,MCAR 50%,GALPI_V2,co,0.08916185985143671,0.17293229990775
full_grid,MCAR 50%,GALPI_V2,no2,5.878314188342419,10.224035309153653
full_grid,MCAR 50%,GALPI_V2,o3,10.54515977004488,18.057203249947918
full_grid,MCAR 50%,GALPI_V2,pm10,6.2130853965736526,10.647526076345468
full_grid,MCAR 50%,GALPI_V2,pm25,4.193892580359681,7.119053691942697
full_grid,MCAR 50%,GALPI_V2,so2,0.912933363052551,2.3973693210671696
full_grid,MCAR 50%,GALPI_V2,co,0.08812024924049197,0.1689879911802028
full_grid,MCAR 50%,GALPI_V2,no2,5.858577713569658,10.118650113529174
full_grid,MCAR 50%,GALPI_V2,o3,10.423397724394508,17.75643028198289
full_grid,MCAR 50%,GALPI_V2,pm10,6.246628618956609,10.717366016953944
full_grid,MCAR 50%,GALPI_V2,pm25,4.167941265540195,7.06208583753908
full_grid,MCAR 50%,GALPI_V2,so2,0.9099575131033567,2.331069059616762
full_grid,MCAR 50%,GALPI_V2,co,0.0888774170026745,0.1707599772475124
full_grid,MCAR 50%,GALPI_V2,no2,5.889279903800161,10.179571260267405
full_grid,MCAR 50%,GALPI_V2,o3,10.518358715305498,18.004094831152912
full_grid,MCAR 50%,GALPI_V2,pm10,6.25750259698079,10.789193874130607
full_grid,MCAR 50%,GALPI_V2,pm25,4.182161229103696,7.074419836610015
full_grid,MCAR 50%,GALPI_V2,so2,0.910698461320555,2.420136005709313
full_grid,MCAR 50%,GALPI_V2,co,0.08873944082817997,0.170464953158805
full_grid,MCAR 50%,GALPI_V2,no2,5.8984820714806725,10.216373277846136
full_grid,MCAR 50%,GALPI_V2,o3,10.478346642640284,17.906020065636927
full_grid,MCAR 50%,GALPI_V2,pm10,6.237744036952167,10.631915192362465
full_grid,MCAR 50%,GALPI_V2,pm25,4.198594447354546,7.075263749742338
full_grid,MCAR 50%,GALPI_V2,so2,0.9090498836102485,2.3158465358895177
full_grid,MCAR 50%,GALPI_V3,co,0.0882289989663568,0.17054444952971784
full_grid,MCAR 50%,GALPI_V3,no2,5.882890313313805,10.158543254609615
full_grid,MCAR 50%,GALPI_V3,o3,10.363540429760862,17.68068988467955
full_grid,MCAR 50%,GALPI_V3,pm10,6.2204032472854145,10.670167025529853
full_grid,MCAR 50%,GALPI_V3,pm25,4.18885122788944,7.079486282095388
full_grid,MCAR 50%,GALPI_V3,so2,0.904117034257306,2.416100365532109
full_grid,MCAR 50%,GALPI_V3,co,0.08761857894632728,0.16858394656093426
full_grid,MCAR 50%,GALPI_V3,no2,5.8443981330424535,10.102538209897709
full_grid,MCAR 50%,GALPI_V3,o3,10.377735012082596,17.72250254708942
full_grid,MCAR 50%,GALPI_V3,pm10,6.235190180347196,10.697288054884442
full_grid,MCAR 50%,GALPI_V3,pm25,4.159400605872586,7.052536367670421
full_grid,MCAR 50%,GALPI_V3,so2,0.9017351151987782,2.325316004120595
full_grid,MCAR 50%,GALPI_V3,co,0.08884798511713213,0.17118826102171225
full_grid,MCAR 50%,GALPI_V3,no2,5.863833751404642,10.173381928175258
full_grid,MCAR 50%,GALPI_V3,o3,10.342836915100634,17.651736766791295
full_grid,MCAR 50%,GALPI_V3,pm10,6.227747502992123,10.699999077421802
full_grid,MCAR 50%,GALPI_V3,pm25,4.1656482552639345,6.967286450046672
full_grid,MCAR 50%,GALPI_V3,so2,0.8997941815827022,2.32879479164521
full_grid,MCAR 50%,GALPI_V3,co,0.08839513043407715,0.17031305088855667
full_grid,MCAR 50%,GALPI_V3,no2,5.884600594508962,10.202172783822153
full_grid,MCAR 50%,GALPI_V3,o3,10.417179897786093,17.77898705317014
full_grid,MCAR 50%,GALPI_V3,pm10,6.203809308940703,10.543679764138208
full_grid,MCAR 50%,GALPI_V3,pm25,4.15024766475499,6.938231433444148
full_grid,MCAR 50%,GALPI_V3,so2,0.9079483872880211,2.3351065868543968
full_grid,MCAR 50%,GALPI_V3,co,0.08828160398816941,0.17018721276606544
full_grid,MCAR 50%,GALPI_V3,no2,5.882520997144419,10.20052406807389
full_grid,MCAR 50%,GALPI_V3,o3,10.427195992651784,17.863604890004922
full_grid,MCAR 50%,GALPI_V3,pm10,6.225816558675593,10.61471461787196
full_grid,MCAR 50%,GALPI_V3,pm25,4.190695817311261,7.065760608735033
full_grid,MCAR 50%,GALPI_V3,so2,0.8997879455498742,2.308283652307494
full_grid,MCAR 50%,GALPI_V3,co,0.08866597070561438,0.17259135369800405
full_grid,MCAR 50%,GALPI_V3,no2,5.8639187893344795,10.208147478080988
full_grid,MCAR 50%,GALPI_V3,o3,10.494779651928322,18.0199865172209
full_grid,MCAR 50%,GALPI_V3,pm10,6.202192571358007,10.62922874408059
full_grid,MCAR 50%,GALPI_V3,pm25,4.184565339294105,7.104587936731891
full_grid,MCAR 50%,GALPI_V3,so2,0.9044911710276767,2.3923901801486385
full_grid,MCAR 50%,GALPI_V3,co,0.0886439749368341,0.17180594885505174
full_grid,MCAR 50%,GALPI_V3,no2,5.909854342393093,10.26707070528155
full_grid,MCAR 50%,GALPI_V3,o3,10.401954738040027,17.70398543044608
full_grid,MCAR 50%,GALPI_V3,pm10,6.22303440724497,10.6897332032453
full_grid,MCAR 50%,GALPI_V3,pm25,4.20507751113655,7.065955367112987
full_grid,MCAR 50%,GALPI_V3,so2,0.8955366411016294,2.192068012453462
full_grid,MCAR 50%,GALPI_V3,co,0.08774838662590399,0.16785591208312198
full_grid,MCAR 50%,GALPI_V3,no2,5.895792570804149,10.24346623443095
full_grid,MCAR 50%,GALPI_V3,o3,10.458480402404357,17.995436195477403
full_grid,MCAR 50%,GALPI_V3,pm10,6.193920266460035,10.67232260098972
full_grid,MCAR 50%,GALPI_V3,pm25,4.183248200664031,7.081334364205325
full_grid,MCAR 50%,GALPI_V3,so2,0.9024477046017804,2.27703114121577
full_grid,MCAR 50%,GALPI_V3,co,0.08867534763211939,0.1716148917576681
full_grid,MCAR 50%,GALPI_V3,no2,5.917376969247513,10.303722075028062
full_grid,MCAR 50%,GALPI_V3,o3,10.426554969221016,17.88944829774481
full_grid,MCAR 50%,GALPI_V3,pm10,6.2380467429206305,10.77816923260645
full_grid,MCAR 50%,GALPI_V3,pm25,4.158203670665128,6.952194584198734
full_grid,MCAR 50%,GALPI_V3,so2,0.9005095504473881,2.3325127537608066
full_grid,MCAR 50%,GALPI_V3,co,0.08808116637463397,0.16988427107364706
full_grid,MCAR 50%,GALPI_V3,no2,5.8486770344654,10.10417410305577
full_grid,MCAR 50%,GALPI_V3,o3,10.293540963110095,17.531781204468547
full_grid,MCAR 50%,GALPI_V3,pm10,6.177446868442296,10.48238943031135
full_grid,MCAR 50%,GALPI_V3,pm25,4.168294863239887,7.1100134831262265
full_grid,MCAR 50%,GALPI_V3,so2,0.9015372655021963,2.1346365434248207
full_grid,MCAR 50%,GALPI_V3,co,0.08845623613062353,0.17048695303076208
full_grid,MCAR 50%,GALPI_V3,no2,5.8746408421073415,10.16527849583581
full_grid,MCAR 50%,GALPI_V3,o3,10.46897678683689,17.965191360227998
full_grid,MCAR 50%,GALPI_V3,pm10,6.246539642130944,10.772829727232608
full_grid,MCAR 50%,GALPI_V3,pm25,4.173745923862326,7.064913899034058
full_grid,MCAR 50%,GALPI_V3,so2,0.9021896135842095,2.415068012864609
full_grid,MCAR 50%,GALPI_V3,co,0.08855767700205339,0.17016772157933127
full_grid,MCAR 50%,GALPI_V3,no2,5.849736336001831,10.125236713235942
full_grid,MCAR 50%,GALPI_V3,o3,10.394113567551083,17.78671926156227
full_grid,MCAR 50%,GALPI_V3,pm10,6.22516813381305,10.609696227307346
full_grid,MCAR 50%,GALPI_V3,pm25,4.154424710636198,6.9444109094332545
full_grid,MCAR 50%,GALPI_V3,so2,0.9072112625570128,2.3070933994486893
full_grid,MCAR 50%,GALPI_V3,co,0.08860414312113232,0.17055726782506525
full_grid,MCAR 50%,GALPI_V3,no2,5.892882849440796,10.159608129538922
full_grid,MCAR 50%,GALPI_V3,o3,10.434604213504384,17.847379326565164
full_grid,MCAR 50%,GALPI_V3,pm10,6.246447317829395,10.754384147087768
full_grid,MCAR 50%,GALPI_V3,pm25,4.189545626294895,7.063591977190605
full_grid,MCAR 50%,GALPI_V3,so2,0.9025964914739543,2.3173382987643993
full_grid,MCAR 50%,GALPI_V3,co,0.08867611434854941,0.17152354412904888
full_grid,MCAR 50%,GALPI_V3,no2,5.9014997959993725,10.255418709833831
full_grid,MCAR 50%,GALPI_V3,o3,10.404344546634695,17.803276234470765
full_grid,MCAR 50%,GALPI_V3,pm10,6.181493164577031,10.596906648619584
full_grid,MCAR 50%,GALPI_V3,pm25,4.141121886082153,6.862214557447283
full_grid,MCAR 50%,GALPI_V3,so2,0.897416235297676,2.3157374050372725
full_grid,MCAR 50%,GALPI_V3,co,0.0884243259526996,0.1705520411538477
full_grid,MCAR 50%,GALPI_V3,no2,5.870538967202035,10.16242309655692
full_grid,MCAR 50%,GALPI_V3,o3,10.383437023676587,17.81310004688223
full_grid,MCAR 50%,GALPI_V3,pm10,6.2225649904273075,10.559357938685345
full_grid,MCAR 50%,GALPI_V3,pm25,4.155007982112435,7.013818426144061
full_grid,MCAR 50%,GALPI_V3,so2,0.9099473667955879,2.3737480222677623
full_grid,MCAR 50%,GALPI_V3,co,0.08864137981686031,0.17088372727261364
full_grid,MCAR 50%,GALPI_V3,no2,5.87839601249703,10.187368128057008
full_grid,MCAR 50%,GALPI_V3,o3,10.427780309659948,17.813158780464935
full_grid,MCAR 50%,GALPI_V3,pm10,6.248908244913079,10.626842296509858
full_grid,MCAR 50%,GALPI_V3,pm25,4.180753662045866,7.051813761765424
full_grid,MCAR 50%,GALPI_V3,so2,0.8977929492195709,2.1380240118099447
full_grid,MCAR 50%,GALPI_V3,co,0.0882412155240681,0.169777267028252
full_grid,MCAR 50%,GALPI_V3,no2,5.858499384632319,10.103385639156913
full_grid,MCAR 50%,GALPI_V3,o3,10.370666361266748,17.709258540363273
full_grid,MCAR 50%,GALPI_V3,pm10,6.221002708969848,10.66085949381705
full_grid,MCAR 50%,GALPI_V3,pm25,4.165015345362982,7.047526387609666
full_grid,MCAR 50%,GALPI_V3,so2,0.902909611840209,2.3364999118817127
full_grid,MCAR 50%,GALPI_V3,co,0.08823671811621987,0.169538594964818
full_grid,MCAR 50%,GALPI_V3,no2,5.8471667920464,10.16799404774942
full_grid,MCAR 50%,GALPI_V3,o3,10.40378054553056,17.726284273223136
full_grid,MCAR 50%,GALPI_V3,pm10,6.229121269331487,10.736478599118977
full_grid,MCAR 50%,GALPI_V3,pm25,4.174907051050703,7.036734637421193
full_grid,MCAR 50%,GALPI_V3,so2,0.9104520163325811,2.4659557527529072
full_grid,MCAR 50%,GALPI_V3,co,0.0884668979202257,0.17195237436370997
full_grid,MCAR 50%,GALPI_V3,no2,5.889041441764653,10.210251032774147
full_grid,MCAR 50%,GALPI_V3,o3,10.389454345003589,17.78602622355858
full_grid,MCAR 50%,GALPI_V3,pm10,6.22687794065994,10.637846759639526
full_grid,MCAR 50%,GALPI_V3,pm25,4.170401327228287,7.078861056184111
full_grid,MCAR 50%,GALPI_V3,so2,0.9068751126087877,2.396975039959544
full_grid,MCAR 50%,GALPI_V3,co,0.08810348407086592,0.1695676205629817
full_grid,MCAR 50%,GALPI_V3,no2,5.864867504395,10.184072418807867
full_grid,MCAR 50%,GALPI_V3,o3,10.382740243373227,17.639205140491168
full_grid,MCAR 50%,GALPI_V3,pm10,6.2177359227678295,10.605111507185793
full_grid,MCAR 50%,GALPI_V3,pm25,4.167086337920575,6.979509111469092
full_grid,MCAR 50%,GALPI_V3,so2,0.903633433847698,2.1814281745124684
full_grid,MCAR 50%,GALPI_V4,co,0.09339817072204944,0.1770322369660012
full_grid,MCAR 50%,GALPI_V4,no2,6.589794963404836,11.562215898376786
full_grid,MCAR 50%,GALPI_V4,o3,13.11794942273844,22.93625670421103
full_grid,MCAR 50%,GALPI_V4,pm10,6.791094975426929,11.854694242213483
full_grid,MCAR 50%,GALPI_V4,pm25,4.612219560637153,7.875718371888774
full_grid,MCAR 50%,GALPI_V4,so2,0.9670307228775964,2.4120447485656102
full_grid,MCAR 50%,GALPI_V4,co,0.09342444584346626,0.1774378657030358
full_grid,MCAR 50%,GALPI_V4,no2,6.5672927654551785,11.523843130914868
full_grid,MCAR 50%,GALPI_V4,o3,13.109602170446772,22.910271478814117
full_grid,MCAR 50%,GALPI_V4,pm10,6.807252505111847,11.983286819576907
full_grid,MCAR 50%,GALPI_V4,pm25,4.6433341363722525,7.975996774088669
full_grid,MCAR 50%,GALPI_V4,so2,0.9672021380994421,2.3140500000634967
full_grid,MCAR 50%,GALPI_V4,co,0.09334984021450353,0.17645312929693094
full_grid,MCAR 50%,GALPI_V4,no2,6.545297827597407,11.446537984803548
full_grid,MCAR 50%,GALPI_V4,o3,13.103513849262741,22.923482248132345
full_grid,MCAR 50%,GALPI_V4,pm10,6.839528942181516,11.846806961707387
full_grid,MCAR 50%,GALPI_V4,pm25,4.6226955568564305,7.949525716775387
full_grid,MCAR 50%,GALPI_V4,so2,0.9686848699023194,2.2405952694396434
full_grid,MCAR 50%,GALPI_V4,co,0.09348252041730044,0.17605364332144535
full_grid,MCAR 50%,GALPI_V4,no2,6.526374197565733,11.453524432053563
full_grid,MCAR 50%,GALPI_V4,o3,13.072014566019101,22.871058582484558
full_grid,MCAR 50%,GALPI_V4,pm10,6.792797999623419,11.935775308317702
full_grid,MCAR 50%,GALPI_V4,pm25,4.603480655250839,7.773447052781338
full_grid,MCAR 50%,GALPI_V4,so2,0.9701921319853989,2.427813643700306
full_grid,MCAR 50%,GALPI_V4,co,0.09324425796038968,0.17527024211955655
full_grid,MCAR 50%,GALPI_V4,no2,6.517968293111937,11.42852757266329
full_grid,MCAR 50%,GALPI_V4,o3,13.050279663025632,22.814311417884472
full_grid,MCAR 50%,GALPI_V4,pm10,6.826586167634156,12.068335457863832
full_grid,MCAR 50%,GALPI_V4,pm25,4.623808159748652,7.928182511837634
full_grid,MCAR 50%,GALPI_V4,so2,0.9777998254902717,2.5606353127060455
full_grid,MCAR 50%,GALPI_V4,co,0.09345008694648597,0.17728156987815039
full_grid,MCAR 50%,GALPI_V4,no2,6.552238602372261,11.490047622454064
full_grid,MCAR 50%,GALPI_V4,o3,13.093784168536445,22.920792212993714
full_grid,MCAR 50%,GALPI_V4,pm10,6.7918445853014555,11.943120375884405
full_grid,MCAR 50%,GALPI_V4,pm25,4.60996741666506,7.954003296037831
full_grid,MCAR 50%,GALPI_V4,so2,0.969940952807895,2.499070967458252
full_grid,MCAR 50%,GALPI_V4,co,0.09349969604396802,0.1762454946941991
full_grid,MCAR 50%,GALPI_V4,no2,6.554424803635059,11.431217422552544
full_grid,MCAR 50%,GALPI_V4,o3,13.073601936493814,22.7897240500417
full_grid,MCAR 50%,GALPI_V4,pm10,6.854705770235065,12.046633607234712
full_grid,MCAR 50%,GALPI_V4,pm25,4.618965316158382,7.921021228707766
full_grid,MCAR 50%,GALPI_V4,so2,0.9668577066695336,2.3746581051399582
full_grid,MCAR 50%,GALPI_V4,co,0.09310808505766917,0.17563759770240955
full_grid,MCAR 50%,GALPI_V4,no2,6.511179099463095,11.374080771835182
full_grid,MCAR 50%,GALPI_V4,o3,13.073490462132593,22.83212065465636
full_grid,MCAR 50%,GALPI_V4,pm10,6.828008835375392,11.907383964090968
full_grid,MCAR 50%,GALPI_V4,pm25,4.605260508971383,7.914552731669385
full_grid,MCAR 50%,GALPI_V4,so2,0.972043511980403,2.4336653819762972
full_grid,MCAR 50%,GALPI_V4,co,0.09325564100110675,0.17593207917445056
full_grid,MCAR 50%,GALPI_V4,no2,6.566257681431157,11.529373942764158
full_grid,MCAR 50%,GALPI_V4,o3,12.961252380330725,22.652660365806202
full_grid,MCAR 50%,GALPI_V4,pm10,6.767438923022984,11.66694844765962
full_grid,MCAR 50%,GALPI_V4,pm25,4.582763587080915,7.885366302705558
full_grid,MCAR 50%,GALPI_V4,so2,0.9754354011201845,2.450234229991027
full_grid,MCAR 50%,GALPI_V4,co,0.0933368266601711,0.17670061970824757
full_grid,MCAR 50%,GALPI_V4,no2,6.5520177414245016,11.525314327582237
full_grid,MCAR 50%,GALPI_V4,o3,12.936993259818706,22.5991892445925
full_grid,MCAR 50%,GALPI_V4,pm10,6.745464948094624,11.615340590012506
full_grid,MCAR 50%,GALPI_V4,pm25,4.599689829655889,7.970308572821967
full_grid,MCAR 50%,GALPI_V4,so2,0.9702346360347646,2.224299339544131
full_grid,MCAR 50%,GALPI_V4,co,0.0931915914975803,0.17584498999274645
full_grid,MCAR 50%,GALPI_V4,no2,6.534633589267456,11.438520330555775
full_grid,MCAR 50%,GALPI_V4,o3,13.047655237136047,22.846712658727593
full_grid,MCAR 50%,GALPI_V4,pm10,6.806809417390296,11.825784360599837
full_grid,MCAR 50%,GALPI_V4,pm25,4.594760270488495,7.804451826549179
full_grid,MCAR 50%,GALPI_V4,so2,0.9766258455895811,2.3967205966400504
full_grid,MCAR 50%,GALPI_V4,co,0.09358216487602998,0.17784459339067557
full_grid,MCAR 50%,GALPI_V4,no2,6.600263992545338,11.552486835305983
full_grid,MCAR 50%,GALPI_V4,o3,13.106863854917526,22.91864818528298
full_grid,MCAR 50%,GALPI_V4,pm10,6.750182249402521,11.801020141456657
full_grid,MCAR 50%,GALPI_V4,pm25,4.584171064592359,7.751868995031818
full_grid,MCAR 50%,GALPI_V4,so2,0.9646762649320564,2.397028553213839
full_grid,MCAR 50%,GALPI_V4,co,0.09328131746519493,0.17692453662951615
full_grid,MCAR 50%,GALPI_V4,no2,6.562428388508373,11.51310091663749
full_grid,MCAR 50%,GALPI_V4,o3,13.03908870650862,22.80703304868933
full_grid,MCAR 50%,GALPI_V4,pm10,6.816670167513852,11.988895868608578
full_grid,MCAR 50%,GALPI_V4,pm25,4.616180461143237,7.946710301772919
full_grid,MCAR 50%,GALPI_V4,so2,0.9680328866935272,2.495247771232769
full_grid,MCAR 50%,GALPI_V4,co,0.09318216139628528,0.17667784624283492
full_grid,MCAR 50%,GALPI_V4,no2,6.554960559787291,11.495915751414417
full_grid,MCAR 50%,GALPI_V4,o3,13.153346320147831,23.033909238762345
full_grid,MCAR 50%,GALPI_V4,pm10,6.785400515142943,11.694498062967172
full_grid,MCAR 50%,GALPI_V4,pm25,4.632917793434271,7.95180649104309
full_grid,MCAR 50%,GALPI_V4,so2,0.9635543944464527,2.3833319074698434
full_grid,MCAR 50%,GALPI_V4,co,0.09273583893595395,0.17441277651281184
full_grid,MCAR 50%,GALPI_V4,no2,6.531604305010007,11.397038547067012
full_grid,MCAR 50%,GALPI_V4,o3,13.024983925905758,22.76918043717072
full_grid,MCAR 50%,GALPI_V4,pm10,6.819996591092893,11.919015353663687
full_grid,MCAR 50%,GALPI_V4,pm25,4.583330206691305,7.854822041486361
full_grid,MCAR 50%,GALPI_V4,so2,0.9652652049938064,2.4234994074068847
full_grid,MCAR 50%,GALPI_V4,co,0.09381576164012362,0.17910771223751298
full_grid,MCAR 50%,GALPI_V4,no2,6.55278061288513,11.523996839681097
full_grid,MCAR 50%,GALPI_V4,o3,13.08422873149943,22.82405157116658
full_grid,MCAR 50%,GALPI_V4,pm10,6.7651736163321745,11.755141545574263
full_grid,MCAR 50%,GALPI_V4,pm25,4.616447010648443,7.936242344668658
full_grid,MCAR 50%,GALPI_V4,so2,0.9673037848344775,2.468026615795783
full_grid,MCAR 50%,GALPI_V4,co,0.09345362908847796,0.17694735878625778
full_grid,MCAR 50%,GALPI_V4,no2,6.5539547421021425,11.49029913247134
full_grid,MCAR 50%,GALPI_V4,o3,13.07989181595623,22.845898415455896
full_grid,MCAR 50%,GALPI_V4,pm10,6.780648821689372,11.77249542043854
full_grid,MCAR 50%,GALPI_V4,pm25,4.594640679752344,7.844795987280649
full_grid,MCAR 50%,GALPI_V4,so2,0.9759198657694904,2.4172998198479547
full_grid,MCAR 50%,GALPI_V4,co,0.09283402080815126,0.17363906567907192
full_grid,MCAR 50%,GALPI_V4,no2,6.556437845603438,11.486762638523475
full_grid,MCAR 50%,GALPI_V4,o3,13.141717555970015,23.0871047815569
full_grid,MCAR 50%,GALPI_V4,pm10,6.776541744941118,11.916453618014696
full_grid,MCAR 50%,GALPI_V4,pm25,4.62414357202084,7.91693614567415
full_grid,MCAR 50%,GALPI_V4,so2,0.9666014892221442,2.3649038517209657
full_grid,MCAR 50%,GALPI_V4,co,0.09320026244827567,0.17542883730995576
full_grid,MCAR 50%,GALPI_V4,no2,6.533421131168008,11.44421222368604
full_grid,MCAR 50%,GALPI_V4,o3,13.059574505817329,22.773044495643372
full_grid,MCAR 50%,GALPI_V4,pm10,6.775631085696294,11.722839272453522
full_grid,MCAR 50%,GALPI_V4,pm25,4.599942545984597,7.787427883327956
full_grid,MCAR 50%,GALPI_V4,so2,0.9700559868430811,2.268569057940241
full_grid,MCAR 50%,GALPI_V4,co,0.09355130355829017,0.17799780001365226
full_grid,MCAR 50%,GALPI_V4,no2,6.586806809697495,11.532435998915208
full_grid,MCAR 50%,GALPI_V4,o3,13.038078121046821,22.814545848013484
full_grid,MCAR 50%,GALPI_V4,pm10,6.813912120130319,11.842164995812974
full_grid,MCAR 50%,GALPI_V4,pm25,4.6009160293618425,7.909688639703642
full_grid,MCAR 50%,GALPI_V4,so2,0.9789894872509435,2.4798626414119282
full_grid,MCAR 50%,GALPI_V5,co,0.08076788178433782,0.15982237551192643
full_grid,MCAR 50%,GALPI_V5,no2,5.243156791234601,9.157360266444345
full_grid,MCAR 50%,GALPI_V5,o3,8.896066141151897,15.261996839575938
full_grid,MCAR 50%,GALPI_V5,pm10,5.517753152791914,9.331286725176403
full_grid,MCAR 50%,GALPI_V5,pm25,3.783193850644383,6.304737836876635
full_grid,MCAR 50%,GALPI_V5,so2,0.8339907311458239,2.0843988829138054
full_grid,MCAR 50%,GALPI_V5,co,0.08136993576018774,0.16173767660289148
full_grid,MCAR 50%,GALPI_V5,no2,5.242547473360058,9.148578017416275
full_grid,MCAR 50%,GALPI_V5,o3,8.862146708731862,15.259943423330148
full_grid,MCAR 50%,GALPI_V5,pm10,5.539827266614824,9.516090517948033
full_grid,MCAR 50%,GALPI_V5,pm25,3.7772588664403663,6.2456053385286205
full_grid,MCAR 50%,GALPI_V5,so2,0.8314366400885838,2.225259777668248
full_grid,MCAR 50%,GALPI_V5,co,0.08078000242087478,0.16031205868797785
full_grid,MCAR 50%,GALPI_V5,no2,5.2257312458584515,9.097864174336108
full_grid,MCAR 50%,GALPI_V5,o3,8.820518749279715,15.159584556304244
full_grid,MCAR 50%,GALPI_V5,pm10,5.509772521262139,9.335742504118826
full_grid,MCAR 50%,GALPI_V5,pm25,3.795492118200053,6.398836363624414
full_grid,MCAR 50%,GALPI_V5,so2,0.8253133530075106,2.027474324775547
full_grid,MCAR 50%,GALPI_V5,co,0.08108791701763685,0.160775857325257
full_grid,MCAR 50%,GALPI_V5,no2,5.249686285513268,9.155567882368752
full_grid,MCAR 50%,GALPI_V5,o3,8.945225983751536,15.413742283230844
full_grid,MCAR 50%,GALPI_V5,pm10,5.516591861125351,9.323279928227088
full_grid,MCAR 50%,GALPI_V5,pm25,3.7832485711398864,6.302493950441517
full_grid,MCAR 50%,GALPI_V5,so2,0.8368226226560634,2.2295377104502405
full_grid,MCAR 50%,GALPI_V5,co,0.0809201101928521,0.16043269914932543
full_grid,MCAR 50%,GALPI_V5,no2,5.278282473262309,9.22018973242067
full_grid,MCAR 50%,GALPI_V5,o3,8.920807517884196,15.424995292066981
full_grid,MCAR 50%,GALPI_V5,pm10,5.5398070524691,9.436588490252554
full_grid,MCAR 50%,GALPI_V5,pm25,3.8180100721336903,6.398257705843127
full_grid,MCAR 50%,GALPI_V5,so2,0.829532341567649,2.217530868885047
full_grid,MCAR 50%,GALPI_V5,co,0.08121643225451144,0.162040084784182
full_grid,MCAR 50%,GALPI_V5,no2,5.255699396070662,9.174848090688267
full_grid,MCAR 50%,GALPI_V5,o3,8.915966888384567,15.462199444723872
full_grid,MCAR 50%,GALPI_V5,pm10,5.536412397046166,9.478044191554996
full_grid,MCAR 50%,GALPI_V5,pm25,3.803615459980396,6.457862760195298
full_grid,MCAR 50%,GALPI_V5,so2,0.8387308046005645,2.2650603845467807
full_grid,MCAR 50%,GALPI_V5,co,0.08114748957127275,0.16087424625229313
full_grid,MCAR 50%,GALPI_V5,no2,5.302152451730157,9.294730611596261
full_grid,MCAR 50%,GALPI_V5,o3,8.952692374251573,15.56220337944549
full_grid,MCAR 50%,GALPI_V5,pm10,5.531582515237416,9.532819782109637
full_grid,MCAR 50%,GALPI_V5,pm25,3.7799732438065483,6.290375952936088
full_grid,MCAR 50%,GALPI_V5,so2,0.8318032269459154,2.2325064077451393
full_grid,MCAR 50%,GALPI_V5,co,0.08139951193674001,0.16329326908126046
full_grid,MCAR 50%,GALPI_V5,no2,5.25336970921908,9.225657707203222
full_grid,MCAR 50%,GALPI_V5,o3,8.963816962248323,15.623107284689409
full_grid,MCAR 50%,GALPI_V5,pm10,5.5312672516864945,9.488231415866709
full_grid,MCAR 50%,GALPI_V5,pm25,3.8129898071073955,6.406668666535256
full_grid,MCAR 50%,GALPI_V5,so2,0.8396044465552347,2.33152552461092
full_grid,MCAR 50%,GALPI_V5,co,0.08127912517743706,0.16138680327886346
full_grid,MCAR 50%,GALPI_V5,no2,5.23523982890905,9.106559513087733
full_grid,MCAR 50%,GALPI_V5,o3,8.885169938447541,15.375398422845011
full_grid,MCAR 50%,GALPI_V5,pm10,5.532396027020873,9.373591577273144
full_grid,MCAR 50%,GALPI_V5,pm25,3.7940803930319213,6.34842712487218
full_grid,MCAR 50%,GALPI_V5,so2,0.836528379092569,2.260045723804663
full_grid,MCAR 50%,GALPI_V5,co,0.08118065116065283,0.16088406998596178
full_grid,MCAR 50%,GALPI_V5,no2,5.26059123390325,9.195770928222224
full_grid,MCAR 50%,GALPI_V5,o3,8.908166969801703,15.365144302094944
full_grid,MCAR 50%,GALPI_V5,pm10,5.559296695439317,9.478891505003132
full_grid,MCAR 50%,GALPI_V5,pm25,3.8072886828047943,6.35668479061492
full_grid,MCAR 50%,GALPI_V5,so2,0.8258456640758923,2.026594454570094
full_grid,MCAR 50%,GALPI_V5,co,0.08122157271067916,0.1613648069942278
full_grid,MCAR 50%,GALPI_V5,no2,5.238131752683492,9.102929057287469
full_grid,MCAR 50%,GALPI_V5,o3,8.984985966508141,15.585482836628605
full_grid,MCAR 50%,GALPI_V5,pm10,5.545296074909186,9.46028509005189
full_grid,MCAR 50%,GALPI_V5,pm25,3.803080884332337,6.390958534401545
full_grid,MCAR 50%,GALPI_V5,so2,0.8297273162707894,2.311439710549244
full_grid,MCAR 50%,GALPI_V5,co,0.08103762530479997,0.1612807792833562
full_grid,MCAR 50%,GALPI_V5,no2,5.287653309807047,9.27556127499368
full_grid,MCAR 50%,GALPI_V5,o3,8.90810039297446,15.336974781156952
full_grid,MCAR 50%,GALPI_V5,pm10,5.539897561391668,9.554646838524755
full_grid,MCAR 50%,GALPI_V5,pm25,3.8334726521743607,6.384017908126607
full_grid,MCAR 50%,GALPI_V5,so2,0.8279560228965179,2.1057378304655536
full_grid,MCAR 50%,GALPI_V5,co,0.08059455915034146,0.1588574808386115
full_grid,MCAR 50%,GALPI_V5,no2,5.290778936388905,9.263825123559
full_grid,MCAR 50%,GALPI_V5,o3,8.957733018029716,15.557614397623652
full_grid,MCAR 50%,GALPI_V5,pm10,5.5072376982641424,9.489797814285104
full_grid,MCAR 50%,GALPI_V5,pm25,3.8095051577051837,6.37508195215819
full_grid,MCAR 50%,GALPI_V5,so2,0.83276469560613,2.21216599927962
full_grid,MCAR 50%,GALPI_V5,co,0.08095190360553317,0.16008792724148466
full_grid,MCAR 50%,GALPI_V5,no2,5.23438031223615,9.097820495965985
full_grid,MCAR 50%,GALPI_V5,o3,8.920734089837527,15.422729569923787
full_grid,MCAR 50%,GALPI_V5,pm10,5.5432296441213635,9.467254918528578
full_grid,MCAR 50%,GALPI_V5,pm25,3.7844489609098075,6.29487380288137
full_grid,MCAR 50%,GALPI_V5,so2,0.833555956215695,2.206827612909331
full_grid,MCAR 50%,GALPI_V5,co,0.08090511225414768,0.16081661417209836
full_grid,MCAR 50%,GALPI_V5,no2,5.258493782819005,9.149981441103384
full_grid,MCAR 50%,GALPI_V5,o3,8.869622085614873,15.27495836528134
full_grid,MCAR 50%,GALPI_V5,pm10,5.528576587669537,9.464669657714362
full_grid,MCAR 50%,GALPI_V5,pm25,3.8199021774359423,6.417013430777304
full_grid,MCAR 50%,GALPI_V5,so2,0.8339136345857583,2.313606357095081
full_grid,MCAR 50%,GALPI_V5,co,0.08123075101489359,0.1607593075455209
full_grid,MCAR 50%,GALPI_V5,no2,5.277460211958436,9.22709392670337
full_grid,MCAR 50%,GALPI_V5,o3,8.89080624378132,15.385763132328307
full_grid,MCAR 50%,GALPI_V5,pm10,5.510969222621845,9.493221164770018
full_grid,MCAR 50%,GALPI_V5,pm25,3.775659455306617,6.215964353437435
full_grid,MCAR 50%,GALPI_V5,so2,0.8302092608064395,2.239436544493741
full_grid,MCAR 50%,GALPI_V5,co,0.08111636739967597,0.1609362579772676
full_grid,MCAR 50%,GALPI_V5,no2,5.2506710116413675,9.13511305727801
full_grid,MCAR 50%,GALPI_V5,o3,8.898424174132847,15.338204242725483
full_grid,MCAR 50%,GALPI_V5,pm10,5.535835247873701,9.511726025189793
full_grid,MCAR 50%,GALPI_V5,pm25,3.804134495282095,6.414931242977861
full_grid,MCAR 50%,GALPI_V5,so2,0.8336117302362896,2.235075680756617
full_grid,MCAR 50%,GALPI_V5,co,0.08112397211937857,0.16095196995033897
full_grid,MCAR 50%,GALPI_V5,no2,5.2596452229211055,9.115711819028288
full_grid,MCAR 50%,GALPI_V5,o3,8.962850631684342,15.515540673291413
full_grid,MCAR 50%,GALPI_V5,pm10,5.563436137505545,9.524045976417428
full_grid,MCAR 50%,GALPI_V5,pm25,3.8108155557676726,6.365946574922759
full_grid,MCAR 50%,GALPI_V5,so2,0.8300388755563339,2.18093235249999
full_grid,MCAR 50%,GALPI_V5,co,0.0803046174071619,0.15914896815093577
full_grid,MCAR 50%,GALPI_V5,no2,5.2555971008508875,9.166868146252131
full_grid,MCAR 50%,GALPI_V5,o3,8.902490892121605,15.346354636669314
full_grid,MCAR 50%,GALPI_V5,pm10,5.521075217664064,9.46575014839949
full_grid,MCAR 50%,GALPI_V5,pm25,3.8060512966121802,6.416333709047762
full_grid,MCAR 50%,GALPI_V5,so2,0.8310023827505354,2.207638549297662
full_grid,MCAR 50%,GALPI_V5,co,0.08095564963133178,0.16019784567604028
full_grid,MCAR 50%,GALPI_V5,no2,5.214603154368514,9.117392488288482
full_grid,MCAR 50%,GALPI_V5,o3,8.908739314010088,15.33125798116792
full_grid,MCAR 50%,GALPI_V5,pm10,5.545487500814995,9.546559968282136
full_grid,MCAR 50%,GALPI_V5,pm25,3.7901436815332605,6.3503561606560215
full_grid,MCAR 50%,GALPI_V5,so2,0.8361806890217409,2.3556325587910636
full_grid,MCAR 50%,GALPI_V6,co,0.09124331774171672,0.17322460662320152
full_grid,MCAR 50%,GALPI_V6,no2,6.265667866131553,10.899316432779717
full_grid,MCAR 50%,GALPI_V6,o3,11.973047541297895,20.851615769397853
full_grid,MCAR 50%,GALPI_V6,pm10,6.588874659905515,11.427616707741366
full_grid,MCAR 50%,GALPI_V6,pm25,4.416478505805905,7.544505940225805
full_grid,MCAR 50%,GALPI_V6,so2,0.9471847797758706,2.3955370334529973
full_grid,MCAR 50%,GALPI_V6,co,0.09101450587430068,0.17225121314475908
full_grid,MCAR 50%,GALPI_V6,no2,6.27021720853185,10.891250654109088
full_grid,MCAR 50%,GALPI_V6,o3,11.946974904267732,20.799332473466585
full_grid,MCAR 50%,GALPI_V6,pm10,6.5566069803994855,11.338789938320888
full_grid,MCAR 50%,GALPI_V6,pm25,4.394858409811347,7.500348351260484
full_grid,MCAR 50%,GALPI_V6,so2,0.9402040439646189,2.3777643650110467
full_grid,MCAR 50%,GALPI_V6,co,0.09171596860689904,0.17531484539444364
full_grid,MCAR 50%,GALPI_V6,no2,6.322479277777652,11.075338580979503
full_grid,MCAR 50%,GALPI_V6,o3,12.024669537157882,20.906773850985836
full_grid,MCAR 50%,GALPI_V6,pm10,6.571174619503397,11.449095247946465
full_grid,MCAR 50%,GALPI_V6,pm25,4.469003543698856,7.604462499025273
full_grid,MCAR 50%,GALPI_V6,so2,0.9431410574174868,2.27724833007515
full_grid,MCAR 50%,GALPI_V6,co,0.0916968532744859,0.17397353078020666
full_grid,MCAR 50%,GALPI_V6,no2,6.270209226161285,10.974422281275107
full_grid,MCAR 50%,GALPI_V6,o3,11.95403787608906,20.802771372310502
full_grid,MCAR 50%,GALPI_V6,pm10,6.560992252711404,11.380966237352576
full_grid,MCAR 50%,GALPI_V6,pm25,4.417906179437613,7.435148558426179
full_grid,MCAR 50%,GALPI_V6,so2,0.9461280816080887,2.39271293245209
full_grid,MCAR 50%,GALPI_V6,co,0.09157666378443374,0.17438627919533436
full_grid,MCAR 50%,GALPI_V6,no2,6.287363586791373,10.970016485989818
full_grid,MCAR 50%,GALPI_V6,o3,12.01104694167453,20.905517779076774
full_grid,MCAR 50%,GALPI_V6,pm10,6.5673115253706,11.433658760463413
full_grid,MCAR 50%,GALPI_V6,pm25,4.424571484248075,7.5723348480519
full_grid,MCAR 50%,GALPI_V6,so2,0.9431015217255407,2.4634094917813534
full_grid,MCAR 50%,GALPI_V6,co,0.09199624607999925,0.17682920244191683
full_grid,MCAR 50%,GALPI_V6,no2,6.285562742447556,11.011399392875285
full_grid,MCAR 50%,GALPI_V6,o3,12.03379145186237,20.956334052305913
full_grid,MCAR 50%,GALPI_V6,pm10,6.535463994934229,11.274537001310488
full_grid,MCAR 50%,GALPI_V6,pm25,4.434923922329079,7.602601408711886
full_grid,MCAR 50%,GALPI_V6,so2,0.9451372888742146,2.441921244622635
full_grid,MCAR 50%,GALPI_V6,co,0.09170248547824802,0.17369720559484603
full_grid,MCAR 50%,GALPI_V6,no2,6.285695471961704,10.917213351168437
full_grid,MCAR 50%,GALPI_V6,o3,11.996112671080146,20.888056790723258
full_grid,MCAR 50%,GALPI_V6,pm10,6.609241956405806,11.502482906240225
full_grid,MCAR 50%,GALPI_V6,pm25,4.436894169298249,7.563049872985534
full_grid,MCAR 50%,GALPI_V6,so2,0.942509135265595,2.3477956485809073
full_grid,MCAR 50%,GALPI_V6,co,0.09145488020674897,0.17295074366440433
full_grid,MCAR 50%,GALPI_V6,no2,6.244931355333365,10.918826601664193
full_grid,MCAR 50%,GALPI_V6,o3,11.977769949266836,20.836297691358652
full_grid,MCAR 50%,GALPI_V6,pm10,6.568754393475671,11.46033404950556
full_grid,MCAR 50%,GALPI_V6,pm25,4.43321748983669,7.542741502200739
full_grid,MCAR 50%,GALPI_V6,so2,0.9514049661410157,2.5260467521982943
full_grid,MCAR 50%,GALPI_V6,co,0.09156902422367634,0.17395451777158483
full_grid,MCAR 50%,GALPI_V6,no2,6.300107897361966,11.01454769842678
full_grid,MCAR 50%,GALPI_V6,o3,11.872899537331966,20.658039122727388
full_grid,MCAR 50%,GALPI_V6,pm10,6.545750981759093,11.182829672255178
full_grid,MCAR 50%,GALPI_V6,pm25,4.405773642125816,7.514125813831994
full_grid,MCAR 50%,GALPI_V6,so2,0.9501158049292323,2.415154884929396
full_grid,MCAR 50%,GALPI_V6,co,0.0915777975970353,0.17433209246080875
full_grid,MCAR 50%,GALPI_V6,no2,6.294732959895577,10.973527288693884
full_grid,MCAR 50%,GALPI_V6,o3,11.923052407836636,20.71269576917586
full_grid,MCAR 50%,GALPI_V6,pm10,6.577299599887956,11.422107420093221
full_grid,MCAR 50%,GALPI_V6,pm25,4.4379672187772,7.58846323193245
full_grid,MCAR 50%,GALPI_V6,so2,0.9452815293895257,2.4657627879155632
full_grid,MCAR 50%,GALPI_V6,co,0.0914895195720137,0.17470236861322683
full_grid,MCAR 50%,GALPI_V6,no2,6.330802069412246,11.085819639925793
full_grid,MCAR 50%,GALPI_V6,o3,11.980833465484402,20.906392303676085
full_grid,MCAR 50%,GALPI_V6,pm10,6.554001347396802,11.404509597443749
full_grid,MCAR 50%,GALPI_V6,pm25,4.424546825667652,7.482958407366494
full_grid,MCAR 50%,GALPI_V6,so2,0.9429282615998676,2.3820872143722616
full_grid,MCAR 50%,GALPI_V6,co,0.09155957476421392,0.17428899068307396
full_grid,MCAR 50%,GALPI_V6,no2,6.295064411345712,10.996259145706135
full_grid,MCAR 50%,GALPI_V6,o3,12.044831339709845,20.979348420547137
full_grid,MCAR 50%,GALPI_V6,pm10,6.53877764395981,11.200172571877557
full_grid,MCAR 50%,GALPI_V6,pm25,4.404533517666119,7.473043265587367
full_grid,MCAR 50%,GALPI_V6,so2,0.9519369966834165,2.3882774062365257
full_grid,MCAR 50%,GALPI_V6,co,0.09150549764544846,0.1737210199295616
full_grid,MCAR 50%,GALPI_V6,no2,6.252360154233612,10.915258085034381
full_grid,MCAR 50%,GALPI_V6,o3,11.979222015435454,20.88948811611599
full_grid,MCAR 50%,GALPI_V6,pm10,6.556939109095977,11.257771146824364
full_grid,MCAR 50%,GALPI_V6,pm25,4.4026819351714686,7.436610582990493
full_grid,MCAR 50%,GALPI_V6,so2,0.9532542773486252,2.3640237351816387
full_grid,MCAR 50%,GALPI_V6,co,0.09100579294029729,0.17126928400158772
full_grid,MCAR 50%,GALPI_V6,no2,6.301618854486262,11.005171360659988
full_grid,MCAR 50%,GALPI_V6,o3,12.045573996424245,21.096519096539588
full_grid,MCAR 50%,GALPI_V6,pm10,6.523532221030035,11.388665835349078
full_grid,MCAR 50%,GALPI_V6,pm25,4.434383400401479,7.543219664835042
full_grid,MCAR 50%,GALPI_V6,so2,0.9435325980381516,2.3367258017951187
full_grid,MCAR 50%,GALPI_V6,co,0.0917710674842721,0.1747990366510651
full_grid,MCAR 50%,GALPI_V6,no2,6.267022096460953,10.937892073942058
full_grid,MCAR 50%,GALPI_V6,o3,11.996081808101478,20.905726514106544
full_grid,MCAR 50%,GALPI_V6,pm10,6.593743745092584,11.298841395940485
full_grid,MCAR 50%,GALPI_V6,pm25,4.433828959478674,7.554202410301568
full_grid,MCAR 50%,GALPI_V6,so2,0.9431966438155179,2.1973678988613754
full_grid,MCAR 50%,GALPI_V6,co,0.0915168809150705,0.17431327089622087
full_grid,MCAR 50%,GALPI_V6,no2,6.272465159728703,10.972867829792948
full_grid,MCAR 50%,GALPI_V6,o3,11.830350636859182,20.56621834771254
full_grid,MCAR 50%,GALPI_V6,pm10,6.52083166939911,11.136057225946958
full_grid,MCAR 50%,GALPI_V6,pm25,4.411207569421761,7.588932102910032
full_grid,MCAR 50%,GALPI_V6,so2,0.9442143985761922,2.190340138460085
full_grid,MCAR 50%,GALPI_V6,co,0.09148437698518418,0.17432110224164693
full_grid,MCAR 50%,GALPI_V6,no2,6.29203842938421,10.988925461144204
full_grid,MCAR 50%,GALPI_V6,o3,12.06698430597966,21.073782185112393
full_grid,MCAR 50%,GALPI_V6,pm10,6.559109468669015,11.244710535760277
full_grid,MCAR 50%,GALPI_V6,pm25,4.444117822551601,7.564172664838268
full_grid,MCAR 50%,GALPI_V6,so2,0.9409287477801853,2.351532024084002
full_grid,MCAR 50%,GALPI_V6,co,0.09165785087061548,0.17554126462292488
full_grid,MCAR 50%,GALPI_V6,no2,6.31120258382919,11.016453384690957
full_grid,MCAR 50%,GALPI_V6,o3,11.96249175491343,20.888775999388763
full_grid,MCAR 50%,GALPI_V6,pm10,6.5747459412319875,11.36494168074847
full_grid,MCAR 50%,GALPI_V6,pm25,4.4185011563998104,7.534994803280375
full_grid,MCAR 50%,GALPI_V6,so2,0.9538678536328579,2.4360980967805457
full_grid,MCAR 50%,GALPI_V6,co,0.09146026252368893,0.1734674934365147
full_grid,MCAR 50%,GALPI_V6,no2,6.275114498943331,10.958959690571852
full_grid,MCAR 50%,GALPI_V6,o3,11.980898229611245,20.800754741769257
full_grid,MCAR 50%,GALPI_V6,pm10,6.552447417073221,11.228220660276296
full_grid,MCAR 50%,GALPI_V6,pm25,4.414060514701782,7.446094549175911
full_grid,MCAR 50%,GALPI_V6,so2,0.9459639692676971,2.2329252369769
full_grid,MCAR 50%,GALPI_V6,co,0.09189101712380905,0.17536218322574182
full_grid,MCAR 50%,GALPI_V6,no2,6.3169922014195485,11.011341669147319
full_grid,MCAR 50%,GALPI_V6,o3,11.994263962793237,20.875349134730733
full_grid,MCAR 50%,GALPI_V6,pm10,6.517029358651377,11.274582380026667
full_grid,MCAR 50%,GALPI_V6,pm25,4.390381435553874,7.358183914663928
full_grid,MCAR 50%,GALPI_V6,so2,0.9398519991837859,2.365640510669089
full_grid,MCAR 50%,galpi,co,0.08890979927780343,0.17090538361382623
full_grid,MCAR 50%,galpi,no2,5.884692723692566,10.175313164034858
full_grid,MCAR 50%,galpi,o3,10.438547968491173,17.844858805118815
full_grid,MCAR 50%,galpi,pm10,6.233784880316651,10.574921587716569
full_grid,MCAR 50%,galpi,pm25,4.164668906314466,7.028447330463332
full_grid,MCAR 50%,galpi,so2,0.9181484015800504,2.3782097145031655
full_grid,MCAR 50%,galpi,co,0.08909642130947297,0.17088388778598806
full_grid,MCAR 50%,galpi,no2,5.9056077944997325,10.172180254275194
full_grid,MCAR 50%,galpi,o3,10.484175146431419,17.884422464922494
full_grid,MCAR 50%,galpi,pm10,6.253887260122012,10.762893372836375
full_grid,MCAR 50%,galpi,pm25,4.198645500881984,7.075963627018514
full_grid,MCAR 50%,galpi,so2,0.9122270630409287,2.325681266323204
full_grid,MCAR 50%,galpi,co,0.08860377326554641,0.16993166065012186
full_grid,MCAR 50%,galpi,no2,5.878658306755503,10.19629709516341
full_grid,MCAR 50%,galpi,o3,10.430304288522699,17.675529389772905
full_grid,MCAR 50%,galpi,pm10,6.226654972970127,10.62049327938684
full_grid,MCAR 50%,galpi,pm25,4.175755948136107,6.990343044363072
full_grid,MCAR 50%,galpi,so2,0.9134687993026963,2.19705420772093
full_grid,MCAR 50%,galpi,co,0.08873190481850377,0.17010014836736376
full_grid,MCAR 50%,galpi,no2,5.870976452781665,10.115545573039713
full_grid,MCAR 50%,galpi,o3,10.417578951419586,17.738293980948484
full_grid,MCAR 50%,galpi,pm10,6.232290465949573,10.679587059765202
full_grid,MCAR 50%,galpi,pm25,4.173301844044038,7.06013995112471
full_grid,MCAR 50%,galpi,so2,0.9114031366056106,2.3417274616740618
full_grid,MCAR 50%,galpi,co,0.08899109580210222,0.17241209179900152
full_grid,MCAR 50%,galpi,no2,5.902418801223423,10.222903433685593
full_grid,MCAR 50%,galpi,o3,10.434814806344498,17.816350211109217
full_grid,MCAR 50%,galpi,pm10,6.23865172834298,10.65198589056638
full_grid,MCAR 50%,galpi,pm25,4.178383731554545,7.0893480264683735
full_grid,MCAR 50%,galpi,so2,0.9171247532421514,2.4074433741840067
full_grid,MCAR 50%,galpi,co,0.08887880106972505,0.1707628844951668
full_grid,MCAR 50%,galpi,no2,5.88948050855157,10.18050964656473
full_grid,MCAR 50%,galpi,o3,10.518562463171426,18.004254564726622
full_grid,MCAR 50%,galpi,pm10,6.257754746977447,10.789538765853509
full_grid,MCAR 50%,galpi,pm25,4.182123996405695,7.0743043000962675
full_grid,MCAR 50%,galpi,so2,0.9107009793749461,2.4201363008911976
full_grid,MCAR 50%,galpi,co,0.08916058795168742,0.17293085390043536
full_grid,MCAR 50%,galpi,no2,5.8784047157861625,10.224323835649994
full_grid,MCAR 50%,galpi,o3,10.545139241588029,18.057207428547134
full_grid,MCAR 50%,galpi,pm10,6.213146535375717,10.647643810725263
full_grid,MCAR 50%,galpi,pm25,4.193294140686826,7.117334037097659
full_grid,MCAR 50%,galpi,so2,0.9128933006199066,2.3972709580759113
full_grid,MCAR 50%,galpi,co,0.08911830179493602,0.17122677512838513
full_grid,MCAR 50%,galpi,no2,5.892733538417596,10.201505195473096
full_grid,MCAR 50%,galpi,o3,10.479302678077662,17.84463919064416
full_grid,MCAR 50%,galpi,pm10,6.260152638878521,10.642792905342205
full_grid,MCAR 50%,galpi,pm25,4.189039853561414,7.062409047181035
full_grid,MCAR 50%,galpi,so2,0.9074031939066104,2.147945744063236
full_grid,MCAR 50%,galpi,co,0.0893034230018379,0.17148274753353954
full_grid,MCAR 50%,galpi,no2,5.8767367075139925,10.186573732556823
full_grid,MCAR 50%,galpi,o3,10.38794230248681,17.68194338055816
full_grid,MCAR 50%,galpi,pm10,6.2381257721786,10.716713151231726
full_grid,MCAR 50%,galpi,pm25,4.17448479373252,6.9788956328031135
full_grid,MCAR 50%,galpi,so2,0.9088650766517383,2.335287603882404
full_grid,MCAR 50%,galpi,co,0.08917694676870654,0.17190792949987788
full_grid,MCAR 50%,galpi,no2,5.917799289066284,10.290728067609965
full_grid,MCAR 50%,galpi,o3,10.457871898199063,17.851324145309764
full_grid,MCAR 50%,galpi,pm10,6.191235317080736,10.611055135731533
full_grid,MCAR 50%,galpi,pm25,4.1489126798967035,6.872774348561467
full_grid,MCAR 50%,galpi,so2,0.9068245728813874,2.3230277804098804
full_grid,MCAR 50%,galpi,co,0.08921804043153196,0.1720643897145381
full_grid,MCAR 50%,galpi,no2,5.93155718228388,10.317051166171279
full_grid,MCAR 50%,galpi,o3,10.480572313285183,17.93386901865489
full_grid,MCAR 50%,galpi,pm10,6.246060566465445,10.790109205108985
full_grid,MCAR 50%,galpi,pm25,4.166169287364466,6.960802732779368
full_grid,MCAR 50%,galpi,so2,0.9093038327245664,2.3389254306507476
full_grid,MCAR 50%,galpi,co,0.08890881175416625,0.17069188165814358
full_grid,MCAR 50%,galpi,no2,5.897518861145365,10.216239671641791
full_grid,MCAR 50%,galpi,o3,10.468467361349594,17.81851449877328
full_grid,MCAR 50%,galpi,pm10,6.214105747711435,10.55794930601682
full_grid,MCAR 50%,galpi,pm25,4.1603059003354215,6.949722122195675
full_grid,MCAR 50%,galpi,so2,0.9163181172063363,2.3406874045046373
full_grid,MCAR 50%,galpi,co,0.08811920975460891,0.16898734886190656
full_grid,MCAR 50%,galpi,no2,5.8583737184685365,10.118503961692086
full_grid,MCAR 50%,galpi,o3,10.423491681760341,17.756795262339043
full_grid,MCAR 50%,galpi,pm10,6.246197296680848,10.71439294862056
full_grid,MCAR 50%,galpi,pm25,4.167922249126849,7.062080472456881
full_grid,MCAR 50%,galpi,so2,0.909999756218193,2.331129882129173
full_grid,MCAR 50%,galpi,co,0.08868555350989746,0.1698508023960576
full_grid,MCAR 50%,galpi,no2,5.8610107567504075,10.180848888986606
full_grid,MCAR 50%,galpi,o3,10.452883813160307,17.761468676884288
full_grid,MCAR 50%,galpi,pm10,6.2408257514473755,10.751939217033692
full_grid,MCAR 50%,galpi,pm25,4.182787614739677,7.0456323840139286
full_grid,MCAR 50%,galpi,so2,0.9202119082939844,2.4768687587027385
full_grid,MCAR 50%,galpi,co,0.0887340181953611,0.17093617340158193
full_grid,MCAR 50%,galpi,no2,5.898025261762699,10.17622277282648
full_grid,MCAR 50%,galpi,o3,10.416367173614109,17.721804507091754
full_grid,MCAR 50%,galpi,pm10,6.232101945848523,10.688178918709932
full_grid,MCAR 50%,galpi,pm25,4.198095360256045,7.095567591524634
full_grid,MCAR 50%,galpi,so2,0.9128911240052412,2.4225250278555994
full_grid,MCAR 50%,galpi,co,0.08853058214712856,0.1701905462591918
full_grid,MCAR 50%,galpi,no2,5.863000962616001,10.119095461547339
full_grid,MCAR 50%,galpi,o3,10.34552672313115,17.5632791381423
full_grid,MCAR 50%,galpi,pm10,6.186825234114745,10.495267310143227
full_grid,MCAR 50%,galpi,pm25,4.180177259024193,7.1562740115959995
full_grid,MCAR 50%,galpi,so2,0.9104998401125137,2.1453787571983916
full_grid,MCAR 50%,galpi,co,0.08825369238037041,0.16821757125983908
full_grid,MCAR 50%,galpi,no2,5.908469944828828,10.255537085324525
full_grid,MCAR 50%,galpi,o3,10.505183128596238,18.021817628997002
full_grid,MCAR 50%,galpi,pm10,6.205131348332524,10.692896586907167
full_grid,MCAR 50%,galpi,pm25,4.1909062951830816,7.091162036207798
full_grid,MCAR 50%,galpi,so2,0.9111644142391466,2.283545767051636
full_grid,MCAR 50%,galpi,co,0.08873453489365876,0.17045767937115294
full_grid,MCAR 50%,galpi,no2,5.8982130031618984,10.215975862752442
full_grid,MCAR 50%,galpi,o3,10.477968495059796,17.90503616915919
full_grid,MCAR 50%,galpi,pm10,6.237451956586942,10.631625646269857
full_grid,MCAR 50%,galpi,pm25,4.1982453704821205,7.074470278143076
full_grid,MCAR 50%,galpi,so2,0.9090129032750038,2.3157778084685043
full_grid,MCAR 50%,galpi,co,0.0891488643269845,0.17219766469320044
full_grid,MCAR 50%,galpi,no2,5.926328814870128,10.305983315361239
full_grid,MCAR 50%,galpi,o3,10.45219314596875,17.740498587829858
full_grid,MCAR 50%,galpi,pm10,6.233835569517123,10.7072256875728
full_grid,MCAR 50%,galpi,pm25,4.214183071462612,7.074837177570713
full_grid,MCAR 50%,galpi,so2,0.9044609014932486,2.1994225391063393
full_grid,MCAR 50%,galpi,co,0.08910779072387201,0.17057386142785677
full_grid,MCAR 50%,galpi,no2,5.863649172444293,10.137972933370442
full_grid,MCAR 50%,galpi,o3,10.442396417337577,17.819003454804793
full_grid,MCAR 50%,galpi,pm10,6.23604390472132,10.627945276882727
full_grid,MCAR 50%,galpi,pm25,4.160707036760457,6.951184255304404
full_grid,MCAR 50%,galpi,so2,0.9167520562986202,2.3172715330397193
full_grid,MCAR 50%,linear_interpolation,co,0.07837748820116928,0.15705764314161547
full_grid,MCAR 50%,linear_interpolation,no2,4.997262820855192,8.577014605647296
full_grid,MCAR 50%,linear_interpolation,o3,8.044761909082595,12.734620475659408
full_grid,MCAR 50%,linear_interpolation,pm10,5.307697985383152,8.827844236728062
full_grid,MCAR 50%,linear_interpolation,pm25,3.638245809888317,5.96367321147163
full_grid,MCAR 50%,linear_interpolation,so2,0.8088712950777687,2.055972810679689
full_grid,MCAR 50%,linear_interpolation,co,0.07857529508949161,0.15751904846480652
full_grid,MCAR 50%,linear_interpolation,no2,4.990358139483278,8.541456876098515
full_grid,MCAR 50%,linear_interpolation,o3,8.018318457247089,12.687954638226815
full_grid,MCAR 50%,linear_interpolation,pm10,5.305193499556585,8.843551597327771
full_grid,MCAR 50%,linear_interpolation,pm25,3.6406784344419982,5.97314265874227
full_grid,MCAR 50%,linear_interpolation,so2,0.8041688854825885,2.1716345738248406
full_grid,MCAR 50%,linear_interpolation,co,0.07841290801197666,0.15700513338361052
full_grid,MCAR 50%,linear_interpolation,no2,4.978930231488783,8.535864901875863
full_grid,MCAR 50%,linear_interpolation,o3,7.923140899024995,12.527040051855366
full_grid,MCAR 50%,linear_interpolation,pm10,5.290707952320002,8.767336755476176
full_grid,MCAR 50%,linear_interpolation,pm25,3.627727578059421,6.01587518988347
full_grid,MCAR 50%,linear_interpolation,so2,0.7983388141286014,1.988489153532434
full_grid,MCAR 50%,linear_interpolation,co,0.07880320416022012,0.158066750590471
full_grid,MCAR 50%,linear_interpolation,no2,4.9992672203264235,8.542241330134694
full_grid,MCAR 50%,linear_interpolation,o3,7.997711383049105,12.719244300356404
full_grid,MCAR 50%,linear_interpolation,pm10,5.288252285376506,8.847463821713943
full_grid,MCAR 50%,linear_interpolation,pm25,3.6504731103170105,5.96908180523971
full_grid,MCAR 50%,linear_interpolation,so2,0.8023710327959404,2.2651936621468596
full_grid,MCAR 50%,linear_interpolation,co,0.07860698016093404,0.15682248712415206
full_grid,MCAR 50%,linear_interpolation,no2,4.9750993548968605,8.512316758339537
full_grid,MCAR 50%,linear_interpolation,o3,8.002218480243943,12.67604609644535
full_grid,MCAR 50%,linear_interpolation,pm10,5.3180479835839725,8.926602229596652
full_grid,MCAR 50%,linear_interpolation,pm25,3.641301951643422,5.981502826956752
full_grid,MCAR 50%,linear_interpolation,so2,0.8100210640494597,2.322315111471611
full_grid,MCAR 50%,linear_interpolation,co,0.07888258935985161,0.15758857973716023
full_grid,MCAR 50%,linear_interpolation,no2,5.009053138829738,8.57994145613229
full_grid,MCAR 50%,linear_interpolation,o3,8.021993276986851,12.696777698934797
full_grid,MCAR 50%,linear_interpolation,pm10,5.330663800982885,8.922647656819164
full_grid,MCAR 50%,linear_interpolation,pm25,3.652194800922391,6.0024435510317025
full_grid,MCAR 50%,linear_interpolation,so2,0.7974877036407256,1.9821958414342944
full_grid,MCAR 50%,linear_interpolation,co,0.0789352795897854,0.15812228568934028
full_grid,MCAR 50%,linear_interpolation,no2,4.981541671581485,8.523561535910932
full_grid,MCAR 50%,linear_interpolation,o3,7.98475604242473,12.662712092080113
full_grid,MCAR 50%,linear_interpolation,pm10,5.306037690158489,8.844213052706575
full_grid,MCAR 50%,linear_interpolation,pm25,3.638648578023404,5.957028349462348
full_grid,MCAR 50%,linear_interpolation,so2,0.8057554006522482,2.210412133162577
full_grid,MCAR 50%,linear_interpolation,co,0.07892086651518258,0.15867401814713708
full_grid,MCAR 50%,linear_interpolation,no2,5.0090006014315955,8.560688118867636
full_grid,MCAR 50%,linear_interpolation,o3,8.02346656294154,12.819692682944403
full_grid,MCAR 50%,linear_interpolation,pm10,5.3022726386351655,8.900357489410434
full_grid,MCAR 50%,linear_interpolation,pm25,3.631605318234851,5.948166027438013
full_grid,MCAR 50%,linear_interpolation,so2,0.8091665223764152,2.221649004533999
full_grid,MCAR 50%,linear_interpolation,co,0.0786240811906489,0.15728441402510546
full_grid,MCAR 50%,linear_interpolation,no2,4.9984363883011556,8.53365108330426
full_grid,MCAR 50%,linear_interpolation,o3,8.005031330632544,12.685573386258305
full_grid,MCAR 50%,linear_interpolation,pm10,5.310441543440994,9.043119550899423
full_grid,MCAR 50%,linear_interpolation,pm25,3.666940861813108,5.9759597106910265
full_grid,MCAR 50%,linear_interpolation,so2,0.8029021160673498,2.0896155437853605
full_grid,MCAR 50%,linear_interpolation,co,0.07890496710942942,0.15762376760377408
full_grid,MCAR 50%,linear_interpolation,no2,5.024770608772518,8.628220428323475
full_grid,MCAR 50%,linear_interpolation,o3,8.058248106078109,12.830404437452465
full_grid,MCAR 50%,linear_interpolation,pm10,5.30313967620739,8.938508267521962
full_grid,MCAR 50%,linear_interpolation,pm25,3.627462478524011,5.946646622145363
full_grid,MCAR 50%,linear_interpolation,so2,0.8036564066518934,2.184515991030483
full_grid,MCAR 50%,linear_interpolation,co,0.07852022168505393,0.15666223224287906
full_grid,MCAR 50%,linear_interpolation,no2,4.978875705881276,8.499083160145883
full_grid,MCAR 50%,linear_interpolation,o3,8.013718872464944,12.742515481356266
full_grid,MCAR 50%,linear_interpolation,pm10,5.306943871586575,8.882591385391166
full_grid,MCAR 50%,linear_interpolation,pm25,3.6284021934189603,5.899147644053942
full_grid,MCAR 50%,linear_interpolation,so2,0.8076232568449467,2.1805149044342778
full_grid,MCAR 50%,linear_interpolation,co,0.07914135310182986,0.1603837402342565
full_grid,MCAR 50%,linear_interpolation,no2,4.980758040844627,8.575157636742398
full_grid,MCAR 50%,linear_interpolation,o3,8.02916417249912,12.802690705912354
full_grid,MCAR 50%,linear_interpolation,pm10,5.295574265582944,8.927685633604801
full_grid,MCAR 50%,linear_interpolation,pm25,3.658234859091067,6.041744102132075
full_grid,MCAR 50%,linear_interpolation,so2,0.807939025349203,2.286220872577951
full_grid,MCAR 50%,linear_interpolation,co,0.07862117780179632,0.15711519482070793
full_grid,MCAR 50%,linear_interpolation,no2,5.015353478013134,8.604306424117285
full_grid,MCAR 50%,linear_interpolation,o3,8.016334193235869,12.745830786476862
full_grid,MCAR 50%,linear_interpolation,pm10,5.288251589247027,8.995836609537067
full_grid,MCAR 50%,linear_interpolation,pm25,3.628350723192634,5.883935548377184
full_grid,MCAR 50%,linear_interpolation,so2,0.8017791979226676,2.208469557230129
full_grid,MCAR 50%,linear_interpolation,co,0.07884317318676716,0.1584684711827599
full_grid,MCAR 50%,linear_interpolation,no2,4.98959696403723,8.522591187902352
full_grid,MCAR 50%,linear_interpolation,o3,8.054850666204223,12.804625213622765
full_grid,MCAR 50%,linear_interpolation,pm10,5.317951249600839,8.960898806604463
full_grid,MCAR 50%,linear_interpolation,pm25,3.6455428771418603,6.0192132684937185
full_grid,MCAR 50%,linear_interpolation,so2,0.80172943029764,2.2739894158108624
full_grid,MCAR 50%,linear_interpolation,co,0.07912813922236657,0.1585658592986646
full_grid,MCAR 50%,linear_interpolation,no2,4.98248939013992,8.514787284019786
full_grid,MCAR 50%,linear_interpolation,o3,7.989150519183578,12.658829757119644
full_grid,MCAR 50%,linear_interpolation,pm10,5.312396931725588,8.994283056284585
full_grid,MCAR 50%,linear_interpolation,pm25,3.6352316729506264,5.911459698144603
full_grid,MCAR 50%,linear_interpolation,so2,0.8024133258852261,2.183502872791273
full_grid,MCAR 50%,linear_interpolation,co,0.07817090654187035,0.15548697549397864
full_grid,MCAR 50%,linear_interpolation,no2,5.024028440118938,8.615548757202031
full_grid,MCAR 50%,linear_interpolation,o3,8.06759947138843,12.892252639529003
full_grid,MCAR 50%,linear_interpolation,pm10,5.290395749701045,8.96598884339962
full_grid,MCAR 50%,linear_interpolation,pm25,3.648757049724754,6.008880008899138
full_grid,MCAR 50%,linear_interpolation,so2,0.8058849316045733,2.17350175136067
full_grid,MCAR 50%,linear_interpolation,co,0.0783758999981824,0.15687470192196096
full_grid,MCAR 50%,linear_interpolation,no2,5.0111450908478785,8.591407236002178
full_grid,MCAR 50%,linear_interpolation,o3,8.04119862627557,12.78609941380854
full_grid,MCAR 50%,linear_interpolation,pm10,5.303383214310659,8.874248469040772
full_grid,MCAR 50%,linear_interpolation,pm25,3.6553116913527304,6.029562828003405
full_grid,MCAR 50%,linear_interpolation,so2,0.8017949487224711,2.195322540566701
full_grid,MCAR 50%,linear_interpolation,co,0.0787761544215563,0.15777336873936243
full_grid,MCAR 50%,linear_interpolation,no2,4.983393285235206,8.48831760290175
full_grid,MCAR 50%,linear_interpolation,o3,8.036360922284521,12.778825302620328
full_grid,MCAR 50%,linear_interpolation,pm10,5.303304947189717,8.947490756749968
full_grid,MCAR 50%,linear_interpolation,pm25,3.6472788084372367,6.026132115216592
full_grid,MCAR 50%,linear_interpolation,so2,0.8063150864793829,2.1955626214359802
full_grid,MCAR 50%,linear_interpolation,co,0.07805396605567061,0.1560957045402562
full_grid,MCAR 50%,linear_interpolation,no2,4.995514858098558,8.546393136651613
full_grid,MCAR 50%,linear_interpolation,o3,8.009022625251625,12.700039152055785
full_grid,MCAR 50%,linear_interpolation,pm10,5.285824199468773,8.893161333995748
full_grid,MCAR 50%,linear_interpolation,pm25,3.648569242856515,6.056715950104238
full_grid,MCAR 50%,linear_interpolation,so2,0.8042096269267539,2.166118486488123
full_grid,MCAR 50%,linear_interpolation,co,0.07897205277774642,0.1587724059254082
full_grid,MCAR 50%,linear_interpolation,no2,5.0056014058373215,8.515952618375778
full_grid,MCAR 50%,linear_interpolation,o3,8.02050834567939,12.73630693510339
full_grid,MCAR 50%,linear_interpolation,pm10,5.346667170458129,9.081617923985124
full_grid,MCAR 50%,linear_interpolation,pm25,3.6515574488410287,5.987621248896222
full_grid,MCAR 50%,linear_interpolation,so2,0.8030327267622511,2.1410703015419967
full_grid,MNAR 50%,GALPI_V1,co,0.08649499966697924,0.20422662525744542
full_grid,MNAR 50%,GALPI_V1,no2,5.745508866240229,10.102743977048029
full_grid,MNAR 50%,GALPI_V1,o3,8.663518098199308,17.192226286341285
full_grid,MNAR 50%,GALPI_V1,pm10,5.00927903618715,11.142093124491202
full_grid,MNAR 50%,GALPI_V1,pm25,3.7141074532023333,7.057104496583779
full_grid,MNAR 50%,GALPI_V1,so2,1.1543905066635403,7.393428357447974
full_grid,MNAR 50%,GALPI_V1,co,0.08672241445137996,0.20520376368900095
full_grid,MNAR 50%,GALPI_V1,no2,5.740033667190512,10.127251401206077
full_grid,MNAR 50%,GALPI_V1,o3,8.478088621553201,16.376908632533357
full_grid,MNAR 50%,GALPI_V1,pm10,5.03959585463988,12.525268273948349
full_grid,MNAR 50%,GALPI_V1,pm25,3.708119967435024,6.9166507661949925
full_grid,MNAR 50%,GALPI_V1,so2,1.1600519269575076,6.683356826718164
full_grid,MNAR 50%,GALPI_V1,co,0.08702898130423412,0.20816582814746937
full_grid,MNAR 50%,GALPI_V1,no2,5.735241096988299,10.08231879001016
full_grid,MNAR 50%,GALPI_V1,o3,8.694595104557022,17.044076052790444
full_grid,MNAR 50%,GALPI_V1,pm10,4.893493451495221,10.357317776327012
full_grid,MNAR 50%,GALPI_V1,pm25,3.722181200020873,6.6095978649983556
full_grid,MNAR 50%,GALPI_V1,so2,1.0569664061722726,6.347415686985092
full_grid,MNAR 50%,GALPI_V1,co,0.08635625227516235,0.2015812486899905
full_grid,MNAR 50%,GALPI_V1,no2,5.741113617322342,10.141447830062472
full_grid,MNAR 50%,GALPI_V1,o3,8.439896040264204,16.46073629443841
full_grid,MNAR 50%,GALPI_V1,pm10,5.108760197340755,13.055069233630036
full_grid,MNAR 50%,GALPI_V1,pm25,3.6867606990108777,6.781617854040881
full_grid,MNAR 50%,GALPI_V1,so2,1.0770364146850713,6.14620235377179
full_grid,MNAR 50%,GALPI_V1,co,0.08587436918026761,0.19761838793146186
full_grid,MNAR 50%,GALPI_V1,no2,5.731594507367528,9.988316781202112
full_grid,MNAR 50%,GALPI_V1,o3,8.545488832516675,16.56374598877518
full_grid,MNAR 50%,GALPI_V1,pm10,4.9852259638641,11.422723685308105
full_grid,MNAR 50%,GALPI_V1,pm25,3.775677592549827,7.016885088237164
full_grid,MNAR 50%,GALPI_V1,so2,1.117033923824488,5.9912393202372005
full_grid,MNAR 50%,GALPI_V1,co,0.08758439318425362,0.20531352684056814
full_grid,MNAR 50%,GALPI_V1,no2,5.744700478325638,10.1317748074788
full_grid,MNAR 50%,GALPI_V1,o3,8.38907962456873,15.950600681802031
full_grid,MNAR 50%,GALPI_V1,pm10,5.131981734558895,13.019807145198472
full_grid,MNAR 50%,GALPI_V1,pm25,3.699426370278972,7.139615100553461
full_grid,MNAR 50%,GALPI_V1,so2,1.1048279685079216,6.279741732188939
full_grid,MNAR 50%,GALPI_V1,co,0.08644738941931213,0.20218523507322084
full_grid,MNAR 50%,GALPI_V1,no2,5.737241790690529,10.078967006935855
full_grid,MNAR 50%,GALPI_V1,o3,8.46108843739029,16.210152072996905
full_grid,MNAR 50%,GALPI_V1,pm10,5.116013943954266,12.578852787465706
full_grid,MNAR 50%,GALPI_V1,pm25,3.664796277017519,6.718650769220875
full_grid,MNAR 50%,GALPI_V1,so2,1.1099893528728848,7.170946706965193
full_grid,MNAR 50%,GALPI_V1,co,0.08582711339835894,0.20416467487896967
full_grid,MNAR 50%,GALPI_V1,no2,5.77085781899636,10.280181360296925
full_grid,MNAR 50%,GALPI_V1,o3,8.623363724985596,16.94319561050113
full_grid,MNAR 50%,GALPI_V1,pm10,5.092086262550706,12.941768730113967
full_grid,MNAR 50%,GALPI_V1,pm25,3.6861635054282775,6.5016720593567685
full_grid,MNAR 50%,GALPI_V1,so2,1.1395446007351793,6.491353646135584
full_grid,MNAR 50%,GALPI_V1,co,0.08593136722196641,0.2021935483999514
full_grid,MNAR 50%,GALPI_V1,no2,5.735516282371155,10.119705015997681
full_grid,MNAR 50%,GALPI_V1,o3,8.58191276997935,16.823489973690073
full_grid,MNAR 50%,GALPI_V1,pm10,5.138950123581029,13.549094615619293
full_grid,MNAR 50%,GALPI_V1,pm25,3.7205052849933513,6.645786883983282
full_grid,MNAR 50%,GALPI_V1,so2,1.131066814245541,6.558210726814302
full_grid,MNAR 50%,GALPI_V1,co,0.08680333234240477,0.2069759073825727
full_grid,MNAR 50%,GALPI_V1,no2,5.815327641866615,10.356736307372191
full_grid,MNAR 50%,GALPI_V1,o3,8.626207233864596,16.93481361303504
full_grid,MNAR 50%,GALPI_V1,pm10,5.109747830322043,12.942672131593284
full_grid,MNAR 50%,GALPI_V1,pm25,3.7111455537168676,6.548652378025873
full_grid,MNAR 50%,GALPI_V1,so2,1.1760034384244926,7.795776022702438
full_grid,MNAR 50%,GALPI_V1,co,0.08645924491798745,0.2054029290562564
full_grid,MNAR 50%,GALPI_V1,no2,5.786644978206923,10.238303237184853
full_grid,MNAR 50%,GALPI_V1,o3,8.488562550562474,16.42482413194653
full_grid,MNAR 50%,GALPI_V1,pm10,5.053848565691581,11.984667043904448
full_grid,MNAR 50%,GALPI_V1,pm25,3.716074453924051,6.6363310936652855
full_grid,MNAR 50%,GALPI_V1,so2,1.0930864824458975,5.842098715612271
full_grid,MNAR 50%,GALPI_V1,co,0.08575849409888635,0.20075859706710997
full_grid,MNAR 50%,GALPI_V1,no2,5.780487220560134,10.129148181795507
full_grid,MNAR 50%,GALPI_V1,o3,8.632295471369416,17.244318062642908
full_grid,MNAR 50%,GALPI_V1,pm10,4.904565332218153,10.58158073435541
full_grid,MNAR 50%,GALPI_V1,pm25,3.7127858664812936,6.6954531218742
full_grid,MNAR 50%,GALPI_V1,so2,1.1163696315155893,6.528983462167137
full_grid,MNAR 50%,GALPI_V1,co,0.08645769058780395,0.2028417526439585
full_grid,MNAR 50%,GALPI_V1,no2,5.777358647776263,10.213646316703281
full_grid,MNAR 50%,GALPI_V1,o3,8.649306401245756,16.960995347468263
full_grid,MNAR 50%,GALPI_V1,pm10,5.156127708135774,13.695805221474913
full_grid,MNAR 50%,GALPI_V1,pm25,3.7203178296962713,6.784894612294969
full_grid,MNAR 50%,GALPI_V1,so2,1.2206924655906486,7.798348174759075
full_grid,MNAR 50%,GALPI_V1,co,0.08695595597892959,0.20420358003378417
full_grid,MNAR 50%,GALPI_V1,no2,5.7536844702331456,10.145119107373805
full_grid,MNAR 50%,GALPI_V1,o3,8.452366135003725,16.20170948011083
full_grid,MNAR 50%,GALPI_V1,pm10,5.058847006732094,12.724286254744436
full_grid,MNAR 50%,GALPI_V1,pm25,3.70269501744219,6.678569692694442
full_grid,MNAR 50%,GALPI_V1,so2,1.1171918796622096,7.316514584744357
full_grid,MNAR 50%,GALPI_V1,co,0.08611054096509987,0.20313092014315645
full_grid,MNAR 50%,GALPI_V1,no2,5.758072882568026,10.270141460775646
full_grid,MNAR 50%,GALPI_V1,o3,8.448049534955771,16.260999431315714
full_grid,MNAR 50%,GALPI_V1,pm10,5.163532329349529,13.477023707467083
full_grid,MNAR 50%,GALPI_V1,pm25,3.720939520675401,6.772392237901472
full_grid,MNAR 50%,GALPI_V1,so2,1.0440598721947585,6.127557922623237
full_grid,MNAR 50%,GALPI_V1,co,0.08627464720967161,0.20306277433073905
full_grid,MNAR 50%,GALPI_V1,no2,5.768635827605219,10.296350734205703
full_grid,MNAR 50%,GALPI_V1,o3,8.651526272176405,17.144040082367837
full_grid,MNAR 50%,GALPI_V1,pm10,5.030226488618559,12.118510265608101
full_grid,MNAR 50%,GALPI_V1,pm25,3.727377690438912,6.940135772817935
full_grid,MNAR 50%,GALPI_V1,so2,1.1451066847667357,7.318476386035193
full_grid,MNAR 50%,GALPI_V1,co,0.08643976220951158,0.20405894776999603
full_grid,MNAR 50%,GALPI_V1,no2,5.7795653902826665,10.249074994287362
full_grid,MNAR 50%,GALPI_V1,o3,8.342848296565288,15.750844116886839
full_grid,MNAR 50%,GALPI_V1,pm10,4.951587952222705,11.102178100809164
full_grid,MNAR 50%,GALPI_V1,pm25,3.706109796146185,6.897076690890284
full_grid,MNAR 50%,GALPI_V1,so2,1.124702676132167,7.2812850014739094
full_grid,MNAR 50%,GALPI_V1,co,0.08681622353909359,0.20407267899447917
full_grid,MNAR 50%,GALPI_V1,no2,5.733066104562014,10.166776333847366
full_grid,MNAR 50%,GALPI_V1,o3,8.566657343104232,16.85677704718629
full_grid,MNAR 50%,GALPI_V1,pm10,4.937300645465017,11.376810237713215
full_grid,MNAR 50%,GALPI_V1,pm25,3.7301093806200263,7.309546553373296
full_grid,MNAR 50%,GALPI_V1,so2,1.0792463248657822,6.210726424515103
full_grid,MNAR 50%,GALPI_V1,co,0.08699856399138797,0.2068000390400283
full_grid,MNAR 50%,GALPI_V1,no2,5.74671365219711,10.134325902217293
full_grid,MNAR 50%,GALPI_V1,o3,8.47346169485901,16.419953976153586
full_grid,MNAR 50%,GALPI_V1,pm10,5.075579524330509,12.492664469980589
full_grid,MNAR 50%,GALPI_V1,pm25,3.7061428381471875,6.871274541098811
full_grid,MNAR 50%,GALPI_V1,so2,1.1162520113490113,7.155541935775778
full_grid,MNAR 50%,GALPI_V1,co,0.08595685099300944,0.2000950102722605
full_grid,MNAR 50%,GALPI_V1,no2,5.764651233145893,10.216810091055187
full_grid,MNAR 50%,GALPI_V1,o3,8.547607176380135,16.616627496425913
full_grid,MNAR 50%,GALPI_V1,pm10,5.044844315861065,12.250974443459663
full_grid,MNAR 50%,GALPI_V1,pm25,3.7607097706650947,7.295099449450252
full_grid,MNAR 50%,GALPI_V1,so2,1.1519329607219935,7.666133111990231
full_grid,MNAR 50%,GALPI_V2,co,0.08784036443967026,0.20680601948653898
full_grid,MNAR 50%,GALPI_V2,no2,6.072942333940646,11.10439804665375
full_grid,MNAR 50%,GALPI_V2,o3,9.853230619296468,19.7152178170162
full_grid,MNAR 50%,GALPI_V2,pm10,5.268721380589839,13.896920797740558
full_grid,MNAR 50%,GALPI_V2,pm25,3.7723627485949853,7.048167799831351
full_grid,MNAR 50%,GALPI_V2,so2,1.1171918796622096,7.316514584744357
full_grid,MNAR 50%,GALPI_V2,co,0.08828997592465176,0.21243501507420928
full_grid,MNAR 50%,GALPI_V2,no2,6.036943589460734,10.996989325824584
full_grid,MNAR 50%,GALPI_V2,o3,9.767614779119128,19.641160626226405
full_grid,MNAR 50%,GALPI_V2,pm10,5.239889380981218,13.253555913442565
full_grid,MNAR 50%,GALPI_V2,pm25,3.7653041845783495,7.226700840027533
full_grid,MNAR 50%,GALPI_V2,so2,1.1162520113490113,7.155541935775778
full_grid,MNAR 50%,GALPI_V2,co,0.08741069763587508,0.20566994209557934
full_grid,MNAR 50%,GALPI_V2,no2,6.049657379374875,11.011999154393653
full_grid,MNAR 50%,GALPI_V2,o3,9.650878494464436,19.44570968753873
full_grid,MNAR 50%,GALPI_V2,pm10,5.285469894309969,13.747371539329523
full_grid,MNAR 50%,GALPI_V2,pm25,3.73057937166349,7.141008356574192
full_grid,MNAR 50%,GALPI_V2,so2,1.0770364146850713,6.14620235377179
full_grid,MNAR 50%,GALPI_V2,co,0.08813375819918401,0.21083831767191807
full_grid,MNAR 50%,GALPI_V2,no2,6.056369600424418,11.016195781095826
full_grid,MNAR 50%,GALPI_V2,o3,9.830768785029436,19.813179291732055
full_grid,MNAR 50%,GALPI_V2,pm10,5.214359917845076,13.324338606808782
full_grid,MNAR 50%,GALPI_V2,pm25,3.764244746933164,7.168374628808067
full_grid,MNAR 50%,GALPI_V2,so2,1.1600519269575076,6.683356826718164
full_grid,MNAR 50%,GALPI_V2,co,0.08715153510051919,0.20644916775772157
full_grid,MNAR 50%,GALPI_V2,no2,6.0730567840338665,11.148505741626563
full_grid,MNAR 50%,GALPI_V2,o3,9.714783882744278,19.424314946779173
full_grid,MNAR 50%,GALPI_V2,pm10,5.373230939762004,14.466257063714174
full_grid,MNAR 50%,GALPI_V2,pm25,3.763477102564493,7.018925589581753
full_grid,MNAR 50%,GALPI_V2,so2,1.0440598721947585,6.127557922623237
full_grid,MNAR 50%,GALPI_V2,co,0.08674926086212618,0.2032198199874118
full_grid,MNAR 50%,GALPI_V2,no2,6.034711664505265,10.839038481958795
full_grid,MNAR 50%,GALPI_V2,o3,9.975322226861334,20.432774322328815
full_grid,MNAR 50%,GALPI_V2,pm10,5.1172964763131645,11.738035559231628
full_grid,MNAR 50%,GALPI_V2,pm25,3.7707749075488493,7.114985372570212
full_grid,MNAR 50%,GALPI_V2,so2,1.1195736213686203,6.552898331133323
full_grid,MNAR 50%,GALPI_V2,co,0.08751946233336641,0.20607130549110964
full_grid,MNAR 50%,GALPI_V2,no2,6.012460023759386,10.95311396606852
full_grid,MNAR 50%,GALPI_V2,o3,9.89166047505541,20.024935666745417
full_grid,MNAR 50%,GALPI_V2,pm10,5.1182886953814295,12.439202214808653
full_grid,MNAR 50%,GALPI_V2,pm25,3.8002894731158126,7.9202276283934605
full_grid,MNAR 50%,GALPI_V2,so2,1.0792463248657822,6.210726424515103
full_grid,MNAR 50%,GALPI_V2,co,0.08856270233211495,0.2086757469048119
full_grid,MNAR 50%,GALPI_V2,no2,6.0544551365675945,11.045179881878761
full_grid,MNAR 50%,GALPI_V2,o3,9.755628219189552,19.52016233502435
full_grid,MNAR 50%,GALPI_V2,pm10,5.280655826686533,13.719436663240089
full_grid,MNAR 50%,GALPI_V2,pm25,3.7530505642277117,7.413881436111176
full_grid,MNAR 50%,GALPI_V2,so2,1.1048279685079216,6.279741732188939
full_grid,MNAR 50%,GALPI_V2,co,0.08756141074984192,0.2078452474206727
full_grid,MNAR 50%,GALPI_V2,no2,6.0323524529189765,10.980447547605424
full_grid,MNAR 50%,GALPI_V2,o3,10.061322306435189,20.55192463335508
full_grid,MNAR 50%,GALPI_V2,pm10,5.210802474251656,12.345938772258169
full_grid,MNAR 50%,GALPI_V2,pm25,3.7673059901233645,7.28997437396929
full_grid,MNAR 50%,GALPI_V2,so2,1.1543905066635403,7.393428357447974
full_grid,MNAR 50%,GALPI_V2,co,0.08735907815447365,0.2063598098745142
full_grid,MNAR 50%,GALPI_V2,no2,6.050907768740959,11.103187527950938
full_grid,MNAR 50%,GALPI_V2,o3,9.663990752672776,19.206944265869414
full_grid,MNAR 50%,GALPI_V2,pm10,5.185310027295795,12.27104082594764
full_grid,MNAR 50%,GALPI_V2,pm25,3.762464728179113,7.210796212710369
full_grid,MNAR 50%,GALPI_V2,so2,1.124702676132167,7.2812850014739094
full_grid,MNAR 50%,GALPI_V2,co,0.08738727950362261,0.20557458514683008
full_grid,MNAR 50%,GALPI_V2,no2,6.071646130763557,11.069410463832838
full_grid,MNAR 50%,GALPI_V2,o3,10.008142963217233,20.22371616747228
full_grid,MNAR 50%,GALPI_V2,pm10,5.339223096211498,14.355823707795937
full_grid,MNAR 50%,GALPI_V2,pm25,3.7666079463651165,6.9800147926534395
full_grid,MNAR 50%,GALPI_V2,so2,1.2292678107175252,7.882915962972911
full_grid,MNAR 50%,GALPI_V2,co,0.08694339610149074,0.203421832417353
full_grid,MNAR 50%,GALPI_V2,no2,6.033749896306743,10.969104448882542
full_grid,MNAR 50%,GALPI_V2,o3,9.89749416949985,19.943560864131623
full_grid,MNAR 50%,GALPI_V2,pm10,5.243831865213107,13.053568771391577
full_grid,MNAR 50%,GALPI_V2,pm25,3.8126667853364298,7.519038430400265
full_grid,MNAR 50%,GALPI_V2,so2,1.1519329607219935,7.666133111990231
full_grid,MNAR 50%,GALPI_V2,co,0.0867052190361096,0.19959987781407101
full_grid,MNAR 50%,GALPI_V2,no2,6.0502190898340995,10.912460180540771
full_grid,MNAR 50%,GALPI_V2,o3,9.846475800314902,19.857646508906676
full_grid,MNAR 50%,GALPI_V2,pm10,5.168614843993951,12.394461193356806
full_grid,MNAR 50%,GALPI_V2,pm25,3.8490961564040465,7.588067044329164
full_grid,MNAR 50%,GALPI_V2,so2,1.117033923824488,5.9912393202372005
full_grid,MNAR 50%,GALPI_V2,co,0.08670112753213048,0.20746304319962272
full_grid,MNAR 50%,GALPI_V2,no2,6.026008730357315,10.991817048407585
full_grid,MNAR 50%,GALPI_V2,o3,9.929852351449295,20.05198158314072
full_grid,MNAR 50%,GALPI_V2,pm10,5.260286192876023,13.728202145572975
full_grid,MNAR 50%,GALPI_V2,pm25,3.7485214376781526,6.96064895570321
full_grid,MNAR 50%,GALPI_V2,so2,1.1395446007351793,6.491353646135584
full_grid,MNAR 50%,GALPI_V2,co,0.0874221850081739,0.20556174514879588
full_grid,MNAR 50%,GALPI_V2,no2,6.047913546094157,10.937378952426675
full_grid,MNAR 50%,GALPI_V2,o3,9.80457968918744,19.61181979106136
full_grid,MNAR 50%,GALPI_V2,pm10,5.317062280142328,13.443936510609376
full_grid,MNAR 50%,GALPI_V2,pm25,3.725963038320505,7.146810093076707
full_grid,MNAR 50%,GALPI_V2,so2,1.1099893528728848,7.170946706965193
full_grid,MNAR 50%,GALPI_V2,co,0.08720394855327589,0.2063032327321155
full_grid,MNAR 50%,GALPI_V2,no2,6.071285620517663,11.077663855354022
full_grid,MNAR 50%,GALPI_V2,o3,10.00520520740676,20.376174659790586
full_grid,MNAR 50%,GALPI_V2,pm10,5.241731014242333,13.311026441339614
full_grid,MNAR 50%,GALPI_V2,pm25,3.796853946402345,7.454140066892018
full_grid,MNAR 50%,GALPI_V2,so2,1.1451066847667357,7.318476386035193
full_grid,MNAR 50%,GALPI_V2,co,0.08694683649614496,0.2060278265956328
full_grid,MNAR 50%,GALPI_V2,no2,6.041187104603565,10.995295692006826
full_grid,MNAR 50%,GALPI_V2,o3,9.83008994899661,19.923439030495857
full_grid,MNAR 50%,GALPI_V2,pm10,5.396260205041575,14.777306106268432
full_grid,MNAR 50%,GALPI_V2,pm25,3.7814323108697683,7.191175002715352
full_grid,MNAR 50%,GALPI_V2,so2,1.131066814245541,6.558210726814302
full_grid,MNAR 50%,GALPI_V2,co,0.08811412431203133,0.2125626287087334
full_grid,MNAR 50%,GALPI_V2,no2,6.035852137528504,10.934206027006635
full_grid,MNAR 50%,GALPI_V2,o3,10.03840948006165,20.35207200539528
full_grid,MNAR 50%,GALPI_V2,pm10,5.097669515719939,11.444138160925268
full_grid,MNAR 50%,GALPI_V2,pm25,3.796014568811293,7.229402055885301
full_grid,MNAR 50%,GALPI_V2,so2,1.0569664061722726,6.347415686985092
full_grid,MNAR 50%,GALPI_V2,co,0.08756181862750288,0.2086289636382435
full_grid,MNAR 50%,GALPI_V2,no2,6.078371482766964,11.0356152097802
full_grid,MNAR 50%,GALPI_V2,o3,9.705425943156586,19.389703854177355
full_grid,MNAR 50%,GALPI_V2,pm10,5.269125923724073,13.156038316554044
full_grid,MNAR 50%,GALPI_V2,pm25,3.773647394438506,6.910460381088575
full_grid,MNAR 50%,GALPI_V2,so2,1.0930864824458975,5.842098715612271
full_grid,MNAR 50%,GALPI_V2,co,0.08791441662449455,0.2106291275705917
full_grid,MNAR 50%,GALPI_V2,no2,6.133509983698833,11.32269315927938
full_grid,MNAR 50%,GALPI_V2,o3,10.029575744374673,20.429125932657524
full_grid,MNAR 50%,GALPI_V2,pm10,5.321686160373111,13.835527475923046
full_grid,MNAR 50%,GALPI_V2,pm25,3.7686803367020207,6.798689741989821
full_grid,MNAR 50%,GALPI_V2,so2,1.1760034384244926,7.795776022702438
full_grid,MNAR 50%,GALPI_V3,co,0.08693724214750162,0.20602001856082275
full_grid,MNAR 50%,GALPI_V3,no2,6.0410320384418075,10.99512303373258
full_grid,MNAR 50%,GALPI_V3,o3,9.829893339168443,19.922851169643955
full_grid,MNAR 50%,GALPI_V3,pm10,5.3966131301014615,14.787605976821178
full_grid,MNAR 50%,GALPI_V3,pm25,3.781381667938189,7.191152672363856
full_grid,MNAR 50%,GALPI_V3,so2,1.131066814245541,6.558210726814302
full_grid,MNAR 50%,GALPI_V3,co,0.08719590598563982,0.20625227272788962
full_grid,MNAR 50%,GALPI_V3,no2,6.070642089515404,11.076996559945108
full_grid,MNAR 50%,GALPI_V3,o3,10.002755532176378,20.355699341659427
full_grid,MNAR 50%,GALPI_V3,pm10,5.241717252706815,13.311024075947335
full_grid,MNAR 50%,GALPI_V3,pm25,3.796842592129161,7.454136037307693
full_grid,MNAR 50%,GALPI_V3,so2,1.1451066847667357,7.318476386035193
full_grid,MNAR 50%,GALPI_V3,co,0.08674433088258741,0.20321906694866498
full_grid,MNAR 50%,GALPI_V3,no2,6.033004134147285,10.837393291966666
full_grid,MNAR 50%,GALPI_V3,o3,9.97096521306736,20.406939613603477
full_grid,MNAR 50%,GALPI_V3,pm10,5.1166887751962395,11.736939345027382
full_grid,MNAR 50%,GALPI_V3,pm25,3.771125306274912,7.115537387065635
full_grid,MNAR 50%,GALPI_V3,so2,1.1195736213686203,6.552898331133323
full_grid,MNAR 50%,GALPI_V3,co,0.08737672608401134,0.20557039916780037
full_grid,MNAR 50%,GALPI_V3,no2,6.071273242922824,11.068849767712424
full_grid,MNAR 50%,GALPI_V3,o3,10.007168631389076,20.22305000302278
full_grid,MNAR 50%,GALPI_V3,pm10,5.338010074680048,14.338003632898449
full_grid,MNAR 50%,GALPI_V3,pm25,3.766463136161246,6.979528942156893
full_grid,MNAR 50%,GALPI_V3,so2,1.2292678107175252,7.882915962972911
full_grid,MNAR 50%,GALPI_V3,co,0.08738562662638351,0.20564813063725315
full_grid,MNAR 50%,GALPI_V3,no2,6.049139293529803,11.011330484780071
full_grid,MNAR 50%,GALPI_V3,o3,9.65085326813322,19.445090335934044
full_grid,MNAR 50%,GALPI_V3,pm10,5.285097642066636,13.740925937204107
full_grid,MNAR 50%,GALPI_V3,pm25,3.7305448949118096,7.140911962830514
full_grid,MNAR 50%,GALPI_V3,so2,1.0770364146850713,6.14620235377179
full_grid,MNAR 50%,GALPI_V3,co,0.0874182618454996,0.20555977939984071
full_grid,MNAR 50%,GALPI_V3,no2,6.047383706583353,10.936844671022156
full_grid,MNAR 50%,GALPI_V3,o3,9.8026675629214,19.61058500515083
full_grid,MNAR 50%,GALPI_V3,pm10,5.316533151916028,13.443434661716527
full_grid,MNAR 50%,GALPI_V3,pm25,3.725953828115871,7.146790572592841
full_grid,MNAR 50%,GALPI_V3,so2,1.1099893528728848,7.170946706965193
full_grid,MNAR 50%,GALPI_V3,co,0.08826349467783619,0.2124144281282818
full_grid,MNAR 50%,GALPI_V3,no2,6.036732809763737,10.997646117366175
full_grid,MNAR 50%,GALPI_V3,o3,9.764877167661938,19.63077396839287
full_grid,MNAR 50%,GALPI_V3,pm10,5.239245536088896,13.250973333002431
full_grid,MNAR 50%,GALPI_V3,pm25,3.765265240647881,7.226638205021956
full_grid,MNAR 50%,GALPI_V3,so2,1.1162520113490113,7.155541935775778
full_grid,MNAR 50%,GALPI_V3,co,0.08751946233336641,0.20607130549110964
full_grid,MNAR 50%,GALPI_V3,no2,6.011895983791536,10.952368165170398
full_grid,MNAR 50%,GALPI_V3,o3,9.889687757846746,20.023708462402265
full_grid,MNAR 50%,GALPI_V3,pm10,5.1177155765990525,12.438478495536403
full_grid,MNAR 50%,GALPI_V3,pm25,3.7999238586914754,7.91864330665723
full_grid,MNAR 50%,GALPI_V3,so2,1.0792463248657822,6.210726424515103
full_grid,MNAR 50%,GALPI_V3,co,0.08693924642386831,0.20341971659909713
full_grid,MNAR 50%,GALPI_V3,no2,6.033101701738777,10.968560526572093
full_grid,MNAR 50%,GALPI_V3,o3,9.895288399163055,19.931452774092016
full_grid,MNAR 50%,GALPI_V3,pm10,5.242590135849669,13.050936792372816
full_grid,MNAR 50%,GALPI_V3,pm25,3.8126615176469354,7.519028993820165
full_grid,MNAR 50%,GALPI_V3,so2,1.1519329607219935,7.666133111990231
full_grid,MNAR 50%,GALPI_V3,co,0.08754974978948443,0.20783865257476383
full_grid,MNAR 50%,GALPI_V3,no2,6.031241739993399,10.979319534677364
full_grid,MNAR 50%,GALPI_V3,o3,10.061596706500936,20.552002126873756
full_grid,MNAR 50%,GALPI_V3,pm10,5.210355223546872,12.344669423866728
full_grid,MNAR 50%,GALPI_V3,pm25,3.7672997285094474,7.289957968181707
full_grid,MNAR 50%,GALPI_V3,so2,1.1543905066635403,7.393428357447974
full_grid,MNAR 50%,GALPI_V3,co,0.08670304894222867,0.1995978838694698
full_grid,MNAR 50%,GALPI_V3,no2,6.049665342432031,10.912215693210008
full_grid,MNAR 50%,GALPI_V3,o3,9.844963852554722,19.856598328096034
full_grid,MNAR 50%,GALPI_V3,pm10,5.166851767447236,12.391831309943456
full_grid,MNAR 50%,GALPI_V3,pm25,3.8488845501760376,7.587712807791601
full_grid,MNAR 50%,GALPI_V3,so2,1.117033923824488,5.9912393202372005
full_grid,MNAR 50%,GALPI_V3,co,0.08669477936912742,0.20746068459459624
full_grid,MNAR 50%,GALPI_V3,no2,6.025719085321357,10.991613464835822
full_grid,MNAR 50%,GALPI_V3,o3,9.926921862904216,20.04200229207159
full_grid,MNAR 50%,GALPI_V3,pm10,5.260132800928383,13.72796260240176
full_grid,MNAR 50%,GALPI_V3,pm25,3.748601536542397,6.96068018820394
full_grid,MNAR 50%,GALPI_V3,so2,1.1395446007351793,6.491353646135584
full_grid,MNAR 50%,GALPI_V3,co,0.08783617998299596,0.20680464266590334
full_grid,MNAR 50%,GALPI_V3,no2,6.07250965964194,11.104072487402302
full_grid,MNAR 50%,GALPI_V3,o3,9.851816511159743,19.714645371653216
full_grid,MNAR 50%,GALPI_V3,pm10,5.267882646767926,13.895294808237672
full_grid,MNAR 50%,GALPI_V3,pm25,3.772353464340745,7.048164968746238
full_grid,MNAR 50%,GALPI_V3,so2,1.1171918796622096,7.316514584744357
full_grid,MNAR 50%,GALPI_V3,co,0.08855966422516888,0.2086753948209804
full_grid,MNAR 50%,GALPI_V3,no2,6.053975760229545,11.04467385672615
full_grid,MNAR 50%,GALPI_V3,o3,9.752524226532627,19.498253682664373
full_grid,MNAR 50%,GALPI_V3,pm10,5.280452083015648,13.719317952168662
full_grid,MNAR 50%,GALPI_V3,pm25,3.753025605505965,7.41384979696168
full_grid,MNAR 50%,GALPI_V3,so2,1.1048279685079216,6.279741732188939
full_grid,MNAR 50%,GALPI_V3,co,0.08813750375352469,0.21084695428604983
full_grid,MNAR 50%,GALPI_V3,no2,6.055941946387454,11.01548365297532
full_grid,MNAR 50%,GALPI_V3,o3,9.830240769058864,19.812893077923732
full_grid,MNAR 50%,GALPI_V3,pm10,5.213943851398766,13.32391586557683
full_grid,MNAR 50%,GALPI_V3,pm25,3.764244746933164,7.168374628808067
full_grid,MNAR 50%,GALPI_V3,so2,1.1600519269575076,6.683356826718164
full_grid,MNAR 50%,GALPI_V3,co,0.08754833299242415,0.20850354542489288
full_grid,MNAR 50%,GALPI_V3,no2,6.077848673955006,11.035038790528423
full_grid,MNAR 50%,GALPI_V3,o3,9.705107343225587,19.389053496613187
full_grid,MNAR 50%,GALPI_V3,pm10,5.268581114838239,13.1551586880127
full_grid,MNAR 50%,GALPI_V3,pm25,3.773421518364373,6.909813339414173
full_grid,MNAR 50%,GALPI_V3,so2,1.0930864824458975,5.842098715612271
full_grid,MNAR 50%,GALPI_V3,co,0.08714252666845862,0.20644500766933363
full_grid,MNAR 50%,GALPI_V3,no2,6.072296198949372,11.147540417414715
full_grid,MNAR 50%,GALPI_V3,o3,9.712764137623195,19.423231568934963
full_grid,MNAR 50%,GALPI_V3,pm10,5.372192795120269,14.464137892713541
full_grid,MNAR 50%,GALPI_V3,pm25,3.763468856467686,7.018920735050622
full_grid,MNAR 50%,GALPI_V3,so2,1.0440598721947585,6.127557922623237
full_grid,MNAR 50%,GALPI_V3,co,0.08791132054714773,0.2106294779547015
full_grid,MNAR 50%,GALPI_V3,no2,6.13194698853797,11.321136705177276
full_grid,MNAR 50%,GALPI_V3,o3,10.028137204664029,20.42066763004557
full_grid,MNAR 50%,GALPI_V3,pm10,5.318818924268592,13.826515661119748
full_grid,MNAR 50%,GALPI_V3,pm25,3.7686803367020207,6.798689741989821
full_grid,MNAR 50%,GALPI_V3,so2,1.1760034384244926,7.795776022702438
full_grid,MNAR 50%,GALPI_V3,co,0.08811286824792154,0.21256218180221612
full_grid,MNAR 50%,GALPI_V3,no2,6.034480320426468,10.932058627232115
full_grid,MNAR 50%,GALPI_V3,o3,10.035364348937607,20.33526294901919
full_grid,MNAR 50%,GALPI_V3,pm10,5.097384875752232,11.443535929890443
full_grid,MNAR 50%,GALPI_V3,pm25,3.7952517566356176,7.228283295286059
full_grid,MNAR 50%,GALPI_V3,so2,1.0569664061722726,6.347415686985092
full_grid,MNAR 50%,GALPI_V3,co,0.08735546664057628,0.2063579520390541
full_grid,MNAR 50%,GALPI_V3,no2,6.0506640375209475,11.10303845507676
full_grid,MNAR 50%,GALPI_V3,o3,9.661933911235256,19.204936410543535
full_grid,MNAR 50%,GALPI_V3,pm10,5.183726927199158,12.268662505753685
full_grid,MNAR 50%,GALPI_V3,pm25,3.7626211550001427,7.211793576563673
full_grid,MNAR 50%,GALPI_V3,so2,1.124702676132167,7.2812850014739094
full_grid,MNAR 50%,GALPI_V4,co,0.08804031057489067,0.2109761488823437
full_grid,MNAR 50%,GALPI_V4,no2,6.435503010360503,12.196049462854464
full_grid,MNAR 50%,GALPI_V4,o3,12.425766632154604,27.186846499267045
full_grid,MNAR 50%,GALPI_V4,pm10,5.527968140342783,15.710712115247784
full_grid,MNAR 50%,GALPI_V4,pm25,3.8623834275368316,8.047872297474349
full_grid,MNAR 50%,GALPI_V4,so2,1.1451066847667357,7.318476386035193
full_grid,MNAR 50%,GALPI_V4,co,0.0883988828096617,0.21012202820300946
full_grid,MNAR 50%,GALPI_V4,no2,6.443986593756482,12.22342029938801
full_grid,MNAR 50%,GALPI_V4,o3,11.852199796735784,25.75392015499277
full_grid,MNAR 50%,GALPI_V4,pm10,5.564198076131794,16.06685640801813
full_grid,MNAR 50%,GALPI_V4,pm25,3.758422163313531,7.4626129120012
full_grid,MNAR 50%,GALPI_V4,so2,1.0770364146850713,6.14620235377179
full_grid,MNAR 50%,GALPI_V4,co,0.08733479323957863,0.21156197979642527
full_grid,MNAR 50%,GALPI_V4,no2,6.434623394152847,12.305347240052747
full_grid,MNAR 50%,GALPI_V4,o3,12.38052096521456,27.0249600726404
full_grid,MNAR 50%,GALPI_V4,pm10,5.505174914821305,15.679645012113149
full_grid,MNAR 50%,GALPI_V4,pm25,3.812054403465515,7.411710480873204
full_grid,MNAR 50%,GALPI_V4,so2,1.1395446007351793,6.491353646135584
full_grid,MNAR 50%,GALPI_V4,co,0.08703331848243995,0.20116761717855597
full_grid,MNAR 50%,GALPI_V4,no2,6.40595745026642,12.10899736305502
full_grid,MNAR 50%,GALPI_V4,o3,12.219243413703607,26.712043142837974
full_grid,MNAR 50%,GALPI_V4,pm10,5.431586754757082,14.784045029207569
full_grid,MNAR 50%,GALPI_V4,pm25,3.8800754490423683,7.935197933480136
full_grid,MNAR 50%,GALPI_V4,so2,1.117033923824488,5.9912393202372005
full_grid,MNAR 50%,GALPI_V4,co,0.08754835872898727,0.2082328306830488
full_grid,MNAR 50%,GALPI_V4,no2,6.3684156367866835,11.921532713169109
full_grid,MNAR 50%,GALPI_V4,o3,12.37381685855117,27.211712807824924
full_grid,MNAR 50%,GALPI_V4,pm10,5.4002725817739625,14.201066825560373
full_grid,MNAR 50%,GALPI_V4,pm25,3.812674513617041,7.464701245891129
full_grid,MNAR 50%,GALPI_V4,so2,1.1276099160336601,6.608044479777881
full_grid,MNAR 50%,GALPI_V4,co,0.08910325476136934,0.2164714649751823
full_grid,MNAR 50%,GALPI_V4,no2,6.45186688727257,12.353316423825113
full_grid,MNAR 50%,GALPI_V4,o3,12.282288348299337,26.814292550594534
full_grid,MNAR 50%,GALPI_V4,pm10,5.525895732512443,15.904809852324037
full_grid,MNAR 50%,GALPI_V4,pm25,3.80393073731207,7.578514677758957
full_grid,MNAR 50%,GALPI_V4,so2,1.1600519269575076,6.683356826718164
full_grid,MNAR 50%,GALPI_V4,co,0.08845818451944883,0.20957003724293005
full_grid,MNAR 50%,GALPI_V4,no2,6.486983843439359,12.411828294673223
full_grid,MNAR 50%,GALPI_V4,o3,12.261647013567085,26.76297392201314
full_grid,MNAR 50%,GALPI_V4,pm10,5.491720106921445,15.754738500268259
full_grid,MNAR 50%,GALPI_V4,pm25,3.828348053654843,7.431617577721122
full_grid,MNAR 50%,GALPI_V4,so2,1.1171918796622096,7.316514584744357
full_grid,MNAR 50%,GALPI_V4,co,0.08795993038287069,0.20988932271220587
full_grid,MNAR 50%,GALPI_V4,no2,6.495950504127355,12.556839805740474
full_grid,MNAR 50%,GALPI_V4,o3,12.092740399117464,26.53143806532562
full_grid,MNAR 50%,GALPI_V4,pm10,5.65568733915838,16.8718024321362
full_grid,MNAR 50%,GALPI_V4,pm25,3.804223707774575,7.344761566327673
full_grid,MNAR 50%,GALPI_V4,so2,1.0440598721947585,6.127557922623237
full_grid,MNAR 50%,GALPI_V4,co,0.08743194251126023,0.20900749165740176
full_grid,MNAR 50%,GALPI_V4,no2,6.428441085501412,12.270968382491048
full_grid,MNAR 50%,GALPI_V4,o3,12.155278229312744,26.496656615389362
full_grid,MNAR 50%,GALPI_V4,pm10,5.703532839901591,17.434532713642405
full_grid,MNAR 50%,GALPI_V4,pm25,3.837003021262295,7.634578856523208
full_grid,MNAR 50%,GALPI_V4,so2,1.131066814245541,6.558210726814302
full_grid,MNAR 50%,GALPI_V4,co,0.08817732462047193,0.20867673348651467
full_grid,MNAR 50%,GALPI_V4,no2,6.3709114376824765,12.133171190704353
full_grid,MNAR 50%,GALPI_V4,o3,12.352329067122746,26.90277369085651
full_grid,MNAR 50%,GALPI_V4,pm10,5.389422055610382,14.72350998293993
full_grid,MNAR 50%,GALPI_V4,pm25,3.8608480890457693,8.64741203056503
full_grid,MNAR 50%,GALPI_V4,so2,1.0792463248657822,6.210726424515103
full_grid,MNAR 50%,GALPI_V4,co,0.08851076776086114,0.21156961701037083
full_grid,MNAR 50%,GALPI_V4,no2,6.434581062185771,12.26971657755505
full_grid,MNAR 50%,GALPI_V4,o3,12.535752357823288,27.384304058456145
full_grid,MNAR 50%,GALPI_V4,pm10,5.418476486416737,14.222080970707113
full_grid,MNAR 50%,GALPI_V4,pm25,3.8111592953413966,7.580195954258256
full_grid,MNAR 50%,GALPI_V4,so2,1.1543905066635403,7.393428357447974
full_grid,MNAR 50%,GALPI_V4,co,0.0889244525170817,0.21698507326517943
full_grid,MNAR 50%,GALPI_V4,no2,6.425067006462313,12.224928228223643
full_grid,MNAR 50%,GALPI_V4,o3,12.45592294473107,27.193408086165114
full_grid,MNAR 50%,GALPI_V4,pm10,5.395294276044766,13.884108518877195
full_grid,MNAR 50%,GALPI_V4,pm25,3.8495760407170714,7.898141504025555
full_grid,MNAR 50%,GALPI_V4,so2,1.0569664061722726,6.347415686985092
full_grid,MNAR 50%,GALPI_V4,co,0.0885023066066538,0.21395253084329066
full_grid,MNAR 50%,GALPI_V4,no2,6.466978996975946,12.266517393004813
full_grid,MNAR 50%,GALPI_V4,o3,12.140931846305213,26.492786641213442
full_grid,MNAR 50%,GALPI_V4,pm10,5.529701431004497,15.392785186653434
full_grid,MNAR 50%,GALPI_V4,pm25,3.8126401715959948,7.301311772265598
full_grid,MNAR 50%,GALPI_V4,so2,1.0930864824458975,5.842098715612271
full_grid,MNAR 50%,GALPI_V4,co,0.08830282174452783,0.2096519635358775
full_grid,MNAR 50%,GALPI_V4,no2,6.453886172980224,12.308917626724073
full_grid,MNAR 50%,GALPI_V4,o3,12.399081427862537,27.049192497847724
full_grid,MNAR 50%,GALPI_V4,pm10,5.59277801869536,16.615052450886505
full_grid,MNAR 50%,GALPI_V4,pm25,3.8230681861752953,7.380415853956355
full_grid,MNAR 50%,GALPI_V4,so2,1.237548645695681,7.987865567570997
full_grid,MNAR 50%,GALPI_V4,co,0.08929665141126719,0.2180383416192944
full_grid,MNAR 50%,GALPI_V4,no2,6.447095917566444,12.307992001525928
full_grid,MNAR 50%,GALPI_V4,o3,12.162206903782755,26.544065370106807
full_grid,MNAR 50%,GALPI_V4,pm10,5.527746315778854,15.648074383052023
full_grid,MNAR 50%,GALPI_V4,pm25,3.807836277360493,7.543649700402958
full_grid,MNAR 50%,GALPI_V4,so2,1.1162520113490113,7.155541935775778
full_grid,MNAR 50%,GALPI_V4,co,0.08811350989549951,0.20821191522521143
full_grid,MNAR 50%,GALPI_V4,no2,6.4395383767726555,12.20236894508117
full_grid,MNAR 50%,GALPI_V4,o3,12.237761543906947,26.659244067784876
full_grid,MNAR 50%,GALPI_V4,pm10,5.585539834517071,15.745692049119485
full_grid,MNAR 50%,GALPI_V4,pm25,3.7860988113459983,7.570829511125609
full_grid,MNAR 50%,GALPI_V4,so2,1.1099893528728848,7.170946706965193
full_grid,MNAR 50%,GALPI_V4,co,0.08818663453758945,0.20943354753980908
full_grid,MNAR 50%,GALPI_V4,no2,6.426539804398189,12.312241233580659
full_grid,MNAR 50%,GALPI_V4,o3,12.071992376654327,26.416179012006552
full_grid,MNAR 50%,GALPI_V4,pm10,5.485294565552896,14.99546794954121
full_grid,MNAR 50%,GALPI_V4,pm25,3.8299996537563157,7.804786714165439
full_grid,MNAR 50%,GALPI_V4,so2,1.124702676132167,7.2812850014739094
full_grid,MNAR 50%,GALPI_V4,co,0.08892655445233315,0.215266349662682
full_grid,MNAR 50%,GALPI_V4,no2,6.532481677911572,12.531266657782048
full_grid,MNAR 50%,GALPI_V4,o3,12.487360902904234,27.323358010432937
full_grid,MNAR 50%,GALPI_V4,pm10,5.614563798041752,16.22807279423745
full_grid,MNAR 50%,GALPI_V4,pm25,3.803593968734714,7.126465952776241
full_grid,MNAR 50%,GALPI_V4,so2,1.1760034384244926,7.795776022702438
full_grid,MNAR 50%,GALPI_V4,co,0.08936301841119904,0.21315899848724928
full_grid,MNAR 50%,GALPI_V4,no2,6.4313717239008,12.281029319606233
full_grid,MNAR 50%,GALPI_V4,o3,12.22831050081512,26.73219824398301
full_grid,MNAR 50%,GALPI_V4,pm10,5.573999691687771,16.26216778864014
full_grid,MNAR 50%,GALPI_V4,pm25,3.7992014060284367,7.894070674398294
full_grid,MNAR 50%,GALPI_V4,so2,1.1048279685079216,6.279741732188939
full_grid,MNAR 50%,GALPI_V4,co,0.08767740105833771,0.20777861936078756
full_grid,MNAR 50%,GALPI_V4,no2,6.422722398060151,12.260889358621585
full_grid,MNAR 50%,GALPI_V4,o3,12.25964824010047,26.84013026805416
full_grid,MNAR 50%,GALPI_V4,pm10,5.499729383582568,15.158366804082144
full_grid,MNAR 50%,GALPI_V4,pm25,3.8717602131503757,7.956464976021559
full_grid,MNAR 50%,GALPI_V4,so2,1.1519329607219935,7.666133111990231
full_grid,MNAR 50%,GALPI_V5,co,0.08575849409888635,0.20075859706710997
full_grid,MNAR 50%,GALPI_V5,no2,5.780487220560134,10.129148181795507
full_grid,MNAR 50%,GALPI_V5,o3,8.632295471369416,17.244318062642908
full_grid,MNAR 50%,GALPI_V5,pm10,4.904565332218153,10.58158073435541
full_grid,MNAR 50%,GALPI_V5,pm25,3.7127858664812936,6.6954531218742
full_grid,MNAR 50%,GALPI_V5,so2,1.1163696315155893,6.528983462167137
full_grid,MNAR 50%,GALPI_V5,co,0.08611054096509987,0.20313092014315645
full_grid,MNAR 50%,GALPI_V5,no2,5.758072882568026,10.270141460775646
full_grid,MNAR 50%,GALPI_V5,o3,8.448049534955771,16.260999431315714
full_grid,MNAR 50%,GALPI_V5,pm10,5.163532329349529,13.477023707467083
full_grid,MNAR 50%,GALPI_V5,pm25,3.720939520675401,6.772392237901472
full_grid,MNAR 50%,GALPI_V5,so2,1.0440598721947585,6.127557922623237
full_grid,MNAR 50%,GALPI_V5,co,0.08699856399138797,0.2068000390400283
full_grid,MNAR 50%,GALPI_V5,no2,5.74671365219711,10.134325902217293
full_grid,MNAR 50%,GALPI_V5,o3,8.47346169485901,16.419953976153586
full_grid,MNAR 50%,GALPI_V5,pm10,5.075579524330509,12.492664469980589
full_grid,MNAR 50%,GALPI_V5,pm25,3.7061428381471875,6.871274541098811
full_grid,MNAR 50%,GALPI_V5,so2,1.1162520113490113,7.155541935775778
full_grid,MNAR 50%,GALPI_V5,co,0.08680333234240477,0.2069759073825727
full_grid,MNAR 50%,GALPI_V5,no2,5.815327641866615,10.356736307372191
full_grid,MNAR 50%,GALPI_V5,o3,8.626207233864596,16.93481361303504
full_grid,MNAR 50%,GALPI_V5,pm10,5.109747830322043,12.942672131593284
full_grid,MNAR 50%,GALPI_V5,pm25,3.7111455537168676,6.548652378025873
full_grid,MNAR 50%,GALPI_V5,so2,1.1760034384244926,7.795776022702438
full_grid,MNAR 50%,GALPI_V5,co,0.08643976220951158,0.20405894776999603
full_grid,MNAR 50%,GALPI_V5,no2,5.7795653902826665,10.249074994287362
full_grid,MNAR 50%,GALPI_V5,o3,8.342848296565288,15.750844116886839
full_grid,MNAR 50%,GALPI_V5,pm10,4.951587952222705,11.102178100809164
full_grid,MNAR 50%,GALPI_V5,pm25,3.706109796146185,6.897076690890284
full_grid,MNAR 50%,GALPI_V5,so2,1.124702676132167,7.2812850014739094
full_grid,MNAR 50%,GALPI_V5,co,0.08702898130423412,0.20816582814746937
full_grid,MNAR 50%,GALPI_V5,no2,5.735241096988299,10.08231879001016
full_grid,MNAR 50%,GALPI_V5,o3,8.694595104557022,17.044076052790444
full_grid,MNAR 50%,GALPI_V5,pm10,4.893493451495221,10.357317776327012
full_grid,MNAR 50%,GALPI_V5,pm25,3.722181200020873,6.6095978649983556
full_grid,MNAR 50%,GALPI_V5,so2,1.0569664061722726,6.347415686985092
full_grid,MNAR 50%,GALPI_V5,co,0.08681622353909359,0.20407267899447917
full_grid,MNAR 50%,GALPI_V5,no2,5.733066104562014,10.166776333847366
full_grid,MNAR 50%,GALPI_V5,o3,8.566657343104232,16.85677704718629
full_grid,MNAR 50%,GALPI_V5,pm10,4.937300645465017,11.376810237713215
full_grid,MNAR 50%,GALPI_V5,pm25,3.7301093806200263,7.309546553373296
full_grid,MNAR 50%,GALPI_V5,so2,1.0792463248657822,6.210726424515103
full_grid,MNAR 50%,GALPI_V5,co,0.08582711339835894,0.20416467487896967
full_grid,MNAR 50%,GALPI_V5,no2,5.77085781899636,10.280181360296925
full_grid,MNAR 50%,GALPI_V5,o3,8.623363724985596,16.94319561050113
full_grid,MNAR 50%,GALPI_V5,pm10,5.092086262550706,12.941768730113967
full_grid,MNAR 50%,GALPI_V5,pm25,3.6861635054282775,6.5016720593567685
full_grid,MNAR 50%,GALPI_V5,so2,1.1395446007351793,6.491353646135584
full_grid,MNAR 50%,GALPI_V5,co,0.08595685099300944,0.2000950102722605
full_grid,MNAR 50%,GALPI_V5,no2,5.764651233145893,10.216810091055187
full_grid,MNAR 50%,GALPI_V5,o3,8.547607176380135,16.616627496425913
full_grid,MNAR 50%,GALPI_V5,pm10,5.044844315861065,12.250974443459663
full_grid,MNAR 50%,GALPI_V5,pm25,3.7607097706650947,7.295099449450252
full_grid,MNAR 50%,GALPI_V5,so2,1.1519329607219935,7.666133111990231
full_grid,MNAR 50%,GALPI_V5,co,0.08672241445137996,0.20520376368900095
full_grid,MNAR 50%,GALPI_V5,no2,5.740033667190512,10.127251401206077
full_grid,MNAR 50%,GALPI_V5,o3,8.478088621553201,16.376908632533357
full_grid,MNAR 50%,GALPI_V5,pm10,5.03959585463988,12.525268273948349
full_grid,MNAR 50%,GALPI_V5,pm25,3.708119967435024,6.9166507661949925
full_grid,MNAR 50%,GALPI_V5,so2,1.1600519269575076,6.683356826718164
full_grid,MNAR 50%,GALPI_V5,co,0.08644738941931213,0.20218523507322084
full_grid,MNAR 50%,GALPI_V5,no2,5.737241790690529,10.078967006935855
full_grid,MNAR 50%,GALPI_V5,o3,8.46108843739029,16.210152072996905
full_grid,MNAR 50%,GALPI_V5,pm10,5.116013943954266,12.578852787465706
full_grid,MNAR 50%,GALPI_V5,pm25,3.664796277017519,6.718650769220875
full_grid,MNAR 50%,GALPI_V5,so2,1.1099893528728848,7.170946706965193
full_grid,MNAR 50%,GALPI_V5,co,0.08635625227516235,0.2015812486899905
full_grid,MNAR 50%,GALPI_V5,no2,5.741113617322342,10.141447830062472
full_grid,MNAR 50%,GALPI_V5,o3,8.439896040264204,16.46073629443841
full_grid,MNAR 50%,GALPI_V5,pm10,5.108760197340755,13.055069233630036
full_grid,MNAR 50%,GALPI_V5,pm25,3.6867606990108777,6.781617854040881
full_grid,MNAR 50%,GALPI_V5,so2,1.0770364146850713,6.14620235377179
full_grid,MNAR 50%,GALPI_V5,co,0.08645924491798745,0.2054029290562564
full_grid,MNAR 50%,GALPI_V5,no2,5.786644978206923,10.238303237184853
full_grid,MNAR 50%,GALPI_V5,o3,8.488562550562474,16.42482413194653
full_grid,MNAR 50%,GALPI_V5,pm10,5.053848565691581,11.984667043904448
full_grid,MNAR 50%,GALPI_V5,pm25,3.716074453924051,6.6363310936652855
full_grid,MNAR 50%,GALPI_V5,so2,1.0930864824458975,5.842098715612271
full_grid,MNAR 50%,GALPI_V5,co,0.08645769058780395,0.2028417526439585
full_grid,MNAR 50%,GALPI_V5,no2,5.777358647776263,10.213646316703281
full_grid,MNAR 50%,GALPI_V5,o3,8.649306401245756,16.960995347468263
full_grid,MNAR 50%,GALPI_V5,pm10,5.156127708135774,13.695805221474913
full_grid,MNAR 50%,GALPI_V5,pm25,3.7203178296962713,6.784894612294969
full_grid,MNAR 50%,GALPI_V5,so2,1.2206924655906486,7.798348174759075
full_grid,MNAR 50%,GALPI_V5,co,0.08758439318425362,0.20531352684056814
full_grid,MNAR 50%,GALPI_V5,no2,5.744700478325638,10.1317748074788
full_grid,MNAR 50%,GALPI_V5,o3,8.38907962456873,15.950600681802031
full_grid,MNAR 50%,GALPI_V5,pm10,5.131981734558895,13.019807145198472
full_grid,MNAR 50%,GALPI_V5,pm25,3.699426370278972,7.139615100553461
full_grid,MNAR 50%,GALPI_V5,so2,1.1048279685079216,6.279741732188939
full_grid,MNAR 50%,GALPI_V5,co,0.08627464720967161,0.20306277433073905
full_grid,MNAR 50%,GALPI_V5,no2,5.768635827605219,10.296350734205703
full_grid,MNAR 50%,GALPI_V5,o3,8.651526272176405,17.144040082367837
full_grid,MNAR 50%,GALPI_V5,pm10,5.030226488618559,12.118510265608101
full_grid,MNAR 50%,GALPI_V5,pm25,3.727377690438912,6.940135772817935
full_grid,MNAR 50%,GALPI_V5,so2,1.1451066847667357,7.318476386035193
full_grid,MNAR 50%,GALPI_V5,co,0.08695595597892959,0.20420358003378417
full_grid,MNAR 50%,GALPI_V5,no2,5.7536844702331456,10.145119107373805
full_grid,MNAR 50%,GALPI_V5,o3,8.452366135003725,16.20170948011083
full_grid,MNAR 50%,GALPI_V5,pm10,5.058847006732094,12.724286254744436
full_grid,MNAR 50%,GALPI_V5,pm25,3.70269501744219,6.678569692694442
full_grid,MNAR 50%,GALPI_V5,so2,1.1171918796622096,7.316514584744357
full_grid,MNAR 50%,GALPI_V5,co,0.08649499966697924,0.20422662525744542
full_grid,MNAR 50%,GALPI_V5,no2,5.745508866240229,10.102743977048029
full_grid,MNAR 50%,GALPI_V5,o3,8.663518098199308,17.192226286341285
full_grid,MNAR 50%,GALPI_V5,pm10,5.00927903618715,11.142093124491202
full_grid,MNAR 50%,GALPI_V5,pm25,3.7141074532023333,7.057104496583779
full_grid,MNAR 50%,GALPI_V5,so2,1.1543905066635403,7.393428357447974
full_grid,MNAR 50%,GALPI_V5,co,0.08587436918026761,0.19761838793146186
full_grid,MNAR 50%,GALPI_V5,no2,5.731594507367528,9.988316781202112
full_grid,MNAR 50%,GALPI_V5,o3,8.545488832516675,16.56374598877518
full_grid,MNAR 50%,GALPI_V5,pm10,4.9852259638641,11.422723685308105
full_grid,MNAR 50%,GALPI_V5,pm25,3.775677592549827,7.016885088237164
full_grid,MNAR 50%,GALPI_V5,so2,1.117033923824488,5.9912393202372005
full_grid,MNAR 50%,GALPI_V5,co,0.08593136722196641,0.2021935483999514
full_grid,MNAR 50%,GALPI_V5,no2,5.735516282371155,10.119705015997681
full_grid,MNAR 50%,GALPI_V5,o3,8.58191276997935,16.823489973690073
full_grid,MNAR 50%,GALPI_V5,pm10,5.138950123581029,13.549094615619293
full_grid,MNAR 50%,GALPI_V5,pm25,3.7205052849933513,6.645786883983282
full_grid,MNAR 50%,GALPI_V5,so2,1.131066814245541,6.558210726814302
full_grid,MNAR 50%,GALPI_V6,co,0.08824670024767388,0.20851235536395207
full_grid,MNAR 50%,GALPI_V6,no2,6.30170208148542,11.83390780612645
full_grid,MNAR 50%,GALPI_V6,o3,11.308777953175321,24.04087835097285
full_grid,MNAR 50%,GALPI_V6,pm10,5.3902759842448855,14.89911930468369
full_grid,MNAR 50%,GALPI_V6,pm25,3.8015179831096417,7.244970503426603
full_grid,MNAR 50%,GALPI_V6,so2,1.1171918796622096,7.316514584744357
full_grid,MNAR 50%,GALPI_V6,co,0.08814015195557422,0.2099974329016301
full_grid,MNAR 50%,GALPI_V6,no2,6.253541373371432,11.712862378546046
full_grid,MNAR 50%,GALPI_V6,o3,11.538092553143702,24.768169562493107
full_grid,MNAR 50%,GALPI_V6,pm10,5.326442829728004,13.370362416539272
full_grid,MNAR 50%,GALPI_V6,pm25,3.7925671767963283,7.4332693103194325
full_grid,MNAR 50%,GALPI_V6,so2,1.1543905066635403,7.393428357447974
full_grid,MNAR 50%,GALPI_V6,co,0.08788323185954582,0.20812726516834013
full_grid,MNAR 50%,GALPI_V6,no2,6.260115711038093,11.795372350259461
full_grid,MNAR 50%,GALPI_V6,o3,11.08586807752853,23.6475011870233
full_grid,MNAR 50%,GALPI_V6,pm10,5.357485519684034,13.765922097917056
full_grid,MNAR 50%,GALPI_V6,pm25,3.803009237095598,7.529876390848512
full_grid,MNAR 50%,GALPI_V6,so2,1.124702676132167,7.2812850014739094
full_grid,MNAR 50%,GALPI_V6,co,0.08759709136978679,0.20825322398325627
full_grid,MNAR 50%,GALPI_V6,no2,6.309941824893752,11.947401972569146
full_grid,MNAR 50%,GALPI_V6,o3,11.190239625946775,24.034634465730473
full_grid,MNAR 50%,GALPI_V6,pm10,5.543907385996105,15.872350565205583
full_grid,MNAR 50%,GALPI_V6,pm25,3.782598642040038,7.1950563512513375
full_grid,MNAR 50%,GALPI_V6,so2,1.0440598721947585,6.127557922623237
full_grid,MNAR 50%,GALPI_V6,co,0.0879771658821019,0.20802961196004888
full_grid,MNAR 50%,GALPI_V6,no2,6.260760501980795,11.701487153087069
full_grid,MNAR 50%,GALPI_V6,o3,10.983414616726026,23.35459588065463
full_grid,MNAR 50%,GALPI_V6,pm10,5.4560136686021465,15.108343296470101
full_grid,MNAR 50%,GALPI_V6,pm25,3.749255253174987,7.344691991771737
full_grid,MNAR 50%,GALPI_V6,so2,1.0770364146850713,6.14620235377179
full_grid,MNAR 50%,GALPI_V6,co,0.08711548273061155,0.2100260538614735
full_grid,MNAR 50%,GALPI_V6,no2,6.268736212636578,11.780783349067518
full_grid,MNAR 50%,GALPI_V6,o3,11.40249268514115,24.397153577863907
full_grid,MNAR 50%,GALPI_V6,pm10,5.3995071453090215,14.830723070176449
full_grid,MNAR 50%,GALPI_V6,pm25,3.7861451209199863,7.24009634282155
full_grid,MNAR 50%,GALPI_V6,so2,1.1395446007351793,6.491353646135584
full_grid,MNAR 50%,GALPI_V6,co,0.08884257888148762,0.21482658352089332
full_grid,MNAR 50%,GALPI_V6,no2,6.28170912985114,11.786704884488962
full_grid,MNAR 50%,GALPI_V6,o3,11.301614169045154,24.17014761887411
full_grid,MNAR 50%,GALPI_V6,pm10,5.395864714603956,14.723709953811186
full_grid,MNAR 50%,GALPI_V6,pm25,3.7905352833831727,7.403078700301034
full_grid,MNAR 50%,GALPI_V6,so2,1.1600519269575076,6.683356826718164
full_grid,MNAR 50%,GALPI_V6,co,0.08692974163129788,0.200520432849069
full_grid,MNAR 50%,GALPI_V6,no2,6.253780956361095,11.5991747446829
full_grid,MNAR 50%,GALPI_V6,o3,11.28367816307177,24.096394069724756
full_grid,MNAR 50%,GALPI_V6,pm10,5.308349807376562,13.633184340815317
full_grid,MNAR 50%,GALPI_V6,pm25,3.8709457519332835,7.793117810763748
full_grid,MNAR 50%,GALPI_V6,so2,1.117033923824488,5.9912393202372005
full_grid,MNAR 50%,GALPI_V6,co,0.08818455642176301,0.21192968817497454
full_grid,MNAR 50%,GALPI_V6,no2,6.313760019410168,11.793531113871902
full_grid,MNAR 50%,GALPI_V6,o3,11.210948879167717,23.994037539791236
full_grid,MNAR 50%,GALPI_V6,pm10,5.408008074716587,14.331638743208273
full_grid,MNAR 50%,GALPI_V6,pm25,3.798653530730291,7.104426059899737
full_grid,MNAR 50%,GALPI_V6,so2,1.0930864824458975,5.842098715612271
full_grid,MNAR 50%,GALPI_V6,co,0.08861462531159911,0.21521169550603939
full_grid,MNAR 50%,GALPI_V6,no2,6.250657510685856,11.63481500347312
full_grid,MNAR 50%,GALPI_V6,o3,11.524535375216063,24.731787244278873
full_grid,MNAR 50%,GALPI_V6,pm10,5.27591212633913,12.756305688804051
full_grid,MNAR 50%,GALPI_V6,pm25,3.822856181985252,7.626677003685657
full_grid,MNAR 50%,GALPI_V6,so2,1.0569664061722726,6.347415686985092
full_grid,MNAR 50%,GALPI_V6,co,0.08724208688678467,0.20777054526194816
full_grid,MNAR 50%,GALPI_V6,no2,6.259863197222481,11.730251095030903
full_grid,MNAR 50%,GALPI_V6,o3,11.25916149402768,24.20006780449054
full_grid,MNAR 50%,GALPI_V6,pm10,5.564646720086318,16.1856888267768
full_grid,MNAR 50%,GALPI_V6,pm25,3.8076724901942116,7.447429887866395
full_grid,MNAR 50%,GALPI_V6,so2,1.131066814245541,6.558210726814302
full_grid,MNAR 50%,GALPI_V6,co,0.08776576083706052,0.20910518070129305
full_grid,MNAR 50%,GALPI_V6,no2,6.281204758301832,11.713083728131881
full_grid,MNAR 50%,GALPI_V6,o3,11.469261769927698,24.59561613565739
full_grid,MNAR 50%,GALPI_V6,pm10,5.412407550884471,14.703650880389231
full_grid,MNAR 50%,GALPI_V6,pm25,3.8303320582642253,7.780989008261189
full_grid,MNAR 50%,GALPI_V6,so2,1.1451066847667357,7.318476386035193
full_grid,MNAR 50%,GALPI_V6,co,0.08903692766799352,0.21119733727802567
full_grid,MNAR 50%,GALPI_V6,no2,6.258142717971481,11.697570561919589
full_grid,MNAR 50%,GALPI_V6,o3,11.243636893741487,23.927726230564343
full_grid,MNAR 50%,GALPI_V6,pm10,5.445312692016904,15.121728615016936
full_grid,MNAR 50%,GALPI_V6,pm25,3.7797910854824113,7.6325690714767465
full_grid,MNAR 50%,GALPI_V6,so2,1.1048279685079216,6.279741732188939
full_grid,MNAR 50%,GALPI_V6,co,0.08795448314888912,0.20758231313848444
full_grid,MNAR 50%,GALPI_V6,no2,6.25999866380189,11.64473427298852
full_grid,MNAR 50%,GALPI_V6,o3,11.302406937804621,24.126677780167903
full_grid,MNAR 50%,GALPI_V6,pm10,5.461857728655352,14.677440926268847
full_grid,MNAR 50%,GALPI_V6,pm25,3.7652324202134193,7.424154342448457
full_grid,MNAR 50%,GALPI_V6,so2,1.1099893528728848,7.170946706965193
full_grid,MNAR 50%,GALPI_V6,co,0.08724095255541635,0.20636014643852826
full_grid,MNAR 50%,GALPI_V6,no2,6.207598757948065,11.397414320353112
full_grid,MNAR 50%,GALPI_V6,o3,11.418135118249756,24.674794027250595
full_grid,MNAR 50%,GALPI_V6,pm10,5.27684740379399,13.054933438807476
full_grid,MNAR 50%,GALPI_V6,pm25,3.798821620183853,7.346042487003797
full_grid,MNAR 50%,GALPI_V6,so2,1.123723507835916,6.5825123314083696
full_grid,MNAR 50%,GALPI_V6,co,0.08739074928975782,0.20600010600144097
full_grid,MNAR 50%,GALPI_V6,no2,6.255632076201912,11.709067896510488
full_grid,MNAR 50%,GALPI_V6,o3,11.327497817066234,24.30901009193591
full_grid,MNAR 50%,GALPI_V6,pm10,5.382350403248071,14.188316068024621
full_grid,MNAR 50%,GALPI_V6,pm25,3.8435247100954615,7.747717875228501
full_grid,MNAR 50%,GALPI_V6,so2,1.1519329607219935,7.666133111990231
full_grid,MNAR 50%,GALPI_V6,co,0.08795467771390372,0.20803751680022234
full_grid,MNAR 50%,GALPI_V6,no2,6.267963467066554,11.717446234635347
full_grid,MNAR 50%,GALPI_V6,o3,11.46822236292672,24.55509002192511
full_grid,MNAR 50%,GALPI_V6,pm10,5.495620444285894,15.654168849311795
full_grid,MNAR 50%,GALPI_V6,pm25,3.791742506090865,7.169464658636116
full_grid,MNAR 50%,GALPI_V6,so2,1.2348465057471276,7.945782034079964
full_grid,MNAR 50%,GALPI_V6,co,0.08797063364123509,0.20777502843795975
full_grid,MNAR 50%,GALPI_V6,no2,6.222915494439574,11.651420201529222
full_grid,MNAR 50%,GALPI_V6,o3,11.351553592217659,24.159347384997456
full_grid,MNAR 50%,GALPI_V6,pm10,5.265502691431004,13.64345270270842
full_grid,MNAR 50%,GALPI_V6,pm25,3.8361120694916147,8.335654006942619
full_grid,MNAR 50%,GALPI_V6,so2,1.0792463248657822,6.210726424515103
full_grid,MNAR 50%,GALPI_V6,co,0.08854348265449509,0.21375129417802485
full_grid,MNAR 50%,GALPI_V6,no2,6.3468495210572335,11.962645565304038
full_grid,MNAR 50%,GALPI_V6,o3,11.533501611257524,24.777710315268784
full_grid,MNAR 50%,GALPI_V6,pm10,5.500614745145287,15.266579781330021
full_grid,MNAR 50%,GALPI_V6,pm25,3.7931377668256925,6.989580574125464
full_grid,MNAR 50%,GALPI_V6,so2,1.1760034384244926,7.795776022702438
full_grid,MNAR 50%,GALPI_V6,co,0.08884721834082245,0.2153715720969484
full_grid,MNAR 50%,GALPI_V6,no2,6.261874297755187,11.735731595088895
full_grid,MNAR 50%,GALPI_V6,o3,11.221832950457868,23.969801659487636
full_grid,MNAR 50%,GALPI_V6,pm10,5.397017332084879,14.633717198029517
full_grid,MNAR 50%,GALPI_V6,pm25,3.792137401891568,7.454351774918545
full_grid,MNAR 50%,GALPI_V6,so2,1.1162520113490113,7.155541935775778
full_grid,MNAR 50%,galpi,co,0.08735907815447365,0.2063598098745142
full_grid,MNAR 50%,galpi,no2,6.050907768740959,11.103187527950938
full_grid,MNAR 50%,galpi,o3,9.663990752672776,19.206944265869414
full_grid,MNAR 50%,galpi,pm10,5.185310027295795,12.27104082594764
full_grid,MNAR 50%,galpi,pm25,3.762464728179113,7.210796212710369
full_grid,MNAR 50%,galpi,so2,1.124702676132167,7.2812850014739094
full_grid,MNAR 50%,galpi,co,0.08670112753213048,0.20746304319962272
full_grid,MNAR 50%,galpi,no2,6.026008730357315,10.991817048407585
full_grid,MNAR 50%,galpi,o3,9.929852351449295,20.05198158314072
full_grid,MNAR 50%,galpi,pm10,5.260286192876023,13.728202145572975
full_grid,MNAR 50%,galpi,pm25,3.7485214376781526,6.96064895570321
full_grid,MNAR 50%,galpi,so2,1.1395446007351793,6.491353646135584
full_grid,MNAR 50%,galpi,co,0.0867052190361096,0.19959987781407101
full_grid,MNAR 50%,galpi,no2,6.0502190898340995,10.912460180540771
full_grid,MNAR 50%,galpi,o3,9.846475800314902,19.857646508906676
full_grid,MNAR 50%,galpi,pm10,5.168614843993951,12.394461193356806
full_grid,MNAR 50%,galpi,pm25,3.8490961564040465,7.588067044329164
full_grid,MNAR 50%,galpi,so2,1.117033923824488,5.9912393202372005
full_grid,MNAR 50%,galpi,co,0.08784036443967026,0.20680601948653898
full_grid,MNAR 50%,galpi,no2,6.072942333940646,11.10439804665375
full_grid,MNAR 50%,galpi,o3,9.853230619296468,19.7152178170162
full_grid,MNAR 50%,galpi,pm10,5.268721380589839,13.896920797740558
full_grid,MNAR 50%,galpi,pm25,3.7723627485949853,7.048167799831351
full_grid,MNAR 50%,galpi,so2,1.1171918796622096,7.316514584744357
full_grid,MNAR 50%,galpi,co,0.08738727950362261,0.20557458514683008
full_grid,MNAR 50%,galpi,no2,6.071646130763557,11.069410463832838
full_grid,MNAR 50%,galpi,o3,10.008142963217233,20.22371616747228
full_grid,MNAR 50%,galpi,pm10,5.338252112670505,14.3381783882233
full_grid,MNAR 50%,galpi,pm25,3.7666079463651165,6.9800147926534395
full_grid,MNAR 50%,galpi,so2,1.2292678107175252,7.882915962972911
full_grid,MNAR 50%,galpi,co,0.08715153510051919,0.20644916775772157
full_grid,MNAR 50%,galpi,no2,6.0730567840338665,11.148505741626563
full_grid,MNAR 50%,galpi,o3,9.714783882744278,19.424314946779173
full_grid,MNAR 50%,galpi,pm10,5.373023701808449,14.4650277859008
full_grid,MNAR 50%,galpi,pm25,3.763477102564493,7.018925589581753
full_grid,MNAR 50%,galpi,so2,1.0440598721947585,6.127557922623237
full_grid,MNAR 50%,galpi,co,0.08674926086212618,0.2032198199874118
full_grid,MNAR 50%,galpi,no2,6.034711664505265,10.839038481958795
full_grid,MNAR 50%,galpi,o3,9.975322226861334,20.432774322328815
full_grid,MNAR 50%,galpi,pm10,5.1172964763131645,11.738035559231628
full_grid,MNAR 50%,galpi,pm25,3.7707749075488493,7.114985372570212
full_grid,MNAR 50%,galpi,so2,1.1195736213686203,6.552898331133323
full_grid,MNAR 50%,galpi,co,0.08751946233336641,0.20607130549110964
full_grid,MNAR 50%,galpi,no2,6.012460023759386,10.95311396606852
full_grid,MNAR 50%,galpi,o3,9.89166047505541,20.024935666745417
full_grid,MNAR 50%,galpi,pm10,5.1182886953814295,12.439202214808653
full_grid,MNAR 50%,galpi,pm25,3.8002894731158126,7.9202276283934605
full_grid,MNAR 50%,galpi,so2,1.0792463248657822,6.210726424515103
full_grid,MNAR 50%,galpi,co,0.08811412431203133,0.2125626287087334
full_grid,MNAR 50%,galpi,no2,6.035852137528504,10.934206027006635
full_grid,MNAR 50%,galpi,o3,10.03840948006165,20.35207200539528
full_grid,MNAR 50%,galpi,pm10,5.097669515719939,11.444138160925268
full_grid,MNAR 50%,galpi,pm25,3.796014568811293,7.229402055885301
full_grid,MNAR 50%,galpi,so2,1.0569664061722726,6.347415686985092
full_grid,MNAR 50%,galpi,co,0.08856270233211495,0.2086757469048119
full_grid,MNAR 50%,galpi,no2,6.0544551365675945,11.045179881878761
full_grid,MNAR 50%,galpi,o3,9.755628219189552,19.52016233502435
full_grid,MNAR 50%,galpi,pm10,5.280655826686533,13.719436663240089
full_grid,MNAR 50%,galpi,pm25,3.7530505642277117,7.413881436111176
full_grid,MNAR 50%,galpi,so2,1.1048279685079216,6.279741732188939
full_grid,MNAR 50%,galpi,co,0.08720394855327589,0.2063032327321155
full_grid,MNAR 50%,galpi,no2,6.071285620517663,11.077663855354022
full_grid,MNAR 50%,galpi,o3,10.00591395249645,20.380222258488747
full_grid,MNAR 50%,galpi,pm10,5.241731014242333,13.311026441339614
full_grid,MNAR 50%,galpi,pm25,3.796853946402345,7.454140066892018
full_grid,MNAR 50%,galpi,so2,1.1451066847667357,7.318476386035193
full_grid,MNAR 50%,galpi,co,0.08741069763587508,0.20566994209557934
full_grid,MNAR 50%,galpi,no2,6.049657379374875,11.011999154393653
full_grid,MNAR 50%,galpi,o3,9.650878494464436,19.44570968753873
full_grid,MNAR 50%,galpi,pm10,5.285421511444095,13.741215133213156
full_grid,MNAR 50%,galpi,pm25,3.73057937166349,7.141008356574192
full_grid,MNAR 50%,galpi,so2,1.0770364146850713,6.14620235377179
full_grid,MNAR 50%,galpi,co,0.08791441662449455,0.2106291275705917
full_grid,MNAR 50%,galpi,no2,6.133509983698833,11.32269315927938
full_grid,MNAR 50%,galpi,o3,10.029575744374673,20.429125932657524
full_grid,MNAR 50%,galpi,pm10,5.321686160373111,13.835527475923046
full_grid,MNAR 50%,galpi,pm25,3.7686803367020207,6.798689741989821
full_grid,MNAR 50%,galpi,so2,1.1760034384244926,7.795776022702438
full_grid,MNAR 50%,galpi,co,0.08694339610149074,0.203421832417353
full_grid,MNAR 50%,galpi,no2,6.033749896306743,10.969104448882542
full_grid,MNAR 50%,galpi,o3,9.89749416949985,19.943560864131623
full_grid,MNAR 50%,galpi,pm10,5.243831865213107,13.053568771391577
full_grid,MNAR 50%,galpi,pm25,3.8126667853364298,7.519038430400265
full_grid,MNAR 50%,galpi,so2,1.1519329607219935,7.666133111990231
full_grid,MNAR 50%,galpi,co,0.08828997592465176,0.21243501507420928
full_grid,MNAR 50%,galpi,no2,6.036943589460734,10.996989325824584
full_grid,MNAR 50%,galpi,o3,9.767614779119128,19.641160626226405
full_grid,MNAR 50%,galpi,pm10,5.239889380981218,13.253555913442565
full_grid,MNAR 50%,galpi,pm25,3.7653041845783495,7.226700840027533
full_grid,MNAR 50%,galpi,so2,1.1162520113490113,7.155541935775778
full_grid,MNAR 50%,galpi,co,0.08756181862750288,0.2086289636382435
full_grid,MNAR 50%,galpi,no2,6.078371482766964,11.0356152097802
full_grid,MNAR 50%,galpi,o3,9.705425943156586,19.389703854177355
full_grid,MNAR 50%,galpi,pm10,5.269125923724073,13.156038316554044
full_grid,MNAR 50%,galpi,pm25,3.773647394438506,6.910460381088575
full_grid,MNAR 50%,galpi,so2,1.0930864824458975,5.842098715612271
full_grid,MNAR 50%,galpi,co,0.08813375819918401,0.21083831767191807
full_grid,MNAR 50%,galpi,no2,6.056369600424418,11.016195781095826
full_grid,MNAR 50%,galpi,o3,9.830768785029436,19.813179291732055
full_grid,MNAR 50%,galpi,pm10,5.214359917845076,13.324338606808782
full_grid,MNAR 50%,galpi,pm25,3.764244746933164,7.168374628808067
full_grid,MNAR 50%,galpi,so2,1.1600519269575076,6.683356826718164
full_grid,MNAR 50%,galpi,co,0.08756141074984192,0.2078452474206727
full_grid,MNAR 50%,galpi,no2,6.0323524529189765,10.980447547605424
full_grid,MNAR 50%,galpi,o3,10.061322306435189,20.55192463335508
full_grid,MNAR 50%,galpi,pm10,5.210802474251656,12.345938772258169
full_grid,MNAR 50%,galpi,pm25,3.7673059901233645,7.28997437396929
full_grid,MNAR 50%,galpi,so2,1.1543905066635403,7.393428357447974
full_grid,MNAR 50%,galpi,co,0.08694683649614496,0.2060278265956328
full_grid,MNAR 50%,galpi,no2,6.041187104603565,10.995295692006826
full_grid,MNAR 50%,galpi,o3,9.83008994899661,19.923439030495857
full_grid,MNAR 50%,galpi,pm10,5.397021758162035,14.788421615674732
full_grid,MNAR 50%,galpi,pm25,3.7814323108697683,7.191175002715352
full_grid,MNAR 50%,galpi,so2,1.131066814245541,6.558210726814302
full_grid,MNAR 50%,galpi,co,0.0874221850081739,0.20556174514879588
full_grid,MNAR 50%,galpi,no2,6.047913546094157,10.937378952426675
full_grid,MNAR 50%,galpi,o3,9.804595450942198,19.611921262471874
full_grid,MNAR 50%,galpi,pm10,5.317062280142328,13.443936510609376
full_grid,MNAR 50%,galpi,pm25,3.725963038320505,7.146810093076707
full_grid,MNAR 50%,galpi,so2,1.1099893528728848,7.170946706965193
full_grid,MNAR 50%,linear_interpolation,co,0.08754545652408048,0.20519604406018183
full_grid,MNAR 50%,linear_interpolation,no2,5.711399334952766,10.023843232454373
full_grid,MNAR 50%,linear_interpolation,o3,7.963600347113357,13.511751503041383
full_grid,MNAR 50%,linear_interpolation,pm10,4.937384087025538,10.589779266188469
full_grid,MNAR 50%,linear_interpolation,pm25,3.696937821368512,7.134501308825384
full_grid,MNAR 50%,linear_interpolation,so2,1.1048279685079216,6.279741732188939
full_grid,MNAR 50%,linear_interpolation,co,0.08680046280361885,0.2029450942438768
full_grid,MNAR 50%,linear_interpolation,no2,5.712384286185411,9.969439298920651
full_grid,MNAR 50%,linear_interpolation,o3,7.978145907753942,13.548702094058287
full_grid,MNAR 50%,linear_interpolation,pm10,4.927697090720604,10.945817250883277
full_grid,MNAR 50%,linear_interpolation,pm25,3.7027980860635847,6.678771002803877
full_grid,MNAR 50%,linear_interpolation,so2,1.1171918796622096,7.316514584744357
full_grid,MNAR 50%,linear_interpolation,co,0.08605579876658749,0.2020652176514548
full_grid,MNAR 50%,linear_interpolation,no2,5.701693546663264,9.929615294736315
full_grid,MNAR 50%,linear_interpolation,o3,8.075436298656273,13.898023665162324
full_grid,MNAR 50%,linear_interpolation,pm10,4.898203124285237,10.45926080419638
full_grid,MNAR 50%,linear_interpolation,pm25,3.7152706166577056,6.873878343756591
full_grid,MNAR 50%,linear_interpolation,so2,1.1451066847667357,7.318476386035193
full_grid,MNAR 50%,linear_interpolation,co,0.08568382482984058,0.19990280953495415
full_grid,MNAR 50%,linear_interpolation,no2,5.75536039893691,10.042856162361412
full_grid,MNAR 50%,linear_interpolation,o3,8.02874663853671,13.699454713403014
full_grid,MNAR 50%,linear_interpolation,pm10,4.880193219398777,10.275663523230811
full_grid,MNAR 50%,linear_interpolation,pm25,3.711800793734983,6.692626755114758
full_grid,MNAR 50%,linear_interpolation,so2,1.1163696315155893,6.528983462167137
full_grid,MNAR 50%,linear_interpolation,co,0.08643976220951158,0.20405894776999603
full_grid,MNAR 50%,linear_interpolation,no2,5.746105380809433,10.086565142515767
full_grid,MNAR 50%,linear_interpolation,o3,7.882725893766065,13.215406702694755
full_grid,MNAR 50%,linear_interpolation,pm10,4.866352664706256,10.304113922796764
full_grid,MNAR 50%,linear_interpolation,pm25,3.706109796146185,6.897076690890284
full_grid,MNAR 50%,linear_interpolation,so2,1.124702676132167,7.2812850014739094
full_grid,MNAR 50%,linear_interpolation,co,0.08611054096509987,0.20313092014315645
full_grid,MNAR 50%,linear_interpolation,no2,5.703675734062808,10.050989324537621
full_grid,MNAR 50%,linear_interpolation,o3,7.924053215852415,13.36341558730622
full_grid,MNAR 50%,linear_interpolation,pm10,5.0160710722750235,11.397209935179461
full_grid,MNAR 50%,linear_interpolation,pm25,3.720939520675401,6.772392237901472
full_grid,MNAR 50%,linear_interpolation,so2,1.0440598721947585,6.127557922623237
full_grid,MNAR 50%,linear_interpolation,co,0.08583616799967725,0.2011819159626909
full_grid,MNAR 50%,linear_interpolation,no2,5.70910887214796,9.980510125604908
full_grid,MNAR 50%,linear_interpolation,o3,8.02507412550726,13.664117122914824
full_grid,MNAR 50%,linear_interpolation,pm10,4.966144050447772,11.091700026376909
full_grid,MNAR 50%,linear_interpolation,pm25,3.7205052849933513,6.645786883983282
full_grid,MNAR 50%,linear_interpolation,so2,1.131066814245541,6.558210726814302
full_grid,MNAR 50%,linear_interpolation,co,0.08692638579086197,0.2063757326157021
full_grid,MNAR 50%,linear_interpolation,no2,5.716149064396016,9.998612667991662
full_grid,MNAR 50%,linear_interpolation,o3,7.975981203498454,13.571990725249417
full_grid,MNAR 50%,linear_interpolation,pm10,4.94289590706095,10.776021926929523
full_grid,MNAR 50%,linear_interpolation,pm25,3.7061428381471875,6.871274541098811
full_grid,MNAR 50%,linear_interpolation,so2,1.1162520113490113,7.155541935775778
full_grid,MNAR 50%,linear_interpolation,co,0.08695023892578317,0.2074057932251568
full_grid,MNAR 50%,linear_interpolation,no2,5.680596418917032,9.869996841730686
full_grid,MNAR 50%,linear_interpolation,o3,8.091756125891276,13.869542510722889
full_grid,MNAR 50%,linear_interpolation,pm10,4.863007862308861,10.034518004694528
full_grid,MNAR 50%,linear_interpolation,pm25,3.722181200020873,6.6095978649983556
full_grid,MNAR 50%,linear_interpolation,so2,1.0569664061722726,6.347415686985092
full_grid,MNAR 50%,linear_interpolation,co,0.08645455325404154,0.20283222112772775
full_grid,MNAR 50%,linear_interpolation,no2,5.7575782377229086,10.133952502470612
full_grid,MNAR 50%,linear_interpolation,o3,8.078022343947882,13.694487660361798
full_grid,MNAR 50%,linear_interpolation,pm10,4.998108472280742,11.565507118639298
full_grid,MNAR 50%,linear_interpolation,pm25,3.71578909447496,6.772720395607913
full_grid,MNAR 50%,linear_interpolation,so2,1.2206924655906486,7.798348174759075
full_grid,MNAR 50%,linear_interpolation,co,0.08671917069287163,0.2065225165932261
full_grid,MNAR 50%,linear_interpolation,no2,5.750815803527939,10.095601431404146
full_grid,MNAR 50%,linear_interpolation,o3,8.063481775401298,13.80907334399982
full_grid,MNAR 50%,linear_interpolation,pm10,4.9414157423049385,10.614486251595137
full_grid,MNAR 50%,linear_interpolation,pm25,3.711441748097085,6.549752441898686
full_grid,MNAR 50%,linear_interpolation,so2,1.1760034384244926,7.795776022702438
full_grid,MNAR 50%,linear_interpolation,co,0.08630820769822177,0.20295477151158137
full_grid,MNAR 50%,linear_interpolation,no2,5.690772535542392,9.88179923278664
full_grid,MNAR 50%,linear_interpolation,o3,8.079349191348133,13.822926670408705
full_grid,MNAR 50%,linear_interpolation,pm10,4.956327740126153,10.540225628619062
full_grid,MNAR 50%,linear_interpolation,pm25,3.7099115848821214,6.954704873216461
full_grid,MNAR 50%,linear_interpolation,so2,1.1543905066635403,7.393428357447974
full_grid,MNAR 50%,linear_interpolation,co,0.08656036576084424,0.20447592799618242
full_grid,MNAR 50%,linear_interpolation,no2,5.692837889578955,9.934099551407765
full_grid,MNAR 50%,linear_interpolation,o3,8.010861374479939,13.720908173521996
full_grid,MNAR 50%,linear_interpolation,pm10,4.8889372573995,10.690464570335111
full_grid,MNAR 50%,linear_interpolation,pm25,3.706800301975468,6.9150687251280125
full_grid,MNAR 50%,linear_interpolation,so2,1.1600519269575076,6.683356826718164
full_grid,MNAR 50%,linear_interpolation,co,0.08647828854358466,0.2021902199573373
full_grid,MNAR 50%,linear_interpolation,no2,5.707085936795321,9.959920603213002
full_grid,MNAR 50%,linear_interpolation,o3,7.960170590298383,13.396111221305976
full_grid,MNAR 50%,linear_interpolation,pm10,4.971076295260899,10.362294473787811
full_grid,MNAR 50%,linear_interpolation,pm25,3.664155323798054,6.716592024433308
full_grid,MNAR 50%,linear_interpolation,so2,1.1099893528728848,7.170946706965193
full_grid,MNAR 50%,linear_interpolation,co,0.08587436918026761,0.19761838793146186
full_grid,MNAR 50%,linear_interpolation,no2,5.698964922113393,9.880129592170803
full_grid,MNAR 50%,linear_interpolation,o3,8.015904528291852,13.666438761784894
full_grid,MNAR 50%,linear_interpolation,pm10,4.907245394544234,10.507589946582248
full_grid,MNAR 50%,linear_interpolation,pm25,3.7756775925498274,7.016885088237164
full_grid,MNAR 50%,linear_interpolation,so2,1.117033923824488,5.9912393202372005
full_grid,MNAR 50%,linear_interpolation,co,0.08634930070500861,0.20157801195275296
full_grid,MNAR 50%,linear_interpolation,no2,5.699487632014406,9.97055078664819
full_grid,MNAR 50%,linear_interpolation,o3,7.927153955678836,13.516523974979481
full_grid,MNAR 50%,linear_interpolation,pm10,4.989053436016924,11.225242203278668
full_grid,MNAR 50%,linear_interpolation,pm25,3.6867606990108777,6.781617854040881
full_grid,MNAR 50%,linear_interpolation,so2,1.0770364146850713,6.14620235377179
full_grid,MNAR 50%,linear_interpolation,co,0.08583853056996364,0.19913653214345306
full_grid,MNAR 50%,linear_interpolation,no2,5.729839217542888,10.062229326366344
full_grid,MNAR 50%,linear_interpolation,o3,8.0039801309501,13.609392790720216
full_grid,MNAR 50%,linear_interpolation,pm10,4.921213016724367,10.59250644852074
full_grid,MNAR 50%,linear_interpolation,pm25,3.7607097706650947,7.295099449450252
full_grid,MNAR 50%,linear_interpolation,so2,1.1519329607219935,7.666133111990231
full_grid,MNAR 50%,linear_interpolation,co,0.08640864766801759,0.20526815326489284
full_grid,MNAR 50%,linear_interpolation,no2,5.744775716273995,10.034667742144238
full_grid,MNAR 50%,linear_interpolation,o3,7.978380044232369,13.631461805896107
full_grid,MNAR 50%,linear_interpolation,pm10,4.943366329253337,10.705002938704101
full_grid,MNAR 50%,linear_interpolation,pm25,3.716074453924051,6.6363310936652855
full_grid,MNAR 50%,linear_interpolation,so2,1.0930864824458975,5.842098715612271
full_grid,MNAR 50%,linear_interpolation,co,0.08681622353909359,0.20407267899447917
full_grid,MNAR 50%,linear_interpolation,no2,5.684812813562819,9.982486482018507
full_grid,MNAR 50%,linear_interpolation,o3,8.020056962314664,13.72658695545448
full_grid,MNAR 50%,linear_interpolation,pm10,4.904709948005523,11.068350783728272
full_grid,MNAR 50%,linear_interpolation,pm25,3.712187072177177,7.024175943333397
full_grid,MNAR 50%,linear_interpolation,so2,1.0792463248657822,6.210726424515103
full_grid,MNAR 50%,linear_interpolation,co,0.0858241375393595,0.2041637799440344
full_grid,MNAR 50%,linear_interpolation,no2,5.712182547006355,9.99075198166987
full_grid,MNAR 50%,linear_interpolation,o3,8.031897429760523,13.666495723788625
full_grid,MNAR 50%,linear_interpolation,pm10,4.953387318060789,10.886271621814823
full_grid,MNAR 50%,linear_interpolation,pm25,3.686163505428278,6.5016720593567685
full_grid,MNAR 50%,linear_interpolation,so2,1.1395446007351793,6.491353646135584
